2025-04-30 15:05:21,176 - INFO - Reading match links from CSV file: cricbuzz_matches.csv
2025-04-30 15:05:21,176 - INFO - Read 70 match links from CSV.
2025-04-30 15:05:21,176 - INFO - Fetching scorecard link from: https://www.cricbuzz.com/cricket-scores/114960/kkr-vs-rcb-1st-match-indian-premier-league-2025
2025-04-30 15:05:21,566 - INFO - Found scorecard link: https://www.cricbuzz.com/live-cricket-scorecard/114960/kkr-vs-rcb-1st-match-indian-premier-league-2025
2025-04-30 15:05:21,569 - INFO - Scraping scorecard from: https://www.cricbuzz.com/live-cricket-scorecard/114960/kkr-vs-rcb-1st-match-indian-premier-league-2025
2025-04-30 15:05:21,807 - INFO - Successfully scraped scorecard from: https://www.cricbuzz.com/live-cricket-scorecard/114960/kkr-vs-rcb-1st-match-indian-premier-league-2025
2025-04-30 15:05:23,822 - INFO - Fetching scorecard link from: https://www.cricbuzz.com/cricket-scores/114967/srh-vs-rr-2nd-match-indian-premier-league-2025
2025-04-30 15:05:24,151 - INFO - Found scorecard link: https://www.cricbuzz.com/live-cricket-scorecard/114967/srh-vs-rr-2nd-match-indian-premier-league-2025
2025-04-30 15:05:24,152 - INFO - Scraping scorecard from: https://www.cricbuzz.com/live-cricket-scorecard/114967/srh-vs-rr-2nd-match-indian-premier-league-2025
2025-04-30 15:05:24,451 - INFO - Successfully scraped scorecard from: https://www.cricbuzz.com/live-cricket-scorecard/114967/srh-vs-rr-2nd-match-indian-premier-league-2025
2025-04-30 15:05:26,461 - INFO - Fetching scorecard link from: https://www.cricbuzz.com/cricket-scores/114976/mi-vs-csk-3rd-match-indian-premier-league-2025
2025-04-30 15:05:26,709 - INFO - Found scorecard link: https://www.cricbuzz.com/live-cricket-scorecard/114976/csk-vs-mi-3rd-match-indian-premier-league-2025
2025-04-30 15:05:26,710 - INFO - Scraping scorecard from: https://www.cricbuzz.com/live-cricket-scorecard/114976/csk-vs-mi-3rd-match-indian-premier-league-2025
2025-04-30 15:05:27,058 - INFO - Successfully scraped scorecard from: https://www.cricbuzz.com/live-cricket-scorecard/114976/csk-vs-mi-3rd-match-indian-premier-league-2025
2025-04-30 15:05:29,070 - INFO - Fetching scorecard link from: https://www.cricbuzz.com/cricket-scores/114985/lsg-vs-dc-4th-match-indian-premier-league-2025
2025-04-30 15:05:29,400 - INFO - Found scorecard link: https://www.cricbuzz.com/live-cricket-scorecard/114985/dc-vs-lsg-4th-match-indian-premier-league-2025
2025-04-30 15:05:29,400 - INFO - Scraping scorecard from: https://www.cricbuzz.com/live-cricket-scorecard/114985/dc-vs-lsg-4th-match-indian-premier-league-2025
2025-04-30 15:05:29,710 - INFO - Successfully scraped scorecard from: https://www.cricbuzz.com/live-cricket-scorecard/114985/dc-vs-lsg-4th-match-indian-premier-league-2025
2025-04-30 15:05:31,712 - INFO - Fetching scorecard link from: https://www.cricbuzz.com/cricket-scores/114987/pbks-vs-gt-5th-match-indian-premier-league-2025
2025-04-30 15:05:32,074 - INFO - Found scorecard link: https://www.cricbuzz.com/live-cricket-scorecard/114987/gt-vs-pbks-5th-match-indian-premier-league-2025
2025-04-30 15:05:32,076 - INFO - Scraping scorecard from: https://www.cricbuzz.com/live-cricket-scorecard/114987/gt-vs-pbks-5th-match-indian-premier-league-2025
2025-04-30 15:05:32,364 - INFO - Successfully scraped scorecard from: https://www.cricbuzz.com/live-cricket-scorecard/114987/gt-vs-pbks-5th-match-indian-premier-league-2025
2025-04-30 15:05:34,372 - INFO - Fetching scorecard link from: https://www.cricbuzz.com/cricket-scores/114996/rr-vs-kkr-6th-match-indian-premier-league-2025
2025-04-30 15:05:34,885 - INFO - Found scorecard link: https://www.cricbuzz.com/live-cricket-scorecard/114996/rr-vs-kkr-6th-match-indian-premier-league-2025
2025-04-30 15:05:34,886 - INFO - Scraping scorecard from: https://www.cricbuzz.com/live-cricket-scorecard/114996/rr-vs-kkr-6th-match-indian-premier-league-2025
2025-04-30 15:05:35,241 - INFO - Successfully scraped scorecard from: https://www.cricbuzz.com/live-cricket-scorecard/114996/rr-vs-kkr-6th-match-indian-premier-league-2025
2025-04-30 15:05:37,254 - INFO - Fetching scorecard link from: https://www.cricbuzz.com/cricket-scores/115005/srh-vs-lsg-7th-match-indian-premier-league-2025
2025-04-30 15:05:37,819 - INFO - Found scorecard link: https://www.cricbuzz.com/live-cricket-scorecard/115005/srh-vs-lsg-7th-match-indian-premier-league-2025
2025-04-30 15:05:37,820 - INFO - Scraping scorecard from: https://www.cricbuzz.com/live-cricket-scorecard/115005/srh-vs-lsg-7th-match-indian-premier-league-2025
2025-04-30 15:05:38,153 - INFO - Successfully scraped scorecard from: https://www.cricbuzz.com/live-cricket-scorecard/115005/srh-vs-lsg-7th-match-indian-premier-league-2025
2025-04-30 15:05:40,168 - INFO - Fetching scorecard link from: https://www.cricbuzz.com/cricket-scores/115012/rcb-vs-csk-8th-match-indian-premier-league-2025
2025-04-30 15:05:40,471 - INFO - Found scorecard link: https://www.cricbuzz.com/live-cricket-scorecard/115012/csk-vs-rcb-8th-match-indian-premier-league-2025
2025-04-30 15:05:40,473 - INFO - Scraping scorecard from: https://www.cricbuzz.com/live-cricket-scorecard/115012/csk-vs-rcb-8th-match-indian-premier-league-2025
2025-04-30 15:05:40,821 - INFO - Successfully scraped scorecard from: https://www.cricbuzz.com/live-cricket-scorecard/115012/csk-vs-rcb-8th-match-indian-premier-league-2025
2025-04-30 15:05:42,826 - INFO - Fetching scorecard link from: https://www.cricbuzz.com/cricket-scores/115014/gt-vs-mi-9th-match-indian-premier-league-2025
2025-04-30 15:05:43,502 - INFO - Found scorecard link: https://www.cricbuzz.com/live-cricket-scorecard/115014/gt-vs-mi-9th-match-indian-premier-league-2025
2025-04-30 15:05:43,504 - INFO - Scraping scorecard from: https://www.cricbuzz.com/live-cricket-scorecard/115014/gt-vs-mi-9th-match-indian-premier-league-2025
2025-04-30 15:05:43,856 - INFO - Successfully scraped scorecard from: https://www.cricbuzz.com/live-cricket-scorecard/115014/gt-vs-mi-9th-match-indian-premier-league-2025
2025-04-30 15:05:45,868 - INFO - Fetching scorecard link from: https://www.cricbuzz.com/cricket-scores/115021/srh-vs-dc-10th-match-indian-premier-league-2025
2025-04-30 15:05:46,185 - INFO - Found scorecard link: https://www.cricbuzz.com/live-cricket-scorecard/115021/dc-vs-srh-10th-match-indian-premier-league-2025
2025-04-30 15:05:46,186 - INFO - Scraping scorecard from: https://www.cricbuzz.com/live-cricket-scorecard/115021/dc-vs-srh-10th-match-indian-premier-league-2025
2025-04-30 15:05:46,513 - INFO - Successfully scraped scorecard from: https://www.cricbuzz.com/live-cricket-scorecard/115021/dc-vs-srh-10th-match-indian-premier-league-2025
2025-04-30 15:05:48,526 - INFO - Fetching scorecard link from: https://www.cricbuzz.com/cricket-scores/115030/rr-vs-csk-11th-match-indian-premier-league-2025
2025-04-30 15:05:48,825 - INFO - Found scorecard link: https://www.cricbuzz.com/live-cricket-scorecard/115030/rr-vs-csk-11th-match-indian-premier-league-2025
2025-04-30 15:05:48,827 - INFO - Scraping scorecard from: https://www.cricbuzz.com/live-cricket-scorecard/115030/rr-vs-csk-11th-match-indian-premier-league-2025
2025-04-30 15:05:49,158 - INFO - Successfully scraped scorecard from: https://www.cricbuzz.com/live-cricket-scorecard/115030/rr-vs-csk-11th-match-indian-premier-league-2025
2025-04-30 15:05:51,163 - INFO - Fetching scorecard link from: https://www.cricbuzz.com/cricket-scores/115032/kkr-vs-mi-12th-match-indian-premier-league-2025
2025-04-30 15:05:51,998 - INFO - Found scorecard link: https://www.cricbuzz.com/live-cricket-scorecard/115032/mi-vs-kkr-12th-match-indian-premier-league-2025
2025-04-30 15:05:51,999 - INFO - Scraping scorecard from: https://www.cricbuzz.com/live-cricket-scorecard/115032/mi-vs-kkr-12th-match-indian-premier-league-2025
2025-04-30 15:05:52,622 - INFO - Successfully scraped scorecard from: https://www.cricbuzz.com/live-cricket-scorecard/115032/mi-vs-kkr-12th-match-indian-premier-league-2025
2025-04-30 15:05:54,653 - INFO - Fetching scorecard link from: https://www.cricbuzz.com/cricket-scores/115039/lsg-vs-pbks-13th-match-indian-premier-league-2025
2025-04-30 15:05:55,097 - INFO - Found scorecard link: https://www.cricbuzz.com/live-cricket-scorecard/115039/lsg-vs-pbks-13th-match-indian-premier-league-2025
2025-04-30 15:05:55,100 - INFO - Scraping scorecard from: https://www.cricbuzz.com/live-cricket-scorecard/115039/lsg-vs-pbks-13th-match-indian-premier-league-2025
2025-04-30 15:05:55,562 - INFO - Successfully scraped scorecard from: https://www.cricbuzz.com/live-cricket-scorecard/115039/lsg-vs-pbks-13th-match-indian-premier-league-2025
2025-04-30 15:05:57,575 - INFO - Fetching scorecard link from: https://www.cricbuzz.com/cricket-scores/115048/rcb-vs-gt-14th-match-indian-premier-league-2025
2025-04-30 15:05:58,062 - INFO - Found scorecard link: https://www.cricbuzz.com/live-cricket-scorecard/115048/rcb-vs-gt-14th-match-indian-premier-league-2025
2025-04-30 15:05:58,064 - INFO - Scraping scorecard from: https://www.cricbuzz.com/live-cricket-scorecard/115048/rcb-vs-gt-14th-match-indian-premier-league-2025
2025-04-30 15:05:58,747 - INFO - Successfully scraped scorecard from: https://www.cricbuzz.com/live-cricket-scorecard/115048/rcb-vs-gt-14th-match-indian-premier-league-2025
2025-04-30 15:06:00,756 - INFO - Fetching scorecard link from: https://www.cricbuzz.com/cricket-scores/115050/kkr-vs-srh-15th-match-indian-premier-league-2025
2025-04-30 15:06:01,040 - INFO - Found scorecard link: https://www.cricbuzz.com/live-cricket-scorecard/115050/kkr-vs-srh-15th-match-indian-premier-league-2025
2025-04-30 15:06:01,041 - INFO - Scraping scorecard from: https://www.cricbuzz.com/live-cricket-scorecard/115050/kkr-vs-srh-15th-match-indian-premier-league-2025
2025-04-30 15:06:01,365 - INFO - Successfully scraped scorecard from: https://www.cricbuzz.com/live-cricket-scorecard/115050/kkr-vs-srh-15th-match-indian-premier-league-2025
2025-04-30 15:06:03,366 - INFO - Fetching scorecard link from: https://www.cricbuzz.com/cricket-scores/115059/lsg-vs-mi-16th-match-indian-premier-league-2025
2025-04-30 15:06:03,843 - INFO - Found scorecard link: https://www.cricbuzz.com/live-cricket-scorecard/115059/lsg-vs-mi-16th-match-indian-premier-league-2025
2025-04-30 15:06:03,845 - INFO - Scraping scorecard from: https://www.cricbuzz.com/live-cricket-scorecard/115059/lsg-vs-mi-16th-match-indian-premier-league-2025
2025-04-30 15:06:04,390 - INFO - Successfully scraped scorecard from: https://www.cricbuzz.com/live-cricket-scorecard/115059/lsg-vs-mi-16th-match-indian-premier-league-2025
2025-04-30 15:06:06,393 - INFO - Fetching scorecard link from: https://www.cricbuzz.com/cricket-scores/115068/dc-vs-csk-17th-match-indian-premier-league-2025
2025-04-30 15:06:06,752 - INFO - Found scorecard link: https://www.cricbuzz.com/live-cricket-scorecard/115068/csk-vs-dc-17th-match-indian-premier-league-2025
2025-04-30 15:06:06,753 - INFO - Scraping scorecard from: https://www.cricbuzz.com/live-cricket-scorecard/115068/csk-vs-dc-17th-match-indian-premier-league-2025
2025-04-30 15:06:07,098 - INFO - Successfully scraped scorecard from: https://www.cricbuzz.com/live-cricket-scorecard/115068/csk-vs-dc-17th-match-indian-premier-league-2025
2025-04-30 15:06:09,108 - INFO - Fetching scorecard link from: https://www.cricbuzz.com/cricket-scores/115075/rr-vs-pbks-18th-match-indian-premier-league-2025
2025-04-30 15:06:09,417 - INFO - Found scorecard link: https://www.cricbuzz.com/live-cricket-scorecard/115075/pbks-vs-rr-18th-match-indian-premier-league-2025
2025-04-30 15:06:09,420 - INFO - Scraping scorecard from: https://www.cricbuzz.com/live-cricket-scorecard/115075/pbks-vs-rr-18th-match-indian-premier-league-2025
2025-04-30 15:06:10,880 - INFO - Successfully scraped scorecard from: https://www.cricbuzz.com/live-cricket-scorecard/115075/pbks-vs-rr-18th-match-indian-premier-league-2025
2025-04-30 15:06:12,886 - INFO - Fetching scorecard link from: https://www.cricbuzz.com/cricket-scores/115093/srh-vs-gt-19th-match-indian-premier-league-2025
2025-04-30 15:06:13,464 - INFO - Found scorecard link: https://www.cricbuzz.com/live-cricket-scorecard/115093/srh-vs-gt-19th-match-indian-premier-league-2025
2025-04-30 15:06:13,465 - INFO - Scraping scorecard from: https://www.cricbuzz.com/live-cricket-scorecard/115093/srh-vs-gt-19th-match-indian-premier-league-2025
2025-04-30 15:06:13,836 - INFO - Successfully scraped scorecard from: https://www.cricbuzz.com/live-cricket-scorecard/115093/srh-vs-gt-19th-match-indian-premier-league-2025
2025-04-30 15:06:15,840 - INFO - Fetching scorecard link from: https://www.cricbuzz.com/cricket-scores/115095/rcb-vs-mi-20th-match-indian-premier-league-2025
2025-04-30 15:06:16,456 - INFO - Found scorecard link: https://www.cricbuzz.com/live-cricket-scorecard/115095/mi-vs-rcb-20th-match-indian-premier-league-2025
2025-04-30 15:06:16,458 - INFO - Scraping scorecard from: https://www.cricbuzz.com/live-cricket-scorecard/115095/mi-vs-rcb-20th-match-indian-premier-league-2025
2025-04-30 15:06:17,146 - INFO - Successfully scraped scorecard from: https://www.cricbuzz.com/live-cricket-scorecard/115095/mi-vs-rcb-20th-match-indian-premier-league-2025
2025-04-30 15:06:19,153 - INFO - Fetching scorecard link from: https://www.cricbuzz.com/cricket-scores/115084/lsg-vs-kkr-21st-match-indian-premier-league-2025
2025-04-30 15:06:19,696 - INFO - Found scorecard link: https://www.cricbuzz.com/live-cricket-scorecard/115084/kkr-vs-lsg-21st-match-indian-premier-league-2025
2025-04-30 15:06:19,698 - INFO - Scraping scorecard from: https://www.cricbuzz.com/live-cricket-scorecard/115084/kkr-vs-lsg-21st-match-indian-premier-league-2025
2025-04-30 15:06:20,063 - INFO - Successfully scraped scorecard from: https://www.cricbuzz.com/live-cricket-scorecard/115084/kkr-vs-lsg-21st-match-indian-premier-league-2025
2025-04-30 15:06:22,064 - INFO - Fetching scorecard link from: https://www.cricbuzz.com/cricket-scores/115102/pbks-vs-csk-22nd-match-indian-premier-league-2025
2025-04-30 15:06:22,437 - INFO - Found scorecard link: https://www.cricbuzz.com/live-cricket-scorecard/115102/pbks-vs-csk-22nd-match-indian-premier-league-2025
2025-04-30 15:06:22,439 - INFO - Scraping scorecard from: https://www.cricbuzz.com/live-cricket-scorecard/115102/pbks-vs-csk-22nd-match-indian-premier-league-2025
2025-04-30 15:06:22,683 - INFO - Successfully scraped scorecard from: https://www.cricbuzz.com/live-cricket-scorecard/115102/pbks-vs-csk-22nd-match-indian-premier-league-2025
2025-04-30 15:06:24,685 - INFO - Fetching scorecard link from: https://www.cricbuzz.com/cricket-scores/115104/gt-vs-rr-23rd-match-indian-premier-league-2025
2025-04-30 15:06:25,469 - INFO - Found scorecard link: https://www.cricbuzz.com/live-cricket-scorecard/115104/gt-vs-rr-23rd-match-indian-premier-league-2025
2025-04-30 15:06:25,470 - INFO - Scraping scorecard from: https://www.cricbuzz.com/live-cricket-scorecard/115104/gt-vs-rr-23rd-match-indian-premier-league-2025
2025-04-30 15:06:25,877 - INFO - Successfully scraped scorecard from: https://www.cricbuzz.com/live-cricket-scorecard/115104/gt-vs-rr-23rd-match-indian-premier-league-2025
2025-04-30 15:06:27,882 - INFO - Fetching scorecard link from: https://www.cricbuzz.com/cricket-scores/115111/rcb-vs-dc-24th-match-indian-premier-league-2025
2025-04-30 15:06:28,368 - INFO - Found scorecard link: https://www.cricbuzz.com/live-cricket-scorecard/115111/rcb-vs-dc-24th-match-indian-premier-league-2025
2025-04-30 15:06:28,377 - INFO - Scraping scorecard from: https://www.cricbuzz.com/live-cricket-scorecard/115111/rcb-vs-dc-24th-match-indian-premier-league-2025
2025-04-30 15:06:28,865 - INFO - Successfully scraped scorecard from: https://www.cricbuzz.com/live-cricket-scorecard/115111/rcb-vs-dc-24th-match-indian-premier-league-2025
2025-04-30 15:06:30,872 - INFO - Fetching scorecard link from: https://www.cricbuzz.com/cricket-scores/115113/csk-vs-kkr-25th-match-indian-premier-league-2025
2025-04-30 15:06:31,238 - INFO - Found scorecard link: https://www.cricbuzz.com/live-cricket-scorecard/115113/csk-vs-kkr-25th-match-indian-premier-league-2025
2025-04-30 15:06:31,239 - INFO - Scraping scorecard from: https://www.cricbuzz.com/live-cricket-scorecard/115113/csk-vs-kkr-25th-match-indian-premier-league-2025
2025-04-30 15:06:31,572 - INFO - Successfully scraped scorecard from: https://www.cricbuzz.com/live-cricket-scorecard/115113/csk-vs-kkr-25th-match-indian-premier-league-2025
2025-04-30 15:06:33,577 - INFO - Fetching scorecard link from: https://www.cricbuzz.com/cricket-scores/115122/gt-vs-lsg-26th-match-indian-premier-league-2025
2025-04-30 15:06:34,088 - INFO - Found scorecard link: https://www.cricbuzz.com/live-cricket-scorecard/115122/lsg-vs-gt-26th-match-indian-premier-league-2025
2025-04-30 15:06:34,090 - INFO - Scraping scorecard from: https://www.cricbuzz.com/live-cricket-scorecard/115122/lsg-vs-gt-26th-match-indian-premier-league-2025
2025-04-30 15:06:34,654 - INFO - Successfully scraped scorecard from: https://www.cricbuzz.com/live-cricket-scorecard/115122/lsg-vs-gt-26th-match-indian-premier-league-2025
2025-04-30 15:06:36,669 - INFO - Fetching scorecard link from: https://www.cricbuzz.com/cricket-scores/115129/pbks-vs-srh-27th-match-indian-premier-league-2025
2025-04-30 15:06:36,956 - INFO - Found scorecard link: https://www.cricbuzz.com/live-cricket-scorecard/115129/srh-vs-pbks-27th-match-indian-premier-league-2025
2025-04-30 15:06:36,958 - INFO - Scraping scorecard from: https://www.cricbuzz.com/live-cricket-scorecard/115129/srh-vs-pbks-27th-match-indian-premier-league-2025
2025-04-30 15:06:37,373 - INFO - Successfully scraped scorecard from: https://www.cricbuzz.com/live-cricket-scorecard/115129/srh-vs-pbks-27th-match-indian-premier-league-2025
2025-04-30 15:06:39,381 - INFO - Fetching scorecard link from: https://www.cricbuzz.com/cricket-scores/115138/rr-vs-rcb-28th-match-indian-premier-league-2025
2025-04-30 15:06:40,233 - INFO - Found scorecard link: https://www.cricbuzz.com/live-cricket-scorecard/115138/rr-vs-rcb-28th-match-indian-premier-league-2025
2025-04-30 15:06:40,235 - INFO - Scraping scorecard from: https://www.cricbuzz.com/live-cricket-scorecard/115138/rr-vs-rcb-28th-match-indian-premier-league-2025
2025-04-30 15:06:40,657 - INFO - Successfully scraped scorecard from: https://www.cricbuzz.com/live-cricket-scorecard/115138/rr-vs-rcb-28th-match-indian-premier-league-2025
2025-04-30 15:06:42,662 - INFO - Fetching scorecard link from: https://www.cricbuzz.com/cricket-scores/115140/mi-vs-dc-29th-match-indian-premier-league-2025
2025-04-30 15:06:43,195 - INFO - Found scorecard link: https://www.cricbuzz.com/live-cricket-scorecard/115140/dc-vs-mi-29th-match-indian-premier-league-2025
2025-04-30 15:06:43,196 - INFO - Scraping scorecard from: https://www.cricbuzz.com/live-cricket-scorecard/115140/dc-vs-mi-29th-match-indian-premier-league-2025
2025-04-30 15:06:43,707 - INFO - Successfully scraped scorecard from: https://www.cricbuzz.com/live-cricket-scorecard/115140/dc-vs-mi-29th-match-indian-premier-league-2025
2025-04-30 15:06:45,715 - INFO - Fetching scorecard link from: https://www.cricbuzz.com/cricket-scores/115149/lsg-vs-csk-30th-match-indian-premier-league-2025
2025-04-30 15:06:46,062 - INFO - Found scorecard link: https://www.cricbuzz.com/live-cricket-scorecard/115149/lsg-vs-csk-30th-match-indian-premier-league-2025
2025-04-30 15:06:46,064 - INFO - Scraping scorecard from: https://www.cricbuzz.com/live-cricket-scorecard/115149/lsg-vs-csk-30th-match-indian-premier-league-2025
2025-04-30 15:06:46,400 - INFO - Successfully scraped scorecard from: https://www.cricbuzz.com/live-cricket-scorecard/115149/lsg-vs-csk-30th-match-indian-premier-league-2025
2025-04-30 15:06:48,413 - INFO - Fetching scorecard link from: https://www.cricbuzz.com/cricket-scores/115156/pbks-vs-kkr-31st-match-indian-premier-league-2025
2025-04-30 15:06:48,729 - INFO - Found scorecard link: https://www.cricbuzz.com/live-cricket-scorecard/115156/pbks-vs-kkr-31st-match-indian-premier-league-2025
2025-04-30 15:06:48,731 - INFO - Scraping scorecard from: https://www.cricbuzz.com/live-cricket-scorecard/115156/pbks-vs-kkr-31st-match-indian-premier-league-2025
2025-04-30 15:06:48,948 - INFO - Successfully scraped scorecard from: https://www.cricbuzz.com/live-cricket-scorecard/115156/pbks-vs-kkr-31st-match-indian-premier-league-2025
2025-04-30 15:06:50,953 - INFO - Fetching scorecard link from: https://www.cricbuzz.com/cricket-scores/115165/dc-vs-rr-32nd-match-indian-premier-league-2025
2025-04-30 15:06:51,274 - INFO - Found scorecard link: https://www.cricbuzz.com/live-cricket-scorecard/115165/dc-vs-rr-32nd-match-indian-premier-league-2025
2025-04-30 15:06:51,275 - INFO - Scraping scorecard from: https://www.cricbuzz.com/live-cricket-scorecard/115165/dc-vs-rr-32nd-match-indian-premier-league-2025
2025-04-30 15:06:51,683 - INFO - Successfully scraped scorecard from: https://www.cricbuzz.com/live-cricket-scorecard/115165/dc-vs-rr-32nd-match-indian-premier-league-2025
2025-04-30 15:06:53,693 - INFO - Fetching scorecard link from: https://www.cricbuzz.com/cricket-scores/115167/srh-vs-mi-33rd-match-indian-premier-league-2025
2025-04-30 15:06:54,053 - INFO - Found scorecard link: https://www.cricbuzz.com/live-cricket-scorecard/115167/mi-vs-srh-33rd-match-indian-premier-league-2025
2025-04-30 15:06:54,054 - INFO - Scraping scorecard from: https://www.cricbuzz.com/live-cricket-scorecard/115167/mi-vs-srh-33rd-match-indian-premier-league-2025
2025-04-30 15:06:54,446 - INFO - Successfully scraped scorecard from: https://www.cricbuzz.com/live-cricket-scorecard/115167/mi-vs-srh-33rd-match-indian-premier-league-2025
2025-04-30 15:06:56,455 - INFO - Fetching scorecard link from: https://www.cricbuzz.com/cricket-scores/115174/rcb-vs-pbks-34th-match-indian-premier-league-2025
2025-04-30 15:06:57,734 - INFO - Found scorecard link: https://www.cricbuzz.com/live-cricket-scorecard/115174/rcb-vs-pbks-34th-match-indian-premier-league-2025
2025-04-30 15:06:57,734 - INFO - Scraping scorecard from: https://www.cricbuzz.com/live-cricket-scorecard/115174/rcb-vs-pbks-34th-match-indian-premier-league-2025
2025-04-30 15:06:57,947 - INFO - Successfully scraped scorecard from: https://www.cricbuzz.com/live-cricket-scorecard/115174/rcb-vs-pbks-34th-match-indian-premier-league-2025
2025-04-30 15:06:59,952 - INFO - Fetching scorecard link from: https://www.cricbuzz.com/cricket-scores/115176/dc-vs-gt-35th-match-indian-premier-league-2025
2025-04-30 15:07:00,677 - INFO - Found scorecard link: https://www.cricbuzz.com/live-cricket-scorecard/115176/gt-vs-dc-35th-match-indian-premier-league-2025
2025-04-30 15:07:00,678 - INFO - Scraping scorecard from: https://www.cricbuzz.com/live-cricket-scorecard/115176/gt-vs-dc-35th-match-indian-premier-league-2025
2025-04-30 15:07:01,151 - INFO - Successfully scraped scorecard from: https://www.cricbuzz.com/live-cricket-scorecard/115176/gt-vs-dc-35th-match-indian-premier-league-2025
2025-04-30 15:07:03,152 - INFO - Fetching scorecard link from: https://www.cricbuzz.com/cricket-scores/115183/lsg-vs-rr-36th-match-indian-premier-league-2025
2025-04-30 15:07:03,487 - INFO - Found scorecard link: https://www.cricbuzz.com/live-cricket-scorecard/115183/rr-vs-lsg-36th-match-indian-premier-league-2025
2025-04-30 15:07:03,488 - INFO - Scraping scorecard from: https://www.cricbuzz.com/live-cricket-scorecard/115183/rr-vs-lsg-36th-match-indian-premier-league-2025
2025-04-30 15:07:03,893 - INFO - Successfully scraped scorecard from: https://www.cricbuzz.com/live-cricket-scorecard/115183/rr-vs-lsg-36th-match-indian-premier-league-2025
2025-04-30 15:07:05,898 - INFO - Fetching scorecard link from: https://www.cricbuzz.com/cricket-scores/115192/pbks-vs-rcb-37th-match-indian-premier-league-2025
2025-04-30 15:07:07,275 - INFO - Found scorecard link: https://www.cricbuzz.com/live-cricket-scorecard/115192/pbks-vs-rcb-37th-match-indian-premier-league-2025
2025-04-30 15:07:07,275 - INFO - Scraping scorecard from: https://www.cricbuzz.com/live-cricket-scorecard/115192/pbks-vs-rcb-37th-match-indian-premier-league-2025
2025-04-30 15:07:07,525 - INFO - Successfully scraped scorecard from: https://www.cricbuzz.com/live-cricket-scorecard/115192/pbks-vs-rcb-37th-match-indian-premier-league-2025
2025-04-30 15:07:09,535 - INFO - Fetching scorecard link from: https://www.cricbuzz.com/cricket-scores/115201/csk-vs-mi-38th-match-indian-premier-league-2025
2025-04-30 15:07:09,889 - INFO - Found scorecard link: https://www.cricbuzz.com/live-cricket-scorecard/115201/mi-vs-csk-38th-match-indian-premier-league-2025
2025-04-30 15:07:09,890 - INFO - Scraping scorecard from: https://www.cricbuzz.com/live-cricket-scorecard/115201/mi-vs-csk-38th-match-indian-premier-league-2025
2025-04-30 15:07:10,284 - INFO - Successfully scraped scorecard from: https://www.cricbuzz.com/live-cricket-scorecard/115201/mi-vs-csk-38th-match-indian-premier-league-2025
2025-04-30 15:07:12,291 - INFO - Fetching scorecard link from: https://www.cricbuzz.com/cricket-scores/115210/gt-vs-kkr-39th-match-indian-premier-league-2025
2025-04-30 15:07:12,668 - INFO - Found scorecard link: https://www.cricbuzz.com/live-cricket-scorecard/115210/kkr-vs-gt-39th-match-indian-premier-league-2025
2025-04-30 15:07:12,670 - INFO - Scraping scorecard from: https://www.cricbuzz.com/live-cricket-scorecard/115210/kkr-vs-gt-39th-match-indian-premier-league-2025
2025-04-30 15:07:13,225 - INFO - Successfully scraped scorecard from: https://www.cricbuzz.com/live-cricket-scorecard/115210/kkr-vs-gt-39th-match-indian-premier-league-2025
2025-04-30 15:07:15,226 - INFO - Fetching scorecard link from: https://www.cricbuzz.com/cricket-scores/115212/lsg-vs-dc-40th-match-indian-premier-league-2025
2025-04-30 15:07:16,654 - INFO - Found scorecard link: https://www.cricbuzz.com/live-cricket-scorecard/115212/lsg-vs-dc-40th-match-indian-premier-league-2025
2025-04-30 15:07:16,656 - INFO - Scraping scorecard from: https://www.cricbuzz.com/live-cricket-scorecard/115212/lsg-vs-dc-40th-match-indian-premier-league-2025
2025-04-30 15:07:16,963 - INFO - Successfully scraped scorecard from: https://www.cricbuzz.com/live-cricket-scorecard/115212/lsg-vs-dc-40th-match-indian-premier-league-2025
2025-04-30 15:07:18,980 - INFO - Fetching scorecard link from: https://www.cricbuzz.com/cricket-scores/115221/srh-vs-mi-41st-match-indian-premier-league-2025
2025-04-30 15:07:19,334 - INFO - Found scorecard link: https://www.cricbuzz.com/live-cricket-scorecard/115221/srh-vs-mi-41st-match-indian-premier-league-2025
2025-04-30 15:07:19,336 - INFO - Scraping scorecard from: https://www.cricbuzz.com/live-cricket-scorecard/115221/srh-vs-mi-41st-match-indian-premier-league-2025
2025-04-30 15:07:19,753 - INFO - Successfully scraped scorecard from: https://www.cricbuzz.com/live-cricket-scorecard/115221/srh-vs-mi-41st-match-indian-premier-league-2025
2025-04-30 15:07:21,761 - INFO - Fetching scorecard link from: https://www.cricbuzz.com/cricket-scores/115230/rcb-vs-rr-42nd-match-indian-premier-league-2025
2025-04-30 15:07:22,116 - INFO - Found scorecard link: https://www.cricbuzz.com/live-cricket-scorecard/115230/rcb-vs-rr-42nd-match-indian-premier-league-2025
2025-04-30 15:07:22,117 - INFO - Scraping scorecard from: https://www.cricbuzz.com/live-cricket-scorecard/115230/rcb-vs-rr-42nd-match-indian-premier-league-2025
2025-04-30 15:07:22,477 - INFO - Successfully scraped scorecard from: https://www.cricbuzz.com/live-cricket-scorecard/115230/rcb-vs-rr-42nd-match-indian-premier-league-2025
2025-04-30 15:07:24,480 - INFO - Fetching scorecard link from: https://www.cricbuzz.com/live-cricket-scores/115239/csk-vs-srh-43rd-match-indian-premier-league-2025
2025-04-30 15:07:26,121 - INFO - Found scorecard link: https://www.cricbuzz.com/live-cricket-scorecard/115239/csk-vs-srh-43rd-match-indian-premier-league-2025
2025-04-30 15:07:26,124 - INFO - Scraping scorecard from: https://www.cricbuzz.com/live-cricket-scorecard/115239/csk-vs-srh-43rd-match-indian-premier-league-2025
2025-04-30 15:07:26,439 - INFO - Successfully scraped scorecard from: https://www.cricbuzz.com/live-cricket-scorecard/115239/csk-vs-srh-43rd-match-indian-premier-league-2025
2025-04-30 15:07:28,446 - INFO - Fetching scorecard link from: https://www.cricbuzz.com/live-cricket-scores/115248/pbks-vs-kkr-44th-match-indian-premier-league-2025
2025-04-30 15:07:28,787 - INFO - Found scorecard link: https://www.cricbuzz.com/live-cricket-scorecard/115248/kkr-vs-pbks-44th-match-indian-premier-league-2025
2025-04-30 15:07:28,789 - INFO - Scraping scorecard from: https://www.cricbuzz.com/live-cricket-scorecard/115248/kkr-vs-pbks-44th-match-indian-premier-league-2025
2025-04-30 15:07:29,141 - INFO - Successfully scraped scorecard from: https://www.cricbuzz.com/live-cricket-scorecard/115248/kkr-vs-pbks-44th-match-indian-premier-league-2025
2025-04-30 15:07:31,145 - INFO - Fetching scorecard link from: https://www.cricbuzz.com/live-cricket-scores/115255/mi-vs-lsg-45th-match-indian-premier-league-2025
2025-04-30 15:07:31,438 - INFO - Found scorecard link: https://www.cricbuzz.com/live-cricket-scorecard/115255/mi-vs-lsg-45th-match-indian-premier-league-2025
2025-04-30 15:07:31,440 - INFO - Scraping scorecard from: https://www.cricbuzz.com/live-cricket-scorecard/115255/mi-vs-lsg-45th-match-indian-premier-league-2025
2025-04-30 15:07:31,774 - INFO - Successfully scraped scorecard from: https://www.cricbuzz.com/live-cricket-scorecard/115255/mi-vs-lsg-45th-match-indian-premier-league-2025
2025-04-30 15:07:33,788 - INFO - Fetching scorecard link from: https://www.cricbuzz.com/live-cricket-scores/115257/dc-vs-rcb-46th-match-indian-premier-league-2025
2025-04-30 15:07:35,172 - INFO - Found scorecard link: https://www.cricbuzz.com/live-cricket-scorecard/115257/dc-vs-rcb-46th-match-indian-premier-league-2025
2025-04-30 15:07:35,174 - INFO - Scraping scorecard from: https://www.cricbuzz.com/live-cricket-scorecard/115257/dc-vs-rcb-46th-match-indian-premier-league-2025
2025-04-30 15:07:35,515 - INFO - Successfully scraped scorecard from: https://www.cricbuzz.com/live-cricket-scorecard/115257/dc-vs-rcb-46th-match-indian-premier-league-2025
2025-04-30 15:07:37,521 - INFO - Fetching scorecard link from: https://www.cricbuzz.com/live-cricket-scores/115266/gt-vs-rr-47th-match-indian-premier-league-2025
2025-04-30 15:07:37,819 - INFO - Found scorecard link: https://www.cricbuzz.com/live-cricket-scorecard/115266/rr-vs-gt-47th-match-indian-premier-league-2025
2025-04-30 15:07:37,821 - INFO - Scraping scorecard from: https://www.cricbuzz.com/live-cricket-scorecard/115266/rr-vs-gt-47th-match-indian-premier-league-2025
2025-04-30 15:07:38,097 - INFO - Successfully scraped scorecard from: https://www.cricbuzz.com/live-cricket-scorecard/115266/rr-vs-gt-47th-match-indian-premier-league-2025
2025-04-30 15:07:40,109 - INFO - Fetching scorecard link from: https://www.cricbuzz.com/live-cricket-scores/115275/kkr-vs-dc-48th-match-indian-premier-league-2025
2025-04-30 15:07:40,480 - INFO - Found scorecard link: https://www.cricbuzz.com/live-cricket-scorecard/115275/dc-vs-kkr-48th-match-indian-premier-league-2025
2025-04-30 15:07:40,482 - INFO - Scraping scorecard from: https://www.cricbuzz.com/live-cricket-scorecard/115275/dc-vs-kkr-48th-match-indian-premier-league-2025
2025-04-30 15:07:40,741 - INFO - Successfully scraped scorecard from: https://www.cricbuzz.com/live-cricket-scorecard/115275/dc-vs-kkr-48th-match-indian-premier-league-2025
2025-04-30 15:07:42,751 - INFO - Fetching scorecard link from: https://www.cricbuzz.com/live-cricket-scores/115282/csk-vs-pbks-49th-match-indian-premier-league-2025
2025-04-30 15:07:43,076 - INFO - Found scorecard link: https://www.cricbuzz.com/live-cricket-scorecard/115282/csk-vs-pbks-49th-match-indian-premier-league-2025
2025-04-30 15:07:43,079 - INFO - Scraping scorecard from: https://www.cricbuzz.com/live-cricket-scorecard/115282/csk-vs-pbks-49th-match-indian-premier-league-2025
2025-04-30 15:07:44,403 - INFO - Successfully scraped scorecard from: https://www.cricbuzz.com/live-cricket-scorecard/115282/csk-vs-pbks-49th-match-indian-premier-league-2025
2025-04-30 15:07:46,421 - INFO - Fetching scorecard link from: https://www.cricbuzz.com/live-cricket-scores/115291/rr-vs-mi-50th-match-indian-premier-league-2025
2025-04-30 15:07:46,824 - INFO - Found scorecard link: https://www.cricbuzz.com/live-cricket-scorecard/115291/rr-vs-mi-50th-match-indian-premier-league-2025
2025-04-30 15:07:46,826 - INFO - Scraping scorecard from: https://www.cricbuzz.com/live-cricket-scorecard/115291/rr-vs-mi-50th-match-indian-premier-league-2025
2025-04-30 15:07:47,233 - INFO - Successfully scraped scorecard from: https://www.cricbuzz.com/live-cricket-scorecard/115291/rr-vs-mi-50th-match-indian-premier-league-2025
2025-04-30 15:07:49,242 - INFO - Fetching scorecard link from: https://www.cricbuzz.com/live-cricket-scores/115300/gt-vs-srh-51st-match-indian-premier-league-2025
2025-04-30 15:07:49,639 - INFO - Found scorecard link: https://www.cricbuzz.com/live-cricket-scorecard/115300/gt-vs-srh-51st-match-indian-premier-league-2025
2025-04-30 15:07:49,641 - INFO - Scraping scorecard from: https://www.cricbuzz.com/live-cricket-scorecard/115300/gt-vs-srh-51st-match-indian-premier-league-2025
2025-04-30 15:07:49,924 - INFO - Successfully scraped scorecard from: https://www.cricbuzz.com/live-cricket-scorecard/115300/gt-vs-srh-51st-match-indian-premier-league-2025
2025-04-30 15:07:51,936 - INFO - Fetching scorecard link from: https://www.cricbuzz.com/live-cricket-scores/115302/rcb-vs-csk-52nd-match-indian-premier-league-2025
2025-04-30 15:07:53,001 - INFO - Found scorecard link: https://www.cricbuzz.com/live-cricket-scorecard/115302/rcb-vs-csk-52nd-match-indian-premier-league-2025
2025-04-30 15:07:53,005 - INFO - Scraping scorecard from: https://www.cricbuzz.com/live-cricket-scorecard/115302/rcb-vs-csk-52nd-match-indian-premier-league-2025
2025-04-30 15:07:53,305 - INFO - Successfully scraped scorecard from: https://www.cricbuzz.com/live-cricket-scorecard/115302/rcb-vs-csk-52nd-match-indian-premier-league-2025
2025-04-30 15:07:55,322 - INFO - Fetching scorecard link from: https://www.cricbuzz.com/live-cricket-scores/115309/kkr-vs-rr-53rd-match-indian-premier-league-2025
2025-04-30 15:07:55,833 - INFO - Found scorecard link: https://www.cricbuzz.com/live-cricket-scorecard/115309/kkr-vs-rr-53rd-match-indian-premier-league-2025
2025-04-30 15:07:55,834 - INFO - Scraping scorecard from: https://www.cricbuzz.com/live-cricket-scorecard/115309/kkr-vs-rr-53rd-match-indian-premier-league-2025
2025-04-30 15:07:56,317 - INFO - Successfully scraped scorecard from: https://www.cricbuzz.com/live-cricket-scorecard/115309/kkr-vs-rr-53rd-match-indian-premier-league-2025
2025-04-30 15:07:58,321 - INFO - Fetching scorecard link from: https://www.cricbuzz.com/live-cricket-scores/115318/pbks-vs-lsg-54th-match-indian-premier-league-2025
2025-04-30 15:07:58,959 - INFO - Found scorecard link: https://www.cricbuzz.com/live-cricket-scorecard/115318/pbks-vs-lsg-54th-match-indian-premier-league-2025
2025-04-30 15:07:58,965 - INFO - Scraping scorecard from: https://www.cricbuzz.com/live-cricket-scorecard/115318/pbks-vs-lsg-54th-match-indian-premier-league-2025
2025-04-30 15:07:59,292 - INFO - Successfully scraped scorecard from: https://www.cricbuzz.com/live-cricket-scorecard/115318/pbks-vs-lsg-54th-match-indian-premier-league-2025
2025-04-30 15:08:01,306 - INFO - Fetching scorecard link from: https://www.cricbuzz.com/live-cricket-scores/115327/srh-vs-dc-55th-match-indian-premier-league-2025
2025-04-30 15:08:02,758 - INFO - Found scorecard link: https://www.cricbuzz.com/live-cricket-scorecard/115327/srh-vs-dc-55th-match-indian-premier-league-2025
2025-04-30 15:08:02,759 - INFO - Scraping scorecard from: https://www.cricbuzz.com/live-cricket-scorecard/115327/srh-vs-dc-55th-match-indian-premier-league-2025
2025-04-30 15:08:03,250 - INFO - Successfully scraped scorecard from: https://www.cricbuzz.com/live-cricket-scorecard/115327/srh-vs-dc-55th-match-indian-premier-league-2025
2025-04-30 15:08:05,254 - INFO - Fetching scorecard link from: https://www.cricbuzz.com/live-cricket-scores/115336/mi-vs-gt-56th-match-indian-premier-league-2025
2025-04-30 15:08:06,047 - INFO - Found scorecard link: https://www.cricbuzz.com/live-cricket-scorecard/115336/mi-vs-gt-56th-match-indian-premier-league-2025
2025-04-30 15:08:06,050 - INFO - Scraping scorecard from: https://www.cricbuzz.com/live-cricket-scorecard/115336/mi-vs-gt-56th-match-indian-premier-league-2025
2025-04-30 15:08:06,514 - INFO - Successfully scraped scorecard from: https://www.cricbuzz.com/live-cricket-scorecard/115336/mi-vs-gt-56th-match-indian-premier-league-2025
2025-04-30 15:08:08,515 - INFO - Fetching scorecard link from: https://www.cricbuzz.com/live-cricket-scores/115345/kkr-vs-csk-57th-match-indian-premier-league-2025
2025-04-30 15:08:08,832 - INFO - Found scorecard link: https://www.cricbuzz.com/live-cricket-scorecard/115345/kkr-vs-csk-57th-match-indian-premier-league-2025
2025-04-30 15:08:08,833 - INFO - Scraping scorecard from: https://www.cricbuzz.com/live-cricket-scorecard/115345/kkr-vs-csk-57th-match-indian-premier-league-2025
2025-04-30 15:08:09,362 - INFO - Successfully scraped scorecard from: https://www.cricbuzz.com/live-cricket-scorecard/115345/kkr-vs-csk-57th-match-indian-premier-league-2025
2025-04-30 15:08:11,367 - INFO - Fetching scorecard link from: https://www.cricbuzz.com/live-cricket-scores/115347/pbks-vs-dc-58th-match-indian-premier-league-2025
2025-04-30 15:08:13,101 - INFO - Found scorecard link: https://www.cricbuzz.com/live-cricket-scorecard/115347/pbks-vs-dc-58th-match-indian-premier-league-2025
2025-04-30 15:08:13,104 - INFO - Scraping scorecard from: https://www.cricbuzz.com/live-cricket-scorecard/115347/pbks-vs-dc-58th-match-indian-premier-league-2025
2025-04-30 15:08:14,083 - INFO - Successfully scraped scorecard from: https://www.cricbuzz.com/live-cricket-scorecard/115347/pbks-vs-dc-58th-match-indian-premier-league-2025
2025-04-30 15:08:16,089 - INFO - Fetching scorecard link from: https://www.cricbuzz.com/live-cricket-scores/115354/lsg-vs-rcb-59th-match-indian-premier-league-2025
2025-04-30 15:08:16,892 - INFO - Found scorecard link: https://www.cricbuzz.com/live-cricket-scorecard/115354/lsg-vs-rcb-59th-match-indian-premier-league-2025
2025-04-30 15:08:16,894 - INFO - Scraping scorecard from: https://www.cricbuzz.com/live-cricket-scorecard/115354/lsg-vs-rcb-59th-match-indian-premier-league-2025
2025-04-30 15:08:17,318 - INFO - Successfully scraped scorecard from: https://www.cricbuzz.com/live-cricket-scorecard/115354/lsg-vs-rcb-59th-match-indian-premier-league-2025
2025-04-30 15:08:19,329 - INFO - Fetching scorecard link from: https://www.cricbuzz.com/live-cricket-scores/115356/srh-vs-kkr-60th-match-indian-premier-league-2025
2025-04-30 15:08:20,068 - INFO - Found scorecard link: https://www.cricbuzz.com/live-cricket-scorecard/115356/srh-vs-kkr-60th-match-indian-premier-league-2025
2025-04-30 15:08:20,069 - INFO - Scraping scorecard from: https://www.cricbuzz.com/live-cricket-scorecard/115356/srh-vs-kkr-60th-match-indian-premier-league-2025
2025-04-30 15:08:20,592 - INFO - Successfully scraped scorecard from: https://www.cricbuzz.com/live-cricket-scorecard/115356/srh-vs-kkr-60th-match-indian-premier-league-2025
2025-04-30 15:08:22,600 - INFO - Fetching scorecard link from: https://www.cricbuzz.com/live-cricket-scores/115365/pbks-vs-mi-61st-match-indian-premier-league-2025
2025-04-30 15:08:23,089 - INFO - Found scorecard link: https://www.cricbuzz.com/live-cricket-scorecard/115365/pbks-vs-mi-61st-match-indian-premier-league-2025
2025-04-30 15:08:23,092 - INFO - Scraping scorecard from: https://www.cricbuzz.com/live-cricket-scorecard/115365/pbks-vs-mi-61st-match-indian-premier-league-2025
2025-04-30 15:08:23,390 - INFO - Successfully scraped scorecard from: https://www.cricbuzz.com/live-cricket-scorecard/115365/pbks-vs-mi-61st-match-indian-premier-league-2025
2025-04-30 15:08:25,393 - INFO - Fetching scorecard link from: https://www.cricbuzz.com/live-cricket-scores/115372/dc-vs-gt-62nd-match-indian-premier-league-2025
2025-04-30 15:08:25,741 - INFO - Found scorecard link: https://www.cricbuzz.com/live-cricket-scorecard/115372/dc-vs-gt-62nd-match-indian-premier-league-2025
2025-04-30 15:08:25,741 - INFO - Scraping scorecard from: https://www.cricbuzz.com/live-cricket-scorecard/115372/dc-vs-gt-62nd-match-indian-premier-league-2025
2025-04-30 15:08:26,175 - INFO - Successfully scraped scorecard from: https://www.cricbuzz.com/live-cricket-scorecard/115372/dc-vs-gt-62nd-match-indian-premier-league-2025
2025-04-30 15:08:28,185 - INFO - Fetching scorecard link from: https://www.cricbuzz.com/live-cricket-scores/115381/csk-vs-rr-63rd-match-indian-premier-league-2025
2025-04-30 15:08:28,878 - INFO - Found scorecard link: https://www.cricbuzz.com/live-cricket-scorecard/115381/csk-vs-rr-63rd-match-indian-premier-league-2025
2025-04-30 15:08:28,880 - INFO - Scraping scorecard from: https://www.cricbuzz.com/live-cricket-scorecard/115381/csk-vs-rr-63rd-match-indian-premier-league-2025
2025-04-30 15:08:29,336 - INFO - Successfully scraped scorecard from: https://www.cricbuzz.com/live-cricket-scorecard/115381/csk-vs-rr-63rd-match-indian-premier-league-2025
2025-04-30 15:08:31,341 - INFO - Fetching scorecard link from: https://www.cricbuzz.com/live-cricket-scores/115390/rcb-vs-srh-64th-match-indian-premier-league-2025
2025-04-30 15:08:31,718 - INFO - Found scorecard link: https://www.cricbuzz.com/live-cricket-scorecard/115390/rcb-vs-srh-64th-match-indian-premier-league-2025
2025-04-30 15:08:31,721 - INFO - Scraping scorecard from: https://www.cricbuzz.com/live-cricket-scorecard/115390/rcb-vs-srh-64th-match-indian-premier-league-2025
2025-04-30 15:08:32,247 - INFO - Successfully scraped scorecard from: https://www.cricbuzz.com/live-cricket-scorecard/115390/rcb-vs-srh-64th-match-indian-premier-league-2025
2025-04-30 15:08:34,248 - INFO - Fetching scorecard link from: https://www.cricbuzz.com/live-cricket-scores/115392/gt-vs-lsg-65th-match-indian-premier-league-2025
2025-04-30 15:08:34,854 - INFO - Found scorecard link: https://www.cricbuzz.com/live-cricket-scorecard/115392/gt-vs-lsg-65th-match-indian-premier-league-2025
2025-04-30 15:08:34,877 - INFO - Scraping scorecard from: https://www.cricbuzz.com/live-cricket-scorecard/115392/gt-vs-lsg-65th-match-indian-premier-league-2025
2025-04-30 15:08:35,404 - INFO - Successfully scraped scorecard from: https://www.cricbuzz.com/live-cricket-scorecard/115392/gt-vs-lsg-65th-match-indian-premier-league-2025
2025-04-30 15:08:37,410 - INFO - Fetching scorecard link from: https://www.cricbuzz.com/live-cricket-scores/115401/mi-vs-dc-66th-match-indian-premier-league-2025
2025-04-30 15:08:38,093 - INFO - Found scorecard link: https://www.cricbuzz.com/live-cricket-scorecard/115401/mi-vs-dc-66th-match-indian-premier-league-2025
2025-04-30 15:08:38,094 - INFO - Scraping scorecard from: https://www.cricbuzz.com/live-cricket-scorecard/115401/mi-vs-dc-66th-match-indian-premier-league-2025
2025-04-30 15:08:38,650 - INFO - Successfully scraped scorecard from: https://www.cricbuzz.com/live-cricket-scorecard/115401/mi-vs-dc-66th-match-indian-premier-league-2025
2025-04-30 15:08:40,663 - INFO - Fetching scorecard link from: https://www.cricbuzz.com/live-cricket-scores/115410/rr-vs-pbks-67th-match-indian-premier-league-2025
2025-04-30 15:08:41,272 - INFO - Found scorecard link: https://www.cricbuzz.com/live-cricket-scorecard/115410/rr-vs-pbks-67th-match-indian-premier-league-2025
2025-04-30 15:08:41,273 - INFO - Scraping scorecard from: https://www.cricbuzz.com/live-cricket-scorecard/115410/rr-vs-pbks-67th-match-indian-premier-league-2025
2025-04-30 15:08:42,345 - INFO - Successfully scraped scorecard from: https://www.cricbuzz.com/live-cricket-scorecard/115410/rr-vs-pbks-67th-match-indian-premier-league-2025
2025-04-30 15:08:44,361 - INFO - Fetching scorecard link from: https://www.cricbuzz.com/live-cricket-scores/115417/rcb-vs-kkr-68th-match-indian-premier-league-2025
2025-04-30 15:08:45,059 - INFO - Found scorecard link: https://www.cricbuzz.com/live-cricket-scorecard/115417/rcb-vs-kkr-68th-match-indian-premier-league-2025
2025-04-30 15:08:45,062 - INFO - Scraping scorecard from: https://www.cricbuzz.com/live-cricket-scorecard/115417/rcb-vs-kkr-68th-match-indian-premier-league-2025
2025-04-30 15:08:46,296 - INFO - Successfully scraped scorecard from: https://www.cricbuzz.com/live-cricket-scorecard/115417/rcb-vs-kkr-68th-match-indian-premier-league-2025
2025-04-30 15:08:48,303 - INFO - Fetching scorecard link from: https://www.cricbuzz.com/live-cricket-scores/115426/gt-vs-csk-69th-match-indian-premier-league-2025
2025-04-30 15:08:48,664 - INFO - Found scorecard link: https://www.cricbuzz.com/live-cricket-scorecard/115426/gt-vs-csk-69th-match-indian-premier-league-2025
2025-04-30 15:08:48,667 - INFO - Scraping scorecard from: https://www.cricbuzz.com/live-cricket-scorecard/115426/gt-vs-csk-69th-match-indian-premier-league-2025
2025-04-30 15:08:49,035 - INFO - Successfully scraped scorecard from: https://www.cricbuzz.com/live-cricket-scorecard/115426/gt-vs-csk-69th-match-indian-premier-league-2025
2025-04-30 15:08:51,047 - INFO - Fetching scorecard link from: https://www.cricbuzz.com/live-cricket-scores/115435/lsg-vs-srh-70th-match-indian-premier-league-2025
2025-04-30 15:08:51,546 - INFO - Found scorecard link: https://www.cricbuzz.com/live-cricket-scorecard/115435/lsg-vs-srh-70th-match-indian-premier-league-2025
2025-04-30 15:08:51,549 - INFO - Scraping scorecard from: https://www.cricbuzz.com/live-cricket-scorecard/115435/lsg-vs-srh-70th-match-indian-premier-league-2025
2025-04-30 15:08:51,960 - INFO - Successfully scraped scorecard from: https://www.cricbuzz.com/live-cricket-scorecard/115435/lsg-vs-srh-70th-match-indian-premier-league-2025
2025-04-30 15:13:01,120 - INFO - Reading match links from CSV file: cricbuzz_matches.csv
2025-04-30 15:13:01,121 - INFO - Read 70 match links from CSV.
2025-04-30 15:13:01,121 - INFO - Fetching scorecard link from: https://www.cricbuzz.com/cricket-scores/114960/kkr-vs-rcb-1st-match-indian-premier-league-2025
2025-04-30 15:13:01,575 - INFO - Found scorecard link: https://www.cricbuzz.com/live-cricket-scorecard/114960/kkr-vs-rcb-1st-match-indian-premier-league-2025
2025-04-30 15:13:01,576 - INFO - Processing scorecard for : https://www.cricbuzz.com/cricket-scores/114960/kkr-vs-rcb-1st-match-indian-premier-league-2025
2025-04-30 15:13:01,576 - INFO - Scraping scorecard from: https://www.cricbuzz.com/live-cricket-scorecard/114960/kkr-vs-rcb-1st-match-indian-premier-league-2025
2025-04-30 15:13:01,834 - WARNING - Could not extract team names. Found 0 team name elements
2025-04-30 15:13:01,834 - ERROR - Could not extract team names from https://www.cricbuzz.com/live-cricket-scorecard/114960/kkr-vs-rcb-1st-match-indian-premier-league-2025
2025-04-30 15:13:03,837 - INFO - Fetching scorecard link from: https://www.cricbuzz.com/cricket-scores/114967/srh-vs-rr-2nd-match-indian-premier-league-2025
2025-04-30 15:13:04,102 - INFO - Found scorecard link: https://www.cricbuzz.com/live-cricket-scorecard/114967/srh-vs-rr-2nd-match-indian-premier-league-2025
2025-04-30 15:13:04,102 - INFO - Processing scorecard for : https://www.cricbuzz.com/cricket-scores/114967/srh-vs-rr-2nd-match-indian-premier-league-2025
2025-04-30 15:13:04,102 - INFO - Scraping scorecard from: https://www.cricbuzz.com/live-cricket-scorecard/114967/srh-vs-rr-2nd-match-indian-premier-league-2025
2025-04-30 15:13:04,619 - WARNING - Could not extract team names. Found 0 team name elements
2025-04-30 15:13:04,619 - ERROR - Could not extract team names from https://www.cricbuzz.com/live-cricket-scorecard/114967/srh-vs-rr-2nd-match-indian-premier-league-2025
2025-04-30 15:13:06,620 - INFO - Fetching scorecard link from: https://www.cricbuzz.com/cricket-scores/114976/mi-vs-csk-3rd-match-indian-premier-league-2025
2025-04-30 15:13:06,963 - INFO - Found scorecard link: https://www.cricbuzz.com/live-cricket-scorecard/114976/csk-vs-mi-3rd-match-indian-premier-league-2025
2025-04-30 15:13:06,964 - INFO - Processing scorecard for : https://www.cricbuzz.com/cricket-scores/114976/mi-vs-csk-3rd-match-indian-premier-league-2025
2025-04-30 15:13:06,964 - INFO - Scraping scorecard from: https://www.cricbuzz.com/live-cricket-scorecard/114976/csk-vs-mi-3rd-match-indian-premier-league-2025
2025-04-30 15:13:07,225 - WARNING - Could not extract team names. Found 0 team name elements
2025-04-30 15:13:07,225 - ERROR - Could not extract team names from https://www.cricbuzz.com/live-cricket-scorecard/114976/csk-vs-mi-3rd-match-indian-premier-league-2025
2025-04-30 15:13:09,240 - INFO - Fetching scorecard link from: https://www.cricbuzz.com/cricket-scores/114985/lsg-vs-dc-4th-match-indian-premier-league-2025
2025-04-30 15:13:09,930 - INFO - Found scorecard link: https://www.cricbuzz.com/live-cricket-scorecard/114985/dc-vs-lsg-4th-match-indian-premier-league-2025
2025-04-30 15:13:09,930 - INFO - Processing scorecard for : https://www.cricbuzz.com/cricket-scores/114985/lsg-vs-dc-4th-match-indian-premier-league-2025
2025-04-30 15:13:09,930 - INFO - Scraping scorecard from: https://www.cricbuzz.com/live-cricket-scorecard/114985/dc-vs-lsg-4th-match-indian-premier-league-2025
2025-04-30 15:13:10,158 - WARNING - Could not extract team names. Found 0 team name elements
2025-04-30 15:13:10,158 - ERROR - Could not extract team names from https://www.cricbuzz.com/live-cricket-scorecard/114985/dc-vs-lsg-4th-match-indian-premier-league-2025
2025-04-30 15:13:12,169 - INFO - Fetching scorecard link from: https://www.cricbuzz.com/cricket-scores/114987/pbks-vs-gt-5th-match-indian-premier-league-2025
2025-04-30 15:13:12,442 - INFO - Found scorecard link: https://www.cricbuzz.com/live-cricket-scorecard/114987/gt-vs-pbks-5th-match-indian-premier-league-2025
2025-04-30 15:13:12,443 - INFO - Processing scorecard for : https://www.cricbuzz.com/cricket-scores/114987/pbks-vs-gt-5th-match-indian-premier-league-2025
2025-04-30 15:13:12,443 - INFO - Scraping scorecard from: https://www.cricbuzz.com/live-cricket-scorecard/114987/gt-vs-pbks-5th-match-indian-premier-league-2025
2025-04-30 15:13:12,643 - WARNING - Could not extract team names. Found 0 team name elements
2025-04-30 15:13:12,643 - ERROR - Could not extract team names from https://www.cricbuzz.com/live-cricket-scorecard/114987/gt-vs-pbks-5th-match-indian-premier-league-2025
2025-04-30 15:13:14,655 - INFO - Fetching scorecard link from: https://www.cricbuzz.com/cricket-scores/114996/rr-vs-kkr-6th-match-indian-premier-league-2025
2025-04-30 15:13:15,113 - INFO - Found scorecard link: https://www.cricbuzz.com/live-cricket-scorecard/114996/rr-vs-kkr-6th-match-indian-premier-league-2025
2025-04-30 15:13:15,113 - INFO - Processing scorecard for : https://www.cricbuzz.com/cricket-scores/114996/rr-vs-kkr-6th-match-indian-premier-league-2025
2025-04-30 15:13:15,113 - INFO - Scraping scorecard from: https://www.cricbuzz.com/live-cricket-scorecard/114996/rr-vs-kkr-6th-match-indian-premier-league-2025
2025-04-30 15:13:15,347 - WARNING - Could not extract team names. Found 0 team name elements
2025-04-30 15:13:15,347 - ERROR - Could not extract team names from https://www.cricbuzz.com/live-cricket-scorecard/114996/rr-vs-kkr-6th-match-indian-premier-league-2025
2025-04-30 15:13:17,354 - INFO - Fetching scorecard link from: https://www.cricbuzz.com/cricket-scores/115005/srh-vs-lsg-7th-match-indian-premier-league-2025
2025-04-30 15:13:17,617 - INFO - Found scorecard link: https://www.cricbuzz.com/live-cricket-scorecard/115005/srh-vs-lsg-7th-match-indian-premier-league-2025
2025-04-30 15:13:17,618 - INFO - Processing scorecard for : https://www.cricbuzz.com/cricket-scores/115005/srh-vs-lsg-7th-match-indian-premier-league-2025
2025-04-30 15:13:17,618 - INFO - Scraping scorecard from: https://www.cricbuzz.com/live-cricket-scorecard/115005/srh-vs-lsg-7th-match-indian-premier-league-2025
2025-04-30 15:13:18,048 - WARNING - Could not extract team names. Found 0 team name elements
2025-04-30 15:13:18,048 - ERROR - Could not extract team names from https://www.cricbuzz.com/live-cricket-scorecard/115005/srh-vs-lsg-7th-match-indian-premier-league-2025
2025-04-30 15:13:20,050 - INFO - Fetching scorecard link from: https://www.cricbuzz.com/cricket-scores/115012/rcb-vs-csk-8th-match-indian-premier-league-2025
2025-04-30 15:13:20,420 - INFO - Found scorecard link: https://www.cricbuzz.com/live-cricket-scorecard/115012/csk-vs-rcb-8th-match-indian-premier-league-2025
2025-04-30 15:13:20,421 - INFO - Processing scorecard for : https://www.cricbuzz.com/cricket-scores/115012/rcb-vs-csk-8th-match-indian-premier-league-2025
2025-04-30 15:13:20,421 - INFO - Scraping scorecard from: https://www.cricbuzz.com/live-cricket-scorecard/115012/csk-vs-rcb-8th-match-indian-premier-league-2025
2025-04-30 15:13:20,651 - WARNING - Could not extract team names. Found 0 team name elements
2025-04-30 15:13:20,651 - ERROR - Could not extract team names from https://www.cricbuzz.com/live-cricket-scorecard/115012/csk-vs-rcb-8th-match-indian-premier-league-2025
2025-04-30 15:13:22,656 - INFO - Fetching scorecard link from: https://www.cricbuzz.com/cricket-scores/115014/gt-vs-mi-9th-match-indian-premier-league-2025
2025-04-30 15:13:22,928 - INFO - Found scorecard link: https://www.cricbuzz.com/live-cricket-scorecard/115014/gt-vs-mi-9th-match-indian-premier-league-2025
2025-04-30 15:13:22,930 - INFO - Processing scorecard for : https://www.cricbuzz.com/cricket-scores/115014/gt-vs-mi-9th-match-indian-premier-league-2025
2025-04-30 15:13:22,930 - INFO - Scraping scorecard from: https://www.cricbuzz.com/live-cricket-scorecard/115014/gt-vs-mi-9th-match-indian-premier-league-2025
2025-04-30 15:13:23,168 - WARNING - Could not extract team names. Found 0 team name elements
2025-04-30 15:13:23,168 - ERROR - Could not extract team names from https://www.cricbuzz.com/live-cricket-scorecard/115014/gt-vs-mi-9th-match-indian-premier-league-2025
2025-04-30 15:13:25,182 - INFO - Fetching scorecard link from: https://www.cricbuzz.com/cricket-scores/115021/srh-vs-dc-10th-match-indian-premier-league-2025
2025-04-30 15:13:25,689 - INFO - Found scorecard link: https://www.cricbuzz.com/live-cricket-scorecard/115021/dc-vs-srh-10th-match-indian-premier-league-2025
2025-04-30 15:13:25,690 - INFO - Processing scorecard for : https://www.cricbuzz.com/cricket-scores/115021/srh-vs-dc-10th-match-indian-premier-league-2025
2025-04-30 15:13:25,690 - INFO - Scraping scorecard from: https://www.cricbuzz.com/live-cricket-scorecard/115021/dc-vs-srh-10th-match-indian-premier-league-2025
2025-04-30 15:13:25,954 - WARNING - Could not extract team names. Found 0 team name elements
2025-04-30 15:13:25,954 - ERROR - Could not extract team names from https://www.cricbuzz.com/live-cricket-scorecard/115021/dc-vs-srh-10th-match-indian-premier-league-2025
2025-04-30 15:13:27,966 - INFO - Fetching scorecard link from: https://www.cricbuzz.com/cricket-scores/115030/rr-vs-csk-11th-match-indian-premier-league-2025
2025-04-30 15:13:28,613 - INFO - Found scorecard link: https://www.cricbuzz.com/live-cricket-scorecard/115030/rr-vs-csk-11th-match-indian-premier-league-2025
2025-04-30 15:13:28,613 - INFO - Processing scorecard for : https://www.cricbuzz.com/cricket-scores/115030/rr-vs-csk-11th-match-indian-premier-league-2025
2025-04-30 15:13:28,613 - INFO - Scraping scorecard from: https://www.cricbuzz.com/live-cricket-scorecard/115030/rr-vs-csk-11th-match-indian-premier-league-2025
2025-04-30 15:13:28,873 - WARNING - Could not extract team names. Found 0 team name elements
2025-04-30 15:13:28,873 - ERROR - Could not extract team names from https://www.cricbuzz.com/live-cricket-scorecard/115030/rr-vs-csk-11th-match-indian-premier-league-2025
2025-04-30 15:13:30,884 - INFO - Fetching scorecard link from: https://www.cricbuzz.com/cricket-scores/115032/kkr-vs-mi-12th-match-indian-premier-league-2025
2025-04-30 15:13:31,166 - INFO - Found scorecard link: https://www.cricbuzz.com/live-cricket-scorecard/115032/mi-vs-kkr-12th-match-indian-premier-league-2025
2025-04-30 15:13:31,167 - INFO - Processing scorecard for : https://www.cricbuzz.com/cricket-scores/115032/kkr-vs-mi-12th-match-indian-premier-league-2025
2025-04-30 15:13:31,167 - INFO - Scraping scorecard from: https://www.cricbuzz.com/live-cricket-scorecard/115032/mi-vs-kkr-12th-match-indian-premier-league-2025
2025-04-30 15:13:31,477 - WARNING - Could not extract team names. Found 0 team name elements
2025-04-30 15:13:31,477 - ERROR - Could not extract team names from https://www.cricbuzz.com/live-cricket-scorecard/115032/mi-vs-kkr-12th-match-indian-premier-league-2025
2025-04-30 15:13:33,477 - INFO - Fetching scorecard link from: https://www.cricbuzz.com/cricket-scores/115039/lsg-vs-pbks-13th-match-indian-premier-league-2025
2025-04-30 15:13:33,755 - INFO - Found scorecard link: https://www.cricbuzz.com/live-cricket-scorecard/115039/lsg-vs-pbks-13th-match-indian-premier-league-2025
2025-04-30 15:13:33,755 - INFO - Processing scorecard for : https://www.cricbuzz.com/cricket-scores/115039/lsg-vs-pbks-13th-match-indian-premier-league-2025
2025-04-30 15:13:33,755 - INFO - Scraping scorecard from: https://www.cricbuzz.com/live-cricket-scorecard/115039/lsg-vs-pbks-13th-match-indian-premier-league-2025
2025-04-30 15:13:35,091 - WARNING - Could not extract team names. Found 0 team name elements
2025-04-30 15:13:35,091 - ERROR - Could not extract team names from https://www.cricbuzz.com/live-cricket-scorecard/115039/lsg-vs-pbks-13th-match-indian-premier-league-2025
2025-04-30 15:13:37,093 - INFO - Fetching scorecard link from: https://www.cricbuzz.com/cricket-scores/115048/rcb-vs-gt-14th-match-indian-premier-league-2025
2025-04-30 15:13:37,485 - INFO - Found scorecard link: https://www.cricbuzz.com/live-cricket-scorecard/115048/rcb-vs-gt-14th-match-indian-premier-league-2025
2025-04-30 15:13:37,485 - INFO - Processing scorecard for : https://www.cricbuzz.com/cricket-scores/115048/rcb-vs-gt-14th-match-indian-premier-league-2025
2025-04-30 15:13:37,485 - INFO - Scraping scorecard from: https://www.cricbuzz.com/live-cricket-scorecard/115048/rcb-vs-gt-14th-match-indian-premier-league-2025
2025-04-30 15:13:37,902 - WARNING - Could not extract team names. Found 0 team name elements
2025-04-30 15:13:37,902 - ERROR - Could not extract team names from https://www.cricbuzz.com/live-cricket-scorecard/115048/rcb-vs-gt-14th-match-indian-premier-league-2025
2025-04-30 15:13:39,916 - INFO - Fetching scorecard link from: https://www.cricbuzz.com/cricket-scores/115050/kkr-vs-srh-15th-match-indian-premier-league-2025
2025-04-30 15:13:40,280 - INFO - Found scorecard link: https://www.cricbuzz.com/live-cricket-scorecard/115050/kkr-vs-srh-15th-match-indian-premier-league-2025
2025-04-30 15:13:40,280 - INFO - Processing scorecard for : https://www.cricbuzz.com/cricket-scores/115050/kkr-vs-srh-15th-match-indian-premier-league-2025
2025-04-30 15:13:40,281 - INFO - Scraping scorecard from: https://www.cricbuzz.com/live-cricket-scorecard/115050/kkr-vs-srh-15th-match-indian-premier-league-2025
2025-04-30 15:13:40,658 - WARNING - Could not extract team names. Found 0 team name elements
2025-04-30 15:13:40,658 - ERROR - Could not extract team names from https://www.cricbuzz.com/live-cricket-scorecard/115050/kkr-vs-srh-15th-match-indian-premier-league-2025
2025-04-30 15:13:42,663 - INFO - Fetching scorecard link from: https://www.cricbuzz.com/cricket-scores/115059/lsg-vs-mi-16th-match-indian-premier-league-2025
2025-04-30 15:13:42,983 - INFO - Found scorecard link: https://www.cricbuzz.com/live-cricket-scorecard/115059/lsg-vs-mi-16th-match-indian-premier-league-2025
2025-04-30 15:13:42,983 - INFO - Processing scorecard for : https://www.cricbuzz.com/cricket-scores/115059/lsg-vs-mi-16th-match-indian-premier-league-2025
2025-04-30 15:13:42,984 - INFO - Scraping scorecard from: https://www.cricbuzz.com/live-cricket-scorecard/115059/lsg-vs-mi-16th-match-indian-premier-league-2025
2025-04-30 15:13:43,378 - WARNING - Could not extract team names. Found 0 team name elements
2025-04-30 15:13:43,378 - ERROR - Could not extract team names from https://www.cricbuzz.com/live-cricket-scorecard/115059/lsg-vs-mi-16th-match-indian-premier-league-2025
2025-04-30 15:13:45,382 - INFO - Fetching scorecard link from: https://www.cricbuzz.com/cricket-scores/115068/dc-vs-csk-17th-match-indian-premier-league-2025
2025-04-30 15:18:45,428 - INFO - Reading match links from CSV file: cricbuzz_matches.csv
2025-04-30 15:18:45,428 - INFO - Read 70 match links from CSV.
2025-04-30 15:18:45,428 - INFO - Fetching scorecard link from: https://www.cricbuzz.com/cricket-scores/114960/kkr-vs-rcb-1st-match-indian-premier-league-2025
2025-04-30 15:18:45,907 - INFO - Found scorecard link: https://www.cricbuzz.com/live-cricket-scorecard/114960/kkr-vs-rcb-1st-match-indian-premier-league-2025
2025-04-30 15:18:45,907 - INFO - Processing scorecard for : https://www.cricbuzz.com/cricket-scores/114960/kkr-vs-rcb-1st-match-indian-premier-league-2025
2025-04-30 15:18:45,907 - INFO - Scraping scorecard from: https://www.cricbuzz.com/live-cricket-scorecard/114960/kkr-vs-rcb-1st-match-indian-premier-league-2025
2025-04-30 15:18:46,159 - WARNING - Could not extract team names. Found 0 team name elements
2025-04-30 15:18:46,159 - ERROR - Could not extract team names from https://www.cricbuzz.com/live-cricket-scorecard/114960/kkr-vs-rcb-1st-match-indian-premier-league-2025
2025-04-30 15:18:48,160 - INFO - Fetching scorecard link from: https://www.cricbuzz.com/cricket-scores/114967/srh-vs-rr-2nd-match-indian-premier-league-2025
2025-04-30 15:18:48,462 - INFO - Found scorecard link: https://www.cricbuzz.com/live-cricket-scorecard/114967/srh-vs-rr-2nd-match-indian-premier-league-2025
2025-04-30 15:18:48,462 - INFO - Processing scorecard for : https://www.cricbuzz.com/cricket-scores/114967/srh-vs-rr-2nd-match-indian-premier-league-2025
2025-04-30 15:18:48,462 - INFO - Scraping scorecard from: https://www.cricbuzz.com/live-cricket-scorecard/114967/srh-vs-rr-2nd-match-indian-premier-league-2025
2025-04-30 15:18:48,688 - WARNING - Could not extract team names. Found 0 team name elements
2025-04-30 15:18:48,689 - ERROR - Could not extract team names from https://www.cricbuzz.com/live-cricket-scorecard/114967/srh-vs-rr-2nd-match-indian-premier-league-2025
2025-04-30 15:18:50,691 - INFO - Fetching scorecard link from: https://www.cricbuzz.com/cricket-scores/114976/mi-vs-csk-3rd-match-indian-premier-league-2025
2025-04-30 15:18:51,009 - INFO - Found scorecard link: https://www.cricbuzz.com/live-cricket-scorecard/114976/csk-vs-mi-3rd-match-indian-premier-league-2025
2025-04-30 15:18:51,009 - INFO - Processing scorecard for : https://www.cricbuzz.com/cricket-scores/114976/mi-vs-csk-3rd-match-indian-premier-league-2025
2025-04-30 15:18:51,009 - INFO - Scraping scorecard from: https://www.cricbuzz.com/live-cricket-scorecard/114976/csk-vs-mi-3rd-match-indian-premier-league-2025
2025-04-30 15:18:51,238 - WARNING - Could not extract team names. Found 0 team name elements
2025-04-30 15:18:51,239 - ERROR - Could not extract team names from https://www.cricbuzz.com/live-cricket-scorecard/114976/csk-vs-mi-3rd-match-indian-premier-league-2025
2025-04-30 15:18:53,245 - INFO - Fetching scorecard link from: https://www.cricbuzz.com/cricket-scores/114985/lsg-vs-dc-4th-match-indian-premier-league-2025
2025-04-30 15:18:53,556 - INFO - Found scorecard link: https://www.cricbuzz.com/live-cricket-scorecard/114985/dc-vs-lsg-4th-match-indian-premier-league-2025
2025-04-30 15:18:53,556 - INFO - Processing scorecard for : https://www.cricbuzz.com/cricket-scores/114985/lsg-vs-dc-4th-match-indian-premier-league-2025
2025-04-30 15:18:53,556 - INFO - Scraping scorecard from: https://www.cricbuzz.com/live-cricket-scorecard/114985/dc-vs-lsg-4th-match-indian-premier-league-2025
2025-04-30 15:18:53,927 - WARNING - Could not extract team names. Found 0 team name elements
2025-04-30 15:18:53,927 - ERROR - Could not extract team names from https://www.cricbuzz.com/live-cricket-scorecard/114985/dc-vs-lsg-4th-match-indian-premier-league-2025
2025-04-30 15:18:55,932 - INFO - Fetching scorecard link from: https://www.cricbuzz.com/cricket-scores/114987/pbks-vs-gt-5th-match-indian-premier-league-2025
2025-04-30 15:18:56,310 - INFO - Found scorecard link: https://www.cricbuzz.com/live-cricket-scorecard/114987/gt-vs-pbks-5th-match-indian-premier-league-2025
2025-04-30 15:18:56,310 - INFO - Processing scorecard for : https://www.cricbuzz.com/cricket-scores/114987/pbks-vs-gt-5th-match-indian-premier-league-2025
2025-04-30 15:18:56,310 - INFO - Scraping scorecard from: https://www.cricbuzz.com/live-cricket-scorecard/114987/gt-vs-pbks-5th-match-indian-premier-league-2025
2025-04-30 15:18:56,578 - WARNING - Could not extract team names. Found 0 team name elements
2025-04-30 15:18:56,578 - ERROR - Could not extract team names from https://www.cricbuzz.com/live-cricket-scorecard/114987/gt-vs-pbks-5th-match-indian-premier-league-2025
2025-04-30 15:18:58,586 - INFO - Fetching scorecard link from: https://www.cricbuzz.com/cricket-scores/114996/rr-vs-kkr-6th-match-indian-premier-league-2025
2025-04-30 15:18:58,887 - INFO - Found scorecard link: https://www.cricbuzz.com/live-cricket-scorecard/114996/rr-vs-kkr-6th-match-indian-premier-league-2025
2025-04-30 15:18:58,889 - INFO - Processing scorecard for : https://www.cricbuzz.com/cricket-scores/114996/rr-vs-kkr-6th-match-indian-premier-league-2025
2025-04-30 15:18:58,889 - INFO - Scraping scorecard from: https://www.cricbuzz.com/live-cricket-scorecard/114996/rr-vs-kkr-6th-match-indian-premier-league-2025
2025-04-30 15:18:59,273 - WARNING - Could not extract team names. Found 0 team name elements
2025-04-30 15:18:59,273 - ERROR - Could not extract team names from https://www.cricbuzz.com/live-cricket-scorecard/114996/rr-vs-kkr-6th-match-indian-premier-league-2025
2025-04-30 15:19:01,281 - INFO - Fetching scorecard link from: https://www.cricbuzz.com/cricket-scores/115005/srh-vs-lsg-7th-match-indian-premier-league-2025
2025-04-30 15:19:01,755 - INFO - Found scorecard link: https://www.cricbuzz.com/live-cricket-scorecard/115005/srh-vs-lsg-7th-match-indian-premier-league-2025
2025-04-30 15:19:01,756 - INFO - Processing scorecard for : https://www.cricbuzz.com/cricket-scores/115005/srh-vs-lsg-7th-match-indian-premier-league-2025
2025-04-30 15:19:01,756 - INFO - Scraping scorecard from: https://www.cricbuzz.com/live-cricket-scorecard/115005/srh-vs-lsg-7th-match-indian-premier-league-2025
2025-04-30 15:19:02,148 - WARNING - Could not extract team names. Found 0 team name elements
2025-04-30 15:19:02,148 - ERROR - Could not extract team names from https://www.cricbuzz.com/live-cricket-scorecard/115005/srh-vs-lsg-7th-match-indian-premier-league-2025
2025-04-30 15:19:04,150 - INFO - Fetching scorecard link from: https://www.cricbuzz.com/cricket-scores/115012/rcb-vs-csk-8th-match-indian-premier-league-2025
2025-04-30 15:19:04,421 - INFO - Found scorecard link: https://www.cricbuzz.com/live-cricket-scorecard/115012/csk-vs-rcb-8th-match-indian-premier-league-2025
2025-04-30 15:19:04,421 - INFO - Processing scorecard for : https://www.cricbuzz.com/cricket-scores/115012/rcb-vs-csk-8th-match-indian-premier-league-2025
2025-04-30 15:19:04,421 - INFO - Scraping scorecard from: https://www.cricbuzz.com/live-cricket-scorecard/115012/csk-vs-rcb-8th-match-indian-premier-league-2025
2025-04-30 15:19:04,647 - WARNING - Could not extract team names. Found 0 team name elements
2025-04-30 15:19:04,647 - ERROR - Could not extract team names from https://www.cricbuzz.com/live-cricket-scorecard/115012/csk-vs-rcb-8th-match-indian-premier-league-2025
2025-04-30 15:19:06,648 - INFO - Fetching scorecard link from: https://www.cricbuzz.com/cricket-scores/115014/gt-vs-mi-9th-match-indian-premier-league-2025
2025-04-30 15:19:07,119 - INFO - Found scorecard link: https://www.cricbuzz.com/live-cricket-scorecard/115014/gt-vs-mi-9th-match-indian-premier-league-2025
2025-04-30 15:19:07,120 - INFO - Processing scorecard for : https://www.cricbuzz.com/cricket-scores/115014/gt-vs-mi-9th-match-indian-premier-league-2025
2025-04-30 15:19:07,120 - INFO - Scraping scorecard from: https://www.cricbuzz.com/live-cricket-scorecard/115014/gt-vs-mi-9th-match-indian-premier-league-2025
2025-04-30 15:19:07,448 - WARNING - Could not extract team names. Found 0 team name elements
2025-04-30 15:19:07,448 - ERROR - Could not extract team names from https://www.cricbuzz.com/live-cricket-scorecard/115014/gt-vs-mi-9th-match-indian-premier-league-2025
2025-04-30 15:19:09,464 - INFO - Fetching scorecard link from: https://www.cricbuzz.com/cricket-scores/115021/srh-vs-dc-10th-match-indian-premier-league-2025
2025-04-30 15:19:09,783 - INFO - Found scorecard link: https://www.cricbuzz.com/live-cricket-scorecard/115021/dc-vs-srh-10th-match-indian-premier-league-2025
2025-04-30 15:19:09,783 - INFO - Processing scorecard for : https://www.cricbuzz.com/cricket-scores/115021/srh-vs-dc-10th-match-indian-premier-league-2025
2025-04-30 15:19:09,783 - INFO - Scraping scorecard from: https://www.cricbuzz.com/live-cricket-scorecard/115021/dc-vs-srh-10th-match-indian-premier-league-2025
2025-04-30 15:19:10,037 - WARNING - Could not extract team names. Found 0 team name elements
2025-04-30 15:19:10,038 - ERROR - Could not extract team names from https://www.cricbuzz.com/live-cricket-scorecard/115021/dc-vs-srh-10th-match-indian-premier-league-2025
2025-04-30 15:19:12,038 - INFO - Fetching scorecard link from: https://www.cricbuzz.com/cricket-scores/115030/rr-vs-csk-11th-match-indian-premier-league-2025
2025-04-30 15:19:12,324 - INFO - Found scorecard link: https://www.cricbuzz.com/live-cricket-scorecard/115030/rr-vs-csk-11th-match-indian-premier-league-2025
2025-04-30 15:19:12,324 - INFO - Processing scorecard for : https://www.cricbuzz.com/cricket-scores/115030/rr-vs-csk-11th-match-indian-premier-league-2025
2025-04-30 15:19:12,324 - INFO - Scraping scorecard from: https://www.cricbuzz.com/live-cricket-scorecard/115030/rr-vs-csk-11th-match-indian-premier-league-2025
2025-04-30 15:19:12,653 - WARNING - Could not extract team names. Found 0 team name elements
2025-04-30 15:19:12,655 - ERROR - Could not extract team names from https://www.cricbuzz.com/live-cricket-scorecard/115030/rr-vs-csk-11th-match-indian-premier-league-2025
2025-04-30 15:19:14,655 - INFO - Fetching scorecard link from: https://www.cricbuzz.com/cricket-scores/115032/kkr-vs-mi-12th-match-indian-premier-league-2025
2025-04-30 15:19:14,952 - INFO - Found scorecard link: https://www.cricbuzz.com/live-cricket-scorecard/115032/mi-vs-kkr-12th-match-indian-premier-league-2025
2025-04-30 15:19:14,953 - INFO - Processing scorecard for : https://www.cricbuzz.com/cricket-scores/115032/kkr-vs-mi-12th-match-indian-premier-league-2025
2025-04-30 15:19:14,953 - INFO - Scraping scorecard from: https://www.cricbuzz.com/live-cricket-scorecard/115032/mi-vs-kkr-12th-match-indian-premier-league-2025
2025-04-30 15:19:15,225 - WARNING - Could not extract team names. Found 0 team name elements
2025-04-30 15:19:15,225 - ERROR - Could not extract team names from https://www.cricbuzz.com/live-cricket-scorecard/115032/mi-vs-kkr-12th-match-indian-premier-league-2025
2025-04-30 15:19:17,233 - INFO - Fetching scorecard link from: https://www.cricbuzz.com/cricket-scores/115039/lsg-vs-pbks-13th-match-indian-premier-league-2025
2025-04-30 15:19:17,520 - INFO - Found scorecard link: https://www.cricbuzz.com/live-cricket-scorecard/115039/lsg-vs-pbks-13th-match-indian-premier-league-2025
2025-04-30 15:19:17,520 - INFO - Processing scorecard for : https://www.cricbuzz.com/cricket-scores/115039/lsg-vs-pbks-13th-match-indian-premier-league-2025
2025-04-30 15:19:17,520 - INFO - Scraping scorecard from: https://www.cricbuzz.com/live-cricket-scorecard/115039/lsg-vs-pbks-13th-match-indian-premier-league-2025
2025-04-30 15:19:17,747 - WARNING - Could not extract team names. Found 0 team name elements
2025-04-30 15:19:17,747 - ERROR - Could not extract team names from https://www.cricbuzz.com/live-cricket-scorecard/115039/lsg-vs-pbks-13th-match-indian-premier-league-2025
2025-04-30 15:19:19,752 - INFO - Fetching scorecard link from: https://www.cricbuzz.com/cricket-scores/115048/rcb-vs-gt-14th-match-indian-premier-league-2025
2025-04-30 15:19:20,116 - INFO - Found scorecard link: https://www.cricbuzz.com/live-cricket-scorecard/115048/rcb-vs-gt-14th-match-indian-premier-league-2025
2025-04-30 15:19:20,116 - INFO - Processing scorecard for : https://www.cricbuzz.com/cricket-scores/115048/rcb-vs-gt-14th-match-indian-premier-league-2025
2025-04-30 15:19:20,116 - INFO - Scraping scorecard from: https://www.cricbuzz.com/live-cricket-scorecard/115048/rcb-vs-gt-14th-match-indian-premier-league-2025
2025-04-30 15:19:20,434 - WARNING - Could not extract team names. Found 0 team name elements
2025-04-30 15:19:20,434 - ERROR - Could not extract team names from https://www.cricbuzz.com/live-cricket-scorecard/115048/rcb-vs-gt-14th-match-indian-premier-league-2025
2025-04-30 15:19:22,447 - INFO - Fetching scorecard link from: https://www.cricbuzz.com/cricket-scores/115050/kkr-vs-srh-15th-match-indian-premier-league-2025
2025-04-30 15:19:22,735 - INFO - Found scorecard link: https://www.cricbuzz.com/live-cricket-scorecard/115050/kkr-vs-srh-15th-match-indian-premier-league-2025
2025-04-30 15:19:22,736 - INFO - Processing scorecard for : https://www.cricbuzz.com/cricket-scores/115050/kkr-vs-srh-15th-match-indian-premier-league-2025
2025-04-30 15:19:22,736 - INFO - Scraping scorecard from: https://www.cricbuzz.com/live-cricket-scorecard/115050/kkr-vs-srh-15th-match-indian-premier-league-2025
2025-04-30 15:19:22,997 - WARNING - Could not extract team names. Found 0 team name elements
2025-04-30 15:19:22,997 - ERROR - Could not extract team names from https://www.cricbuzz.com/live-cricket-scorecard/115050/kkr-vs-srh-15th-match-indian-premier-league-2025
2025-04-30 15:19:25,010 - INFO - Fetching scorecard link from: https://www.cricbuzz.com/cricket-scores/115059/lsg-vs-mi-16th-match-indian-premier-league-2025
2025-04-30 15:19:25,533 - INFO - Found scorecard link: https://www.cricbuzz.com/live-cricket-scorecard/115059/lsg-vs-mi-16th-match-indian-premier-league-2025
2025-04-30 15:19:25,534 - INFO - Processing scorecard for : https://www.cricbuzz.com/cricket-scores/115059/lsg-vs-mi-16th-match-indian-premier-league-2025
2025-04-30 15:19:25,534 - INFO - Scraping scorecard from: https://www.cricbuzz.com/live-cricket-scorecard/115059/lsg-vs-mi-16th-match-indian-premier-league-2025
2025-04-30 15:19:25,784 - WARNING - Could not extract team names. Found 0 team name elements
2025-04-30 15:19:25,784 - ERROR - Could not extract team names from https://www.cricbuzz.com/live-cricket-scorecard/115059/lsg-vs-mi-16th-match-indian-premier-league-2025
2025-04-30 15:19:27,799 - INFO - Fetching scorecard link from: https://www.cricbuzz.com/cricket-scores/115068/dc-vs-csk-17th-match-indian-premier-league-2025
2025-04-30 15:19:28,020 - INFO - Found scorecard link: https://www.cricbuzz.com/live-cricket-scorecard/115068/csk-vs-dc-17th-match-indian-premier-league-2025
2025-04-30 15:19:28,020 - INFO - Processing scorecard for : https://www.cricbuzz.com/cricket-scores/115068/dc-vs-csk-17th-match-indian-premier-league-2025
2025-04-30 15:19:28,020 - INFO - Scraping scorecard from: https://www.cricbuzz.com/live-cricket-scorecard/115068/csk-vs-dc-17th-match-indian-premier-league-2025
2025-04-30 15:19:28,247 - WARNING - Could not extract team names. Found 0 team name elements
2025-04-30 15:19:28,247 - ERROR - Could not extract team names from https://www.cricbuzz.com/live-cricket-scorecard/115068/csk-vs-dc-17th-match-indian-premier-league-2025
2025-04-30 15:19:30,251 - INFO - Fetching scorecard link from: https://www.cricbuzz.com/cricket-scores/115075/rr-vs-pbks-18th-match-indian-premier-league-2025
2025-04-30 15:19:30,587 - INFO - Found scorecard link: https://www.cricbuzz.com/live-cricket-scorecard/115075/pbks-vs-rr-18th-match-indian-premier-league-2025
2025-04-30 15:19:30,588 - INFO - Processing scorecard for : https://www.cricbuzz.com/cricket-scores/115075/rr-vs-pbks-18th-match-indian-premier-league-2025
2025-04-30 15:19:30,588 - INFO - Scraping scorecard from: https://www.cricbuzz.com/live-cricket-scorecard/115075/pbks-vs-rr-18th-match-indian-premier-league-2025
2025-04-30 15:19:30,832 - WARNING - Could not extract team names. Found 0 team name elements
2025-04-30 15:19:30,832 - ERROR - Could not extract team names from https://www.cricbuzz.com/live-cricket-scorecard/115075/pbks-vs-rr-18th-match-indian-premier-league-2025
2025-04-30 15:19:32,833 - INFO - Fetching scorecard link from: https://www.cricbuzz.com/cricket-scores/115093/srh-vs-gt-19th-match-indian-premier-league-2025
2025-04-30 15:19:33,160 - INFO - Found scorecard link: https://www.cricbuzz.com/live-cricket-scorecard/115093/srh-vs-gt-19th-match-indian-premier-league-2025
2025-04-30 15:19:33,160 - INFO - Processing scorecard for : https://www.cricbuzz.com/cricket-scores/115093/srh-vs-gt-19th-match-indian-premier-league-2025
2025-04-30 15:19:33,160 - INFO - Scraping scorecard from: https://www.cricbuzz.com/live-cricket-scorecard/115093/srh-vs-gt-19th-match-indian-premier-league-2025
2025-04-30 15:19:33,392 - WARNING - Could not extract team names. Found 0 team name elements
2025-04-30 15:19:33,392 - ERROR - Could not extract team names from https://www.cricbuzz.com/live-cricket-scorecard/115093/srh-vs-gt-19th-match-indian-premier-league-2025
2025-04-30 15:19:35,395 - INFO - Fetching scorecard link from: https://www.cricbuzz.com/cricket-scores/115095/rcb-vs-mi-20th-match-indian-premier-league-2025
2025-04-30 15:19:35,954 - INFO - Found scorecard link: https://www.cricbuzz.com/live-cricket-scorecard/115095/mi-vs-rcb-20th-match-indian-premier-league-2025
2025-04-30 15:19:35,954 - INFO - Processing scorecard for : https://www.cricbuzz.com/cricket-scores/115095/rcb-vs-mi-20th-match-indian-premier-league-2025
2025-04-30 15:19:35,954 - INFO - Scraping scorecard from: https://www.cricbuzz.com/live-cricket-scorecard/115095/mi-vs-rcb-20th-match-indian-premier-league-2025
2025-04-30 15:19:36,233 - WARNING - Could not extract team names. Found 0 team name elements
2025-04-30 15:19:36,233 - ERROR - Could not extract team names from https://www.cricbuzz.com/live-cricket-scorecard/115095/mi-vs-rcb-20th-match-indian-premier-league-2025
2025-04-30 15:19:38,235 - INFO - Fetching scorecard link from: https://www.cricbuzz.com/cricket-scores/115084/lsg-vs-kkr-21st-match-indian-premier-league-2025
2025-04-30 15:19:38,676 - INFO - Found scorecard link: https://www.cricbuzz.com/live-cricket-scorecard/115084/kkr-vs-lsg-21st-match-indian-premier-league-2025
2025-04-30 15:19:38,676 - INFO - Processing scorecard for : https://www.cricbuzz.com/cricket-scores/115084/lsg-vs-kkr-21st-match-indian-premier-league-2025
2025-04-30 15:19:38,676 - INFO - Scraping scorecard from: https://www.cricbuzz.com/live-cricket-scorecard/115084/kkr-vs-lsg-21st-match-indian-premier-league-2025
2025-04-30 15:19:38,953 - WARNING - Could not extract team names. Found 0 team name elements
2025-04-30 15:19:38,954 - ERROR - Could not extract team names from https://www.cricbuzz.com/live-cricket-scorecard/115084/kkr-vs-lsg-21st-match-indian-premier-league-2025
2025-04-30 15:19:40,956 - INFO - Fetching scorecard link from: https://www.cricbuzz.com/cricket-scores/115102/pbks-vs-csk-22nd-match-indian-premier-league-2025
2025-04-30 15:19:41,263 - INFO - Found scorecard link: https://www.cricbuzz.com/live-cricket-scorecard/115102/pbks-vs-csk-22nd-match-indian-premier-league-2025
2025-04-30 15:19:41,264 - INFO - Processing scorecard for : https://www.cricbuzz.com/cricket-scores/115102/pbks-vs-csk-22nd-match-indian-premier-league-2025
2025-04-30 15:19:41,264 - INFO - Scraping scorecard from: https://www.cricbuzz.com/live-cricket-scorecard/115102/pbks-vs-csk-22nd-match-indian-premier-league-2025
2025-04-30 15:19:41,483 - WARNING - Could not extract team names. Found 0 team name elements
2025-04-30 15:19:41,483 - ERROR - Could not extract team names from https://www.cricbuzz.com/live-cricket-scorecard/115102/pbks-vs-csk-22nd-match-indian-premier-league-2025
2025-04-30 15:19:43,498 - INFO - Fetching scorecard link from: https://www.cricbuzz.com/cricket-scores/115104/gt-vs-rr-23rd-match-indian-premier-league-2025
2025-04-30 15:19:43,746 - INFO - Found scorecard link: https://www.cricbuzz.com/live-cricket-scorecard/115104/gt-vs-rr-23rd-match-indian-premier-league-2025
2025-04-30 15:19:43,748 - INFO - Processing scorecard for : https://www.cricbuzz.com/cricket-scores/115104/gt-vs-rr-23rd-match-indian-premier-league-2025
2025-04-30 15:19:43,748 - INFO - Scraping scorecard from: https://www.cricbuzz.com/live-cricket-scorecard/115104/gt-vs-rr-23rd-match-indian-premier-league-2025
2025-04-30 15:19:44,148 - WARNING - Could not extract team names. Found 0 team name elements
2025-04-30 15:19:44,160 - ERROR - Could not extract team names from https://www.cricbuzz.com/live-cricket-scorecard/115104/gt-vs-rr-23rd-match-indian-premier-league-2025
2025-04-30 15:19:46,166 - INFO - Fetching scorecard link from: https://www.cricbuzz.com/cricket-scores/115111/rcb-vs-dc-24th-match-indian-premier-league-2025
2025-04-30 15:19:46,628 - INFO - Found scorecard link: https://www.cricbuzz.com/live-cricket-scorecard/115111/rcb-vs-dc-24th-match-indian-premier-league-2025
2025-04-30 15:19:46,629 - INFO - Processing scorecard for : https://www.cricbuzz.com/cricket-scores/115111/rcb-vs-dc-24th-match-indian-premier-league-2025
2025-04-30 15:19:46,629 - INFO - Scraping scorecard from: https://www.cricbuzz.com/live-cricket-scorecard/115111/rcb-vs-dc-24th-match-indian-premier-league-2025
2025-04-30 15:19:47,016 - WARNING - Could not extract team names. Found 0 team name elements
2025-04-30 15:19:47,016 - ERROR - Could not extract team names from https://www.cricbuzz.com/live-cricket-scorecard/115111/rcb-vs-dc-24th-match-indian-premier-league-2025
2025-04-30 15:19:49,028 - INFO - Fetching scorecard link from: https://www.cricbuzz.com/cricket-scores/115113/csk-vs-kkr-25th-match-indian-premier-league-2025
2025-04-30 15:19:49,329 - INFO - Found scorecard link: https://www.cricbuzz.com/live-cricket-scorecard/115113/csk-vs-kkr-25th-match-indian-premier-league-2025
2025-04-30 15:19:49,330 - INFO - Processing scorecard for : https://www.cricbuzz.com/cricket-scores/115113/csk-vs-kkr-25th-match-indian-premier-league-2025
2025-04-30 15:19:49,330 - INFO - Scraping scorecard from: https://www.cricbuzz.com/live-cricket-scorecard/115113/csk-vs-kkr-25th-match-indian-premier-league-2025
2025-04-30 15:19:49,576 - WARNING - Could not extract team names. Found 0 team name elements
2025-04-30 15:19:49,576 - ERROR - Could not extract team names from https://www.cricbuzz.com/live-cricket-scorecard/115113/csk-vs-kkr-25th-match-indian-premier-league-2025
2025-04-30 15:19:51,582 - INFO - Fetching scorecard link from: https://www.cricbuzz.com/cricket-scores/115122/gt-vs-lsg-26th-match-indian-premier-league-2025
2025-04-30 15:19:51,859 - INFO - Found scorecard link: https://www.cricbuzz.com/live-cricket-scorecard/115122/lsg-vs-gt-26th-match-indian-premier-league-2025
2025-04-30 15:19:51,859 - INFO - Processing scorecard for : https://www.cricbuzz.com/cricket-scores/115122/gt-vs-lsg-26th-match-indian-premier-league-2025
2025-04-30 15:19:51,860 - INFO - Scraping scorecard from: https://www.cricbuzz.com/live-cricket-scorecard/115122/lsg-vs-gt-26th-match-indian-premier-league-2025
2025-04-30 15:19:52,172 - WARNING - Could not extract team names. Found 0 team name elements
2025-04-30 15:19:52,173 - ERROR - Could not extract team names from https://www.cricbuzz.com/live-cricket-scorecard/115122/lsg-vs-gt-26th-match-indian-premier-league-2025
2025-04-30 15:19:54,181 - INFO - Fetching scorecard link from: https://www.cricbuzz.com/cricket-scores/115129/pbks-vs-srh-27th-match-indian-premier-league-2025
2025-04-30 15:19:54,435 - INFO - Found scorecard link: https://www.cricbuzz.com/live-cricket-scorecard/115129/srh-vs-pbks-27th-match-indian-premier-league-2025
2025-04-30 15:19:54,436 - INFO - Processing scorecard for : https://www.cricbuzz.com/cricket-scores/115129/pbks-vs-srh-27th-match-indian-premier-league-2025
2025-04-30 15:19:54,436 - INFO - Scraping scorecard from: https://www.cricbuzz.com/live-cricket-scorecard/115129/srh-vs-pbks-27th-match-indian-premier-league-2025
2025-04-30 15:19:54,706 - WARNING - Could not extract team names. Found 0 team name elements
2025-04-30 15:19:54,706 - ERROR - Could not extract team names from https://www.cricbuzz.com/live-cricket-scorecard/115129/srh-vs-pbks-27th-match-indian-premier-league-2025
2025-04-30 15:19:56,719 - INFO - Fetching scorecard link from: https://www.cricbuzz.com/cricket-scores/115138/rr-vs-rcb-28th-match-indian-premier-league-2025
2025-04-30 15:19:58,210 - INFO - Found scorecard link: https://www.cricbuzz.com/live-cricket-scorecard/115138/rr-vs-rcb-28th-match-indian-premier-league-2025
2025-04-30 15:19:58,210 - INFO - Processing scorecard for : https://www.cricbuzz.com/cricket-scores/115138/rr-vs-rcb-28th-match-indian-premier-league-2025
2025-04-30 15:19:58,210 - INFO - Scraping scorecard from: https://www.cricbuzz.com/live-cricket-scorecard/115138/rr-vs-rcb-28th-match-indian-premier-league-2025
2025-04-30 15:19:58,409 - WARNING - Could not extract team names. Found 0 team name elements
2025-04-30 15:19:58,409 - ERROR - Could not extract team names from https://www.cricbuzz.com/live-cricket-scorecard/115138/rr-vs-rcb-28th-match-indian-premier-league-2025
2025-04-30 15:20:00,412 - INFO - Fetching scorecard link from: https://www.cricbuzz.com/cricket-scores/115140/mi-vs-dc-29th-match-indian-premier-league-2025
2025-04-30 15:20:01,051 - INFO - Found scorecard link: https://www.cricbuzz.com/live-cricket-scorecard/115140/dc-vs-mi-29th-match-indian-premier-league-2025
2025-04-30 15:20:01,051 - INFO - Processing scorecard for : https://www.cricbuzz.com/cricket-scores/115140/mi-vs-dc-29th-match-indian-premier-league-2025
2025-04-30 15:20:01,051 - INFO - Scraping scorecard from: https://www.cricbuzz.com/live-cricket-scorecard/115140/dc-vs-mi-29th-match-indian-premier-league-2025
2025-04-30 15:20:01,538 - WARNING - Could not extract team names. Found 0 team name elements
2025-04-30 15:20:01,538 - ERROR - Could not extract team names from https://www.cricbuzz.com/live-cricket-scorecard/115140/dc-vs-mi-29th-match-indian-premier-league-2025
2025-04-30 15:20:03,547 - INFO - Fetching scorecard link from: https://www.cricbuzz.com/cricket-scores/115149/lsg-vs-csk-30th-match-indian-premier-league-2025
2025-04-30 15:20:03,817 - INFO - Found scorecard link: https://www.cricbuzz.com/live-cricket-scorecard/115149/lsg-vs-csk-30th-match-indian-premier-league-2025
2025-04-30 15:20:03,817 - INFO - Processing scorecard for : https://www.cricbuzz.com/cricket-scores/115149/lsg-vs-csk-30th-match-indian-premier-league-2025
2025-04-30 15:20:03,817 - INFO - Scraping scorecard from: https://www.cricbuzz.com/live-cricket-scorecard/115149/lsg-vs-csk-30th-match-indian-premier-league-2025
2025-04-30 15:20:04,055 - WARNING - Could not extract team names. Found 0 team name elements
2025-04-30 15:20:04,055 - ERROR - Could not extract team names from https://www.cricbuzz.com/live-cricket-scorecard/115149/lsg-vs-csk-30th-match-indian-premier-league-2025
2025-04-30 15:20:06,057 - INFO - Fetching scorecard link from: https://www.cricbuzz.com/cricket-scores/115156/pbks-vs-kkr-31st-match-indian-premier-league-2025
2025-04-30 15:20:06,352 - INFO - Found scorecard link: https://www.cricbuzz.com/live-cricket-scorecard/115156/pbks-vs-kkr-31st-match-indian-premier-league-2025
2025-04-30 15:20:06,352 - INFO - Processing scorecard for : https://www.cricbuzz.com/cricket-scores/115156/pbks-vs-kkr-31st-match-indian-premier-league-2025
2025-04-30 15:20:06,352 - INFO - Scraping scorecard from: https://www.cricbuzz.com/live-cricket-scorecard/115156/pbks-vs-kkr-31st-match-indian-premier-league-2025
2025-04-30 15:20:06,612 - WARNING - Could not extract team names. Found 0 team name elements
2025-04-30 15:20:06,612 - ERROR - Could not extract team names from https://www.cricbuzz.com/live-cricket-scorecard/115156/pbks-vs-kkr-31st-match-indian-premier-league-2025
2025-04-30 15:20:08,619 - INFO - Fetching scorecard link from: https://www.cricbuzz.com/cricket-scores/115165/dc-vs-rr-32nd-match-indian-premier-league-2025
2025-04-30 15:20:08,954 - INFO - Found scorecard link: https://www.cricbuzz.com/live-cricket-scorecard/115165/dc-vs-rr-32nd-match-indian-premier-league-2025
2025-04-30 15:20:08,955 - INFO - Processing scorecard for : https://www.cricbuzz.com/cricket-scores/115165/dc-vs-rr-32nd-match-indian-premier-league-2025
2025-04-30 15:20:08,955 - INFO - Scraping scorecard from: https://www.cricbuzz.com/live-cricket-scorecard/115165/dc-vs-rr-32nd-match-indian-premier-league-2025
2025-04-30 15:20:10,609 - WARNING - Could not extract team names. Found 0 team name elements
2025-04-30 15:20:10,609 - ERROR - Could not extract team names from https://www.cricbuzz.com/live-cricket-scorecard/115165/dc-vs-rr-32nd-match-indian-premier-league-2025
2025-04-30 15:20:12,612 - INFO - Fetching scorecard link from: https://www.cricbuzz.com/cricket-scores/115167/srh-vs-mi-33rd-match-indian-premier-league-2025
2025-04-30 15:20:12,912 - INFO - Found scorecard link: https://www.cricbuzz.com/live-cricket-scorecard/115167/mi-vs-srh-33rd-match-indian-premier-league-2025
2025-04-30 15:20:12,913 - INFO - Processing scorecard for : https://www.cricbuzz.com/cricket-scores/115167/srh-vs-mi-33rd-match-indian-premier-league-2025
2025-04-30 15:20:12,913 - INFO - Scraping scorecard from: https://www.cricbuzz.com/live-cricket-scorecard/115167/mi-vs-srh-33rd-match-indian-premier-league-2025
2025-04-30 15:20:13,302 - WARNING - Could not extract team names. Found 0 team name elements
2025-04-30 15:20:13,302 - ERROR - Could not extract team names from https://www.cricbuzz.com/live-cricket-scorecard/115167/mi-vs-srh-33rd-match-indian-premier-league-2025
2025-04-30 15:20:15,313 - INFO - Fetching scorecard link from: https://www.cricbuzz.com/cricket-scores/115174/rcb-vs-pbks-34th-match-indian-premier-league-2025
2025-04-30 15:20:15,749 - INFO - Found scorecard link: https://www.cricbuzz.com/live-cricket-scorecard/115174/rcb-vs-pbks-34th-match-indian-premier-league-2025
2025-04-30 15:20:15,751 - INFO - Processing scorecard for : https://www.cricbuzz.com/cricket-scores/115174/rcb-vs-pbks-34th-match-indian-premier-league-2025
2025-04-30 15:20:15,751 - INFO - Scraping scorecard from: https://www.cricbuzz.com/live-cricket-scorecard/115174/rcb-vs-pbks-34th-match-indian-premier-league-2025
2025-04-30 15:20:16,025 - WARNING - Could not extract team names. Found 0 team name elements
2025-04-30 15:20:16,025 - ERROR - Could not extract team names from https://www.cricbuzz.com/live-cricket-scorecard/115174/rcb-vs-pbks-34th-match-indian-premier-league-2025
2025-04-30 15:20:18,028 - INFO - Fetching scorecard link from: https://www.cricbuzz.com/cricket-scores/115176/dc-vs-gt-35th-match-indian-premier-league-2025
2025-04-30 15:20:18,588 - INFO - Found scorecard link: https://www.cricbuzz.com/live-cricket-scorecard/115176/gt-vs-dc-35th-match-indian-premier-league-2025
2025-04-30 15:20:18,589 - INFO - Processing scorecard for : https://www.cricbuzz.com/cricket-scores/115176/dc-vs-gt-35th-match-indian-premier-league-2025
2025-04-30 15:20:18,589 - INFO - Scraping scorecard from: https://www.cricbuzz.com/live-cricket-scorecard/115176/gt-vs-dc-35th-match-indian-premier-league-2025
2025-04-30 15:20:19,016 - WARNING - Could not extract team names. Found 0 team name elements
2025-04-30 15:20:19,016 - ERROR - Could not extract team names from https://www.cricbuzz.com/live-cricket-scorecard/115176/gt-vs-dc-35th-match-indian-premier-league-2025
2025-04-30 15:20:21,020 - INFO - Fetching scorecard link from: https://www.cricbuzz.com/cricket-scores/115183/lsg-vs-rr-36th-match-indian-premier-league-2025
2025-04-30 15:20:21,317 - INFO - Found scorecard link: https://www.cricbuzz.com/live-cricket-scorecard/115183/rr-vs-lsg-36th-match-indian-premier-league-2025
2025-04-30 15:20:21,317 - INFO - Processing scorecard for : https://www.cricbuzz.com/cricket-scores/115183/lsg-vs-rr-36th-match-indian-premier-league-2025
2025-04-30 15:20:21,318 - INFO - Scraping scorecard from: https://www.cricbuzz.com/live-cricket-scorecard/115183/rr-vs-lsg-36th-match-indian-premier-league-2025
2025-04-30 15:20:21,641 - WARNING - Could not extract team names. Found 0 team name elements
2025-04-30 15:20:21,641 - ERROR - Could not extract team names from https://www.cricbuzz.com/live-cricket-scorecard/115183/rr-vs-lsg-36th-match-indian-premier-league-2025
2025-04-30 15:20:23,645 - INFO - Fetching scorecard link from: https://www.cricbuzz.com/cricket-scores/115192/pbks-vs-rcb-37th-match-indian-premier-league-2025
2025-04-30 15:20:23,864 - INFO - Found scorecard link: https://www.cricbuzz.com/live-cricket-scorecard/115192/pbks-vs-rcb-37th-match-indian-premier-league-2025
2025-04-30 15:20:23,864 - INFO - Processing scorecard for : https://www.cricbuzz.com/cricket-scores/115192/pbks-vs-rcb-37th-match-indian-premier-league-2025
2025-04-30 15:20:23,864 - INFO - Scraping scorecard from: https://www.cricbuzz.com/live-cricket-scorecard/115192/pbks-vs-rcb-37th-match-indian-premier-league-2025
2025-04-30 15:20:24,067 - WARNING - Could not extract team names. Found 0 team name elements
2025-04-30 15:20:24,067 - ERROR - Could not extract team names from https://www.cricbuzz.com/live-cricket-scorecard/115192/pbks-vs-rcb-37th-match-indian-premier-league-2025
2025-04-30 15:20:26,074 - INFO - Fetching scorecard link from: https://www.cricbuzz.com/cricket-scores/115201/csk-vs-mi-38th-match-indian-premier-league-2025
2025-04-30 15:20:26,423 - INFO - Found scorecard link: https://www.cricbuzz.com/live-cricket-scorecard/115201/mi-vs-csk-38th-match-indian-premier-league-2025
2025-04-30 15:20:26,424 - INFO - Processing scorecard for : https://www.cricbuzz.com/cricket-scores/115201/csk-vs-mi-38th-match-indian-premier-league-2025
2025-04-30 15:20:26,424 - INFO - Scraping scorecard from: https://www.cricbuzz.com/live-cricket-scorecard/115201/mi-vs-csk-38th-match-indian-premier-league-2025
2025-04-30 15:20:26,702 - WARNING - Could not extract team names. Found 0 team name elements
2025-04-30 15:20:26,702 - ERROR - Could not extract team names from https://www.cricbuzz.com/live-cricket-scorecard/115201/mi-vs-csk-38th-match-indian-premier-league-2025
2025-04-30 15:21:42,942 - INFO - Reading match links from CSV file: cricbuzz_matches.csv
2025-04-30 15:21:42,942 - INFO - Read 70 match links from CSV.
2025-04-30 15:21:42,942 - INFO - Fetching scorecard link from: https://www.cricbuzz.com/cricket-scores/114960/kkr-vs-rcb-1st-match-indian-premier-league-2025
2025-04-30 15:21:43,254 - INFO - Found scorecard link: https://www.cricbuzz.com/live-cricket-scorecard/114960/kkr-vs-rcb-1st-match-indian-premier-league-2025
2025-04-30 15:21:43,255 - INFO - Processing scorecard for : https://www.cricbuzz.com/cricket-scores/114960/kkr-vs-rcb-1st-match-indian-premier-league-2025
2025-04-30 15:21:43,255 - INFO - Scraping scorecard from: https://www.cricbuzz.com/live-cricket-scorecard/114960/kkr-vs-rcb-1st-match-indian-premier-league-2025
2025-04-30 15:21:43,520 - INFO - Found 6 innings containers
2025-04-30 15:21:43,521 - INFO - Found 13 batter rows
2025-04-30 15:21:43,521 - WARNING - Incorrect number of columns in batter row. Expected 4, got 5 for de Kock (wk)
2025-04-30 15:21:43,521 - WARNING - Incorrect number of columns in batter row. Expected 4, got 5 for Narine
2025-04-30 15:21:43,522 - WARNING - Incorrect number of columns in batter row. Expected 4, got 5 for Ajinkya Rahane (c)
2025-04-30 15:21:43,522 - WARNING - Incorrect number of columns in batter row. Expected 4, got 5 for Venkatesh Iyer
2025-04-30 15:21:43,522 - WARNING - Incorrect number of columns in batter row. Expected 4, got 5 for Angkrish Raghuvanshi
2025-04-30 15:21:43,522 - WARNING - Incorrect number of columns in batter row. Expected 4, got 5 for Rinku Singh
2025-04-30 15:21:43,522 - WARNING - Incorrect number of columns in batter row. Expected 4, got 5 for Russell
2025-04-30 15:21:43,522 - WARNING - Incorrect number of columns in batter row. Expected 4, got 5 for Ramandeep Singh
2025-04-30 15:21:43,522 - WARNING - Incorrect number of columns in batter row. Expected 4, got 5 for Harshit Rana
2025-04-30 15:21:43,522 - WARNING - Incorrect number of columns in batter row. Expected 4, got 5 for Spencer Johnson
2025-04-30 15:21:43,522 - WARNING - Incorrect number of columns in batter row. Expected 4, got 0 for NA
2025-04-30 15:21:43,523 - WARNING - Incorrect number of columns in batter row. Expected 4, got 0 for NA
2025-04-30 15:21:43,523 - WARNING - Incorrect number of columns in batter row. Expected 4, got 0 for Varun Chakaravarthy
2025-04-30 15:21:43,523 - INFO - Found 6 batter rows
2025-04-30 15:21:43,523 - WARNING - Incorrect number of columns in batter row. Expected 4, got 5 for Hazlewood
2025-04-30 15:21:43,523 - WARNING - Incorrect number of columns in batter row. Expected 4, got 5 for Yash Dayal
2025-04-30 15:21:43,523 - WARNING - Incorrect number of columns in batter row. Expected 4, got 5 for Rasikh Salam
2025-04-30 15:21:43,523 - WARNING - Incorrect number of columns in batter row. Expected 4, got 5 for Krunal Pandya
2025-04-30 15:21:43,524 - WARNING - Incorrect number of columns in batter row. Expected 4, got 5 for Suyash Sharma
2025-04-30 15:21:43,524 - WARNING - Incorrect number of columns in batter row. Expected 4, got 5 for Livingstone
2025-04-30 15:21:43,524 - INFO - Found 0 batter rows
2025-04-30 15:21:43,524 - INFO - Found 8 batter rows
2025-04-30 15:21:43,525 - WARNING - Incorrect number of columns in batter row. Expected 4, got 5 for Philip Salt
2025-04-30 15:21:43,525 - WARNING - Incorrect number of columns in batter row. Expected 4, got 5 for Virat Kohli
2025-04-30 15:21:43,525 - WARNING - Incorrect number of columns in batter row. Expected 4, got 5 for Devdutt Padikkal
2025-04-30 15:21:43,525 - WARNING - Incorrect number of columns in batter row. Expected 4, got 5 for Rajat Patidar (c)
2025-04-30 15:21:43,526 - WARNING - Incorrect number of columns in batter row. Expected 4, got 5 for Liam Livingstone
2025-04-30 15:21:43,526 - WARNING - Incorrect number of columns in batter row. Expected 4, got 0 for NA
2025-04-30 15:21:43,526 - WARNING - Incorrect number of columns in batter row. Expected 4, got 0 for NA
2025-04-30 15:21:43,527 - WARNING - Incorrect number of columns in batter row. Expected 4, got 0 for Jitesh Sharma (wk)
2025-04-30 15:21:43,527 - INFO - Found 5 batter rows
2025-04-30 15:21:43,527 - WARNING - Incorrect number of columns in batter row. Expected 4, got 5 for Vaibhav Arora
2025-04-30 15:21:43,528 - WARNING - Incorrect number of columns in batter row. Expected 4, got 5 for Spencer Johnson
2025-04-30 15:21:43,528 - WARNING - Incorrect number of columns in batter row. Expected 4, got 5 for Varun Chakaravarthy
2025-04-30 15:21:43,529 - WARNING - Incorrect number of columns in batter row. Expected 4, got 5 for Harshit Rana
2025-04-30 15:21:43,529 - WARNING - Incorrect number of columns in batter row. Expected 4, got 5 for Sunil Narine
2025-04-30 15:21:43,529 - INFO - Found 0 batter rows
2025-04-30 15:21:45,532 - INFO - Fetching scorecard link from: https://www.cricbuzz.com/cricket-scores/114967/srh-vs-rr-2nd-match-indian-premier-league-2025
2025-04-30 15:21:45,917 - INFO - Found scorecard link: https://www.cricbuzz.com/live-cricket-scorecard/114967/srh-vs-rr-2nd-match-indian-premier-league-2025
2025-04-30 15:21:45,917 - INFO - Processing scorecard for : https://www.cricbuzz.com/cricket-scores/114967/srh-vs-rr-2nd-match-indian-premier-league-2025
2025-04-30 15:21:45,917 - INFO - Scraping scorecard from: https://www.cricbuzz.com/live-cricket-scorecard/114967/srh-vs-rr-2nd-match-indian-premier-league-2025
2025-04-30 15:21:46,354 - INFO - Found 6 innings containers
2025-04-30 15:21:46,355 - INFO - Found 11 batter rows
2025-04-30 15:21:46,355 - WARNING - Incorrect number of columns in batter row. Expected 4, got 5 for Abhishek Sharma
2025-04-30 15:21:46,355 - WARNING - Incorrect number of columns in batter row. Expected 4, got 5 for Head
2025-04-30 15:21:46,355 - WARNING - Incorrect number of columns in batter row. Expected 4, got 5 for Ishan Kishan
2025-04-30 15:21:46,356 - WARNING - Incorrect number of columns in batter row. Expected 4, got 5 for Nitish Reddy
2025-04-30 15:21:46,356 - WARNING - Incorrect number of columns in batter row. Expected 4, got 5 for Klaasen (wk)
2025-04-30 15:21:46,356 - WARNING - Incorrect number of columns in batter row. Expected 4, got 5 for Aniket Verma
2025-04-30 15:21:46,356 - WARNING - Incorrect number of columns in batter row. Expected 4, got 5 for Abhinav Manohar
2025-04-30 15:21:46,356 - WARNING - Incorrect number of columns in batter row. Expected 4, got 5 for Cummins (c)
2025-04-30 15:21:46,357 - WARNING - Incorrect number of columns in batter row. Expected 4, got 0 for NA
2025-04-30 15:21:46,357 - WARNING - Incorrect number of columns in batter row. Expected 4, got 0 for NA
2025-04-30 15:21:46,357 - WARNING - Incorrect number of columns in batter row. Expected 4, got 0 for Simarjeet Singh
2025-04-30 15:21:46,358 - INFO - Found 6 batter rows
2025-04-30 15:21:46,358 - WARNING - Incorrect number of columns in batter row. Expected 4, got 5 for Fazalhaq Farooqi
2025-04-30 15:21:46,358 - WARNING - Incorrect number of columns in batter row. Expected 4, got 5 for M Theekshana
2025-04-30 15:21:46,358 - WARNING - Incorrect number of columns in batter row. Expected 4, got 5 for Jofra Archer
2025-04-30 15:21:46,358 - WARNING - Incorrect number of columns in batter row. Expected 4, got 5 for Sandeep Sharma
2025-04-30 15:21:46,358 - WARNING - Incorrect number of columns in batter row. Expected 4, got 5 for Nitish Rana
2025-04-30 15:21:46,359 - WARNING - Incorrect number of columns in batter row. Expected 4, got 5 for Tushar Deshpande
2025-04-30 15:21:46,359 - INFO - Found 0 batter rows
2025-04-30 15:21:46,359 - INFO - Found 11 batter rows
2025-04-30 15:21:46,359 - WARNING - Incorrect number of columns in batter row. Expected 4, got 5 for Yashasvi Jaiswal
2025-04-30 15:21:46,359 - WARNING - Incorrect number of columns in batter row. Expected 4, got 5 for Sanju Samson
2025-04-30 15:21:46,359 - WARNING - Incorrect number of columns in batter row. Expected 4, got 5 for Riyan Parag (c)
2025-04-30 15:21:46,359 - WARNING - Incorrect number of columns in batter row. Expected 4, got 5 for Nitish Rana
2025-04-30 15:21:46,360 - WARNING - Incorrect number of columns in batter row. Expected 4, got 5 for Dhruv Jurel (wk)
2025-04-30 15:21:46,360 - WARNING - Incorrect number of columns in batter row. Expected 4, got 5 for Shimron Hetmyer
2025-04-30 15:21:46,360 - WARNING - Incorrect number of columns in batter row. Expected 4, got 5 for Shubham Dubey
2025-04-30 15:21:46,360 - WARNING - Incorrect number of columns in batter row. Expected 4, got 5 for Jofra Archer
2025-04-30 15:21:46,360 - WARNING - Incorrect number of columns in batter row. Expected 4, got 0 for NA
2025-04-30 15:21:46,360 - WARNING - Incorrect number of columns in batter row. Expected 4, got 0 for NA
2025-04-30 15:21:46,360 - WARNING - Incorrect number of columns in batter row. Expected 4, got 0 for Maheesh Theekshana
2025-04-30 15:21:46,360 - INFO - Found 6 batter rows
2025-04-30 15:21:46,360 - WARNING - Incorrect number of columns in batter row. Expected 4, got 5 for Mohammed Shami
2025-04-30 15:21:46,361 - WARNING - Incorrect number of columns in batter row. Expected 4, got 5 for Simarjeet Singh
2025-04-30 15:21:46,361 - WARNING - Incorrect number of columns in batter row. Expected 4, got 5 for Pat Cummins (c)
2025-04-30 15:21:46,361 - WARNING - Incorrect number of columns in batter row. Expected 4, got 5 for Abhishek Sharma
2025-04-30 15:21:46,361 - WARNING - Incorrect number of columns in batter row. Expected 4, got 5 for Adam Zampa
2025-04-30 15:21:46,361 - WARNING - Incorrect number of columns in batter row. Expected 4, got 5 for Harshal Patel
2025-04-30 15:21:46,361 - INFO - Found 0 batter rows
2025-04-30 15:21:48,369 - INFO - Fetching scorecard link from: https://www.cricbuzz.com/cricket-scores/114976/mi-vs-csk-3rd-match-indian-premier-league-2025
2025-04-30 15:21:48,678 - INFO - Found scorecard link: https://www.cricbuzz.com/live-cricket-scorecard/114976/csk-vs-mi-3rd-match-indian-premier-league-2025
2025-04-30 15:21:48,678 - INFO - Processing scorecard for : https://www.cricbuzz.com/cricket-scores/114976/mi-vs-csk-3rd-match-indian-premier-league-2025
2025-04-30 15:21:48,678 - INFO - Scraping scorecard from: https://www.cricbuzz.com/live-cricket-scorecard/114976/csk-vs-mi-3rd-match-indian-premier-league-2025
2025-04-30 15:21:48,935 - INFO - Found 6 innings containers
2025-04-30 15:21:48,936 - INFO - Found 14 batter rows
2025-04-30 15:21:48,936 - WARNING - Incorrect number of columns in batter row. Expected 4, got 5 for Rohit
2025-04-30 15:21:48,936 - WARNING - Incorrect number of columns in batter row. Expected 4, got 5 for Rickelton (wk)
2025-04-30 15:21:48,936 - WARNING - Incorrect number of columns in batter row. Expected 4, got 5 for Will Jacks
2025-04-30 15:21:48,937 - WARNING - Incorrect number of columns in batter row. Expected 4, got 5 for Suryakumar Yadav (c)
2025-04-30 15:21:48,937 - WARNING - Incorrect number of columns in batter row. Expected 4, got 5 for Tilak Varma
2025-04-30 15:21:48,937 - WARNING - Incorrect number of columns in batter row. Expected 4, got 5 for Robin Minz
2025-04-30 15:21:48,937 - WARNING - Incorrect number of columns in batter row. Expected 4, got 5 for Naman Dhir
2025-04-30 15:21:48,937 - WARNING - Incorrect number of columns in batter row. Expected 4, got 5 for Santner
2025-04-30 15:21:48,937 - WARNING - Incorrect number of columns in batter row. Expected 4, got 5 for D Chahar
2025-04-30 15:21:48,937 - WARNING - Incorrect number of columns in batter row. Expected 4, got 5 for Boult
2025-04-30 15:21:48,938 - WARNING - Incorrect number of columns in batter row. Expected 4, got 5 for Satyanarayana Raju
2025-04-30 15:21:48,938 - WARNING - Incorrect number of columns in batter row. Expected 4, got 0 for NA
2025-04-30 15:21:48,938 - WARNING - Incorrect number of columns in batter row. Expected 4, got 0 for NA
2025-04-30 15:21:48,938 - WARNING - Incorrect number of columns in batter row. Expected 4, got 0 for Vignesh Puthur
2025-04-30 15:21:48,939 - INFO - Found 6 batter rows
2025-04-30 15:21:48,940 - WARNING - Incorrect number of columns in batter row. Expected 4, got 5 for Khaleel Ahmed
2025-04-30 15:21:48,940 - WARNING - Incorrect number of columns in batter row. Expected 4, got 5 for Sam Curran
2025-04-30 15:21:48,940 - WARNING - Incorrect number of columns in batter row. Expected 4, got 5 for Nathan Ellis
2025-04-30 15:21:48,940 - WARNING - Incorrect number of columns in batter row. Expected 4, got 5 for Ashwin
2025-04-30 15:21:48,940 - WARNING - Incorrect number of columns in batter row. Expected 4, got 5 for Ravindra Jadeja
2025-04-30 15:21:48,941 - WARNING - Incorrect number of columns in batter row. Expected 4, got 5 for Noor Ahmad
2025-04-30 15:21:48,941 - INFO - Found 0 batter rows
2025-04-30 15:21:48,941 - INFO - Found 11 batter rows
2025-04-30 15:21:48,941 - WARNING - Incorrect number of columns in batter row. Expected 4, got 5 for Rachin Ravindra
2025-04-30 15:21:48,941 - WARNING - Incorrect number of columns in batter row. Expected 4, got 5 for Rahul Tripathi
2025-04-30 15:21:48,942 - WARNING - Incorrect number of columns in batter row. Expected 4, got 5 for Ruturaj Gaikwad (c)
2025-04-30 15:21:48,942 - WARNING - Incorrect number of columns in batter row. Expected 4, got 5 for Shivam Dube
2025-04-30 15:21:48,942 - WARNING - Incorrect number of columns in batter row. Expected 4, got 5 for Deepak Hooda
2025-04-30 15:21:48,942 - WARNING - Incorrect number of columns in batter row. Expected 4, got 5 for Sam Curran
2025-04-30 15:21:48,943 - WARNING - Incorrect number of columns in batter row. Expected 4, got 5 for Ravindra Jadeja
2025-04-30 15:21:48,943 - WARNING - Incorrect number of columns in batter row. Expected 4, got 5 for MS Dhoni (wk)
2025-04-30 15:21:48,943 - WARNING - Incorrect number of columns in batter row. Expected 4, got 0 for NA
2025-04-30 15:21:48,943 - WARNING - Incorrect number of columns in batter row. Expected 4, got 0 for NA
2025-04-30 15:21:48,943 - WARNING - Incorrect number of columns in batter row. Expected 4, got 0 for Ravichandran Ashwin
2025-04-30 15:21:48,943 - INFO - Found 7 batter rows
2025-04-30 15:21:48,943 - WARNING - Incorrect number of columns in batter row. Expected 4, got 5 for Trent Boult
2025-04-30 15:21:48,944 - WARNING - Incorrect number of columns in batter row. Expected 4, got 5 for Deepak Chahar
2025-04-30 15:21:48,944 - WARNING - Incorrect number of columns in batter row. Expected 4, got 5 for Satyanarayana Raju
2025-04-30 15:21:48,944 - WARNING - Incorrect number of columns in batter row. Expected 4, got 5 for Mitchell Santner
2025-04-30 15:21:48,944 - WARNING - Incorrect number of columns in batter row. Expected 4, got 5 for Will Jacks
2025-04-30 15:21:48,944 - WARNING - Incorrect number of columns in batter row. Expected 4, got 5 for Vignesh Puthur
2025-04-30 15:21:48,944 - WARNING - Incorrect number of columns in batter row. Expected 4, got 5 for Naman Dhir
2025-04-30 15:21:48,944 - INFO - Found 0 batter rows
2025-04-30 15:21:50,944 - INFO - Fetching scorecard link from: https://www.cricbuzz.com/cricket-scores/114985/lsg-vs-dc-4th-match-indian-premier-league-2025
2025-04-30 15:21:51,435 - INFO - Found scorecard link: https://www.cricbuzz.com/live-cricket-scorecard/114985/dc-vs-lsg-4th-match-indian-premier-league-2025
2025-04-30 15:21:51,435 - INFO - Processing scorecard for : https://www.cricbuzz.com/cricket-scores/114985/lsg-vs-dc-4th-match-indian-premier-league-2025
2025-04-30 15:21:51,435 - INFO - Scraping scorecard from: https://www.cricbuzz.com/live-cricket-scorecard/114985/dc-vs-lsg-4th-match-indian-premier-league-2025
2025-04-30 15:21:51,720 - INFO - Found 6 innings containers
2025-04-30 15:21:51,720 - INFO - Found 13 batter rows
2025-04-30 15:21:51,720 - WARNING - Incorrect number of columns in batter row. Expected 4, got 5 for Markram
2025-04-30 15:21:51,720 - WARNING - Incorrect number of columns in batter row. Expected 4, got 5 for Mitchell Marsh
2025-04-30 15:21:51,722 - WARNING - Incorrect number of columns in batter row. Expected 4, got 5 for Pooran
2025-04-30 15:21:51,722 - WARNING - Incorrect number of columns in batter row. Expected 4, got 5 for Pant (c & wk)
2025-04-30 15:21:51,722 - WARNING - Incorrect number of columns in batter row. Expected 4, got 5 for David Miller
2025-04-30 15:21:51,722 - WARNING - Incorrect number of columns in batter row. Expected 4, got 5 for Ayush Badoni
2025-04-30 15:21:51,722 - WARNING - Incorrect number of columns in batter row. Expected 4, got 5 for Thakur
2025-04-30 15:21:51,722 - WARNING - Incorrect number of columns in batter row. Expected 4, got 5 for Shahbaz Ahmed
2025-04-30 15:21:51,722 - WARNING - Incorrect number of columns in batter row. Expected 4, got 5 for Ravi Bishnoi
2025-04-30 15:21:51,722 - WARNING - Incorrect number of columns in batter row. Expected 4, got 5 for Digvesh Rathi
2025-04-30 15:21:51,722 - WARNING - Incorrect number of columns in batter row. Expected 4, got 0 for NA
2025-04-30 15:21:51,722 - WARNING - Incorrect number of columns in batter row. Expected 4, got 0 for NA
2025-04-30 15:21:51,722 - WARNING - Incorrect number of columns in batter row. Expected 4, got 0 for Prince Yadav
2025-04-30 15:21:51,723 - INFO - Found 7 batter rows
2025-04-30 15:21:51,723 - WARNING - Incorrect number of columns in batter row. Expected 4, got 5 for Mitchell Starc
2025-04-30 15:21:51,723 - WARNING - Incorrect number of columns in batter row. Expected 4, got 5 for Axar (c)
2025-04-30 15:21:51,723 - WARNING - Incorrect number of columns in batter row. Expected 4, got 5 for Vipraj Nigam
2025-04-30 15:21:51,723 - WARNING - Incorrect number of columns in batter row. Expected 4, got 5 for Mukesh Kumar
2025-04-30 15:21:51,723 - WARNING - Incorrect number of columns in batter row. Expected 4, got 5 for Kuldeep Yadav
2025-04-30 15:21:51,723 - WARNING - Incorrect number of columns in batter row. Expected 4, got 5 for Mohit Sharma
2025-04-30 15:21:51,723 - WARNING - Incorrect number of columns in batter row. Expected 4, got 5 for Stubbs
2025-04-30 15:21:51,723 - INFO - Found 0 batter rows
2025-04-30 15:21:51,724 - INFO - Found 14 batter rows
2025-04-30 15:21:51,724 - WARNING - Incorrect number of columns in batter row. Expected 4, got 5 for Jake Fraser-McGurk
2025-04-30 15:21:51,724 - WARNING - Incorrect number of columns in batter row. Expected 4, got 5 for Faf du Plessis
2025-04-30 15:21:51,724 - WARNING - Incorrect number of columns in batter row. Expected 4, got 5 for Abishek Porel (wk)
2025-04-30 15:21:51,724 - WARNING - Incorrect number of columns in batter row. Expected 4, got 5 for Sameer Rizvi
2025-04-30 15:21:51,725 - WARNING - Incorrect number of columns in batter row. Expected 4, got 5 for Axar Patel (c)
2025-04-30 15:21:51,725 - WARNING - Incorrect number of columns in batter row. Expected 4, got 5 for Tristan Stubbs
2025-04-30 15:21:51,725 - WARNING - Incorrect number of columns in batter row. Expected 4, got 5 for Ashutosh Sharma
2025-04-30 15:21:51,725 - WARNING - Incorrect number of columns in batter row. Expected 4, got 5 for Vipraj Nigam
2025-04-30 15:21:51,725 - WARNING - Incorrect number of columns in batter row. Expected 4, got 5 for Mitchell Starc
2025-04-30 15:21:51,725 - WARNING - Incorrect number of columns in batter row. Expected 4, got 5 for Kuldeep Yadav
2025-04-30 15:21:51,725 - WARNING - Incorrect number of columns in batter row. Expected 4, got 5 for Mohit Sharma
2025-04-30 15:21:51,725 - WARNING - Incorrect number of columns in batter row. Expected 4, got 0 for NA
2025-04-30 15:21:51,725 - WARNING - Incorrect number of columns in batter row. Expected 4, got 0 for NA
2025-04-30 15:21:51,725 - WARNING - Incorrect number of columns in batter row. Expected 4, got 0 for Mukesh Kumar
2025-04-30 15:21:51,726 - INFO - Found 6 batter rows
2025-04-30 15:21:51,726 - WARNING - Incorrect number of columns in batter row. Expected 4, got 5 for Shardul Thakur
2025-04-30 15:21:51,726 - WARNING - Incorrect number of columns in batter row. Expected 4, got 5 for Manimaran Siddharth
2025-04-30 15:21:51,726 - WARNING - Incorrect number of columns in batter row. Expected 4, got 5 for Digvesh Rathi
2025-04-30 15:21:51,726 - WARNING - Incorrect number of columns in batter row. Expected 4, got 5 for Ravi Bishnoi
2025-04-30 15:21:51,726 - WARNING - Incorrect number of columns in batter row. Expected 4, got 5 for Prince Yadav
2025-04-30 15:21:51,726 - WARNING - Incorrect number of columns in batter row. Expected 4, got 5 for Shahbaz Ahmed
2025-04-30 15:21:51,726 - INFO - Found 0 batter rows
2025-04-30 15:21:53,735 - INFO - Fetching scorecard link from: https://www.cricbuzz.com/cricket-scores/114987/pbks-vs-gt-5th-match-indian-premier-league-2025
2025-04-30 15:21:54,300 - INFO - Found scorecard link: https://www.cricbuzz.com/live-cricket-scorecard/114987/gt-vs-pbks-5th-match-indian-premier-league-2025
2025-04-30 15:21:54,300 - INFO - Processing scorecard for : https://www.cricbuzz.com/cricket-scores/114987/pbks-vs-gt-5th-match-indian-premier-league-2025
2025-04-30 15:21:54,300 - INFO - Scraping scorecard from: https://www.cricbuzz.com/live-cricket-scorecard/114987/gt-vs-pbks-5th-match-indian-premier-league-2025
2025-04-30 15:21:54,568 - INFO - Found 6 innings containers
2025-04-30 15:21:54,569 - INFO - Found 10 batter rows
2025-04-30 15:21:54,569 - WARNING - Incorrect number of columns in batter row. Expected 4, got 5 for Priyansh Arya
2025-04-30 15:21:54,569 - WARNING - Incorrect number of columns in batter row. Expected 4, got 5 for Prabhsimran (wk)
2025-04-30 15:21:54,569 - WARNING - Incorrect number of columns in batter row. Expected 4, got 5 for Shreyas Iyer (c)
2025-04-30 15:21:54,569 - WARNING - Incorrect number of columns in batter row. Expected 4, got 5 for Azmatullah
2025-04-30 15:21:54,570 - WARNING - Incorrect number of columns in batter row. Expected 4, got 5 for Maxwell
2025-04-30 15:21:54,570 - WARNING - Incorrect number of columns in batter row. Expected 4, got 5 for Stoinis
2025-04-30 15:21:54,570 - WARNING - Incorrect number of columns in batter row. Expected 4, got 5 for Shashank Singh
2025-04-30 15:21:54,570 - WARNING - Incorrect number of columns in batter row. Expected 4, got 0 for NA
2025-04-30 15:21:54,570 - WARNING - Incorrect number of columns in batter row. Expected 4, got 0 for NA
2025-04-30 15:21:54,570 - WARNING - Incorrect number of columns in batter row. Expected 4, got 0 for Suryansh Shedge
2025-04-30 15:21:54,571 - INFO - Found 6 batter rows
2025-04-30 15:21:54,571 - WARNING - Incorrect number of columns in batter row. Expected 4, got 5 for Siraj
2025-04-30 15:21:54,572 - WARNING - Incorrect number of columns in batter row. Expected 4, got 5 for Rabada
2025-04-30 15:21:54,572 - WARNING - Incorrect number of columns in batter row. Expected 4, got 5 for Arshad Khan
2025-04-30 15:21:54,572 - WARNING - Incorrect number of columns in batter row. Expected 4, got 5 for Rashid Khan
2025-04-30 15:21:54,572 - WARNING - Incorrect number of columns in batter row. Expected 4, got 5 for Prasidh
2025-04-30 15:21:54,572 - WARNING - Incorrect number of columns in batter row. Expected 4, got 5 for Sai Kishore
2025-04-30 15:21:54,572 - INFO - Found 0 batter rows
2025-04-30 15:21:54,573 - INFO - Found 10 batter rows
2025-04-30 15:21:54,573 - WARNING - Incorrect number of columns in batter row. Expected 4, got 5 for Sai Sudharsan
2025-04-30 15:21:54,573 - WARNING - Incorrect number of columns in batter row. Expected 4, got 5 for Shubman Gill (c)
2025-04-30 15:21:54,573 - WARNING - Incorrect number of columns in batter row. Expected 4, got 5 for Jos Buttler (wk)
2025-04-30 15:21:54,574 - WARNING - Incorrect number of columns in batter row. Expected 4, got 5 for Sherfane Rutherford
2025-04-30 15:21:54,574 - WARNING - Incorrect number of columns in batter row. Expected 4, got 5 for Rahul Tewatia
2025-04-30 15:21:54,574 - WARNING - Incorrect number of columns in batter row. Expected 4, got 5 for Shahrukh Khan
2025-04-30 15:21:54,574 - WARNING - Incorrect number of columns in batter row. Expected 4, got 5 for Arshad Khan
2025-04-30 15:21:54,574 - WARNING - Incorrect number of columns in batter row. Expected 4, got 0 for NA
2025-04-30 15:21:54,574 - WARNING - Incorrect number of columns in batter row. Expected 4, got 0 for NA
2025-04-30 15:21:54,574 - WARNING - Incorrect number of columns in batter row. Expected 4, got 0 for Ravisrinivasan Sai Kishore
2025-04-30 15:21:54,574 - INFO - Found 7 batter rows
2025-04-30 15:21:54,574 - WARNING - Incorrect number of columns in batter row. Expected 4, got 5 for Arshdeep Singh
2025-04-30 15:21:54,575 - WARNING - Incorrect number of columns in batter row. Expected 4, got 5 for Azmatullah Omarzai
2025-04-30 15:21:54,575 - WARNING - Incorrect number of columns in batter row. Expected 4, got 5 for Marco Jansen
2025-04-30 15:21:54,575 - WARNING - Incorrect number of columns in batter row. Expected 4, got 5 for Glenn Maxwell
2025-04-30 15:21:54,575 - WARNING - Incorrect number of columns in batter row. Expected 4, got 5 for Marcus Stoinis
2025-04-30 15:21:54,575 - WARNING - Incorrect number of columns in batter row. Expected 4, got 5 for Yuzvendra Chahal
2025-04-30 15:21:54,575 - WARNING - Incorrect number of columns in batter row. Expected 4, got 5 for Vijaykumar Vyshak
2025-04-30 15:21:54,575 - INFO - Found 0 batter rows
2025-04-30 15:21:56,590 - INFO - Fetching scorecard link from: https://www.cricbuzz.com/cricket-scores/114996/rr-vs-kkr-6th-match-indian-premier-league-2025
2025-04-30 15:21:57,074 - INFO - Found scorecard link: https://www.cricbuzz.com/live-cricket-scorecard/114996/rr-vs-kkr-6th-match-indian-premier-league-2025
2025-04-30 15:21:57,075 - INFO - Processing scorecard for : https://www.cricbuzz.com/cricket-scores/114996/rr-vs-kkr-6th-match-indian-premier-league-2025
2025-04-30 15:21:57,075 - INFO - Scraping scorecard from: https://www.cricbuzz.com/live-cricket-scorecard/114996/rr-vs-kkr-6th-match-indian-premier-league-2025
2025-04-30 15:21:57,344 - INFO - Found 6 innings containers
2025-04-30 15:21:57,345 - INFO - Found 14 batter rows
2025-04-30 15:21:57,345 - WARNING - Incorrect number of columns in batter row. Expected 4, got 5 for Yashasvi Jaiswal
2025-04-30 15:21:57,345 - WARNING - Incorrect number of columns in batter row. Expected 4, got 5 for Samson
2025-04-30 15:21:57,346 - WARNING - Incorrect number of columns in batter row. Expected 4, got 5 for Riyan Parag (c)
2025-04-30 15:21:57,346 - WARNING - Incorrect number of columns in batter row. Expected 4, got 5 for Nitish Rana
2025-04-30 15:21:57,346 - WARNING - Incorrect number of columns in batter row. Expected 4, got 5 for W Hasaranga
2025-04-30 15:21:57,346 - WARNING - Incorrect number of columns in batter row. Expected 4, got 5 for Dhruv Jurel (wk)
2025-04-30 15:21:57,346 - WARNING - Incorrect number of columns in batter row. Expected 4, got 5 for Shubham Dubey
2025-04-30 15:21:57,346 - WARNING - Incorrect number of columns in batter row. Expected 4, got 5 for Hetmyer
2025-04-30 15:21:57,346 - WARNING - Incorrect number of columns in batter row. Expected 4, got 5 for Jofra Archer
2025-04-30 15:21:57,346 - WARNING - Incorrect number of columns in batter row. Expected 4, got 5 for M Theekshana
2025-04-30 15:21:57,346 - WARNING - Incorrect number of columns in batter row. Expected 4, got 5 for Tushar Deshpande
2025-04-30 15:21:57,346 - WARNING - Incorrect number of columns in batter row. Expected 4, got 0 for NA
2025-04-30 15:21:57,347 - WARNING - Incorrect number of columns in batter row. Expected 4, got 0 for NA
2025-04-30 15:21:57,347 - WARNING - Incorrect number of columns in batter row. Expected 4, got 0 for Sandeep Sharma
2025-04-30 15:21:57,347 - INFO - Found 5 batter rows
2025-04-30 15:21:57,347 - WARNING - Incorrect number of columns in batter row. Expected 4, got 5 for Spencer Johnson
2025-04-30 15:21:57,347 - WARNING - Incorrect number of columns in batter row. Expected 4, got 5 for Vaibhav Arora
2025-04-30 15:21:57,347 - WARNING - Incorrect number of columns in batter row. Expected 4, got 5 for Harshit Rana
2025-04-30 15:21:57,347 - WARNING - Incorrect number of columns in batter row. Expected 4, got 5 for Moeen
2025-04-30 15:21:57,347 - WARNING - Incorrect number of columns in batter row. Expected 4, got 5 for Varun Chakaravarthy
2025-04-30 15:21:57,348 - INFO - Found 0 batter rows
2025-04-30 15:21:57,348 - INFO - Found 7 batter rows
2025-04-30 15:21:57,348 - WARNING - Incorrect number of columns in batter row. Expected 4, got 5 for Moeen Ali
2025-04-30 15:21:57,349 - WARNING - Incorrect number of columns in batter row. Expected 4, got 5 for Quinton de Kock (wk)
2025-04-30 15:21:57,349 - WARNING - Incorrect number of columns in batter row. Expected 4, got 5 for Ajinkya Rahane (c)
2025-04-30 15:21:57,349 - WARNING - Incorrect number of columns in batter row. Expected 4, got 5 for Angkrish Raghuvanshi
2025-04-30 15:21:57,349 - WARNING - Incorrect number of columns in batter row. Expected 4, got 0 for NA
2025-04-30 15:21:57,349 - WARNING - Incorrect number of columns in batter row. Expected 4, got 0 for NA
2025-04-30 15:21:57,349 - WARNING - Incorrect number of columns in batter row. Expected 4, got 0 for Venkatesh Iyer
2025-04-30 15:21:57,350 - INFO - Found 7 batter rows
2025-04-30 15:21:57,350 - WARNING - Incorrect number of columns in batter row. Expected 4, got 5 for Jofra Archer
2025-04-30 15:21:57,350 - WARNING - Incorrect number of columns in batter row. Expected 4, got 5 for Maheesh Theekshana
2025-04-30 15:21:57,350 - WARNING - Incorrect number of columns in batter row. Expected 4, got 5 for Riyan Parag (c)
2025-04-30 15:21:57,351 - WARNING - Incorrect number of columns in batter row. Expected 4, got 5 for Sandeep Sharma
2025-04-30 15:21:57,351 - WARNING - Incorrect number of columns in batter row. Expected 4, got 5 for Wanindu Hasaranga
2025-04-30 15:21:57,351 - WARNING - Incorrect number of columns in batter row. Expected 4, got 5 for Nitish Rana
2025-04-30 15:21:57,352 - WARNING - Incorrect number of columns in batter row. Expected 4, got 5 for Tushar Deshpande
2025-04-30 15:21:57,352 - INFO - Found 0 batter rows
2025-04-30 15:21:59,354 - INFO - Fetching scorecard link from: https://www.cricbuzz.com/cricket-scores/115005/srh-vs-lsg-7th-match-indian-premier-league-2025
2025-04-30 15:21:59,631 - INFO - Found scorecard link: https://www.cricbuzz.com/live-cricket-scorecard/115005/srh-vs-lsg-7th-match-indian-premier-league-2025
2025-04-30 15:21:59,631 - INFO - Processing scorecard for : https://www.cricbuzz.com/cricket-scores/115005/srh-vs-lsg-7th-match-indian-premier-league-2025
2025-04-30 15:21:59,631 - INFO - Scraping scorecard from: https://www.cricbuzz.com/live-cricket-scorecard/115005/srh-vs-lsg-7th-match-indian-premier-league-2025
2025-04-30 15:21:59,875 - INFO - Found 6 innings containers
2025-04-30 15:21:59,876 - INFO - Found 14 batter rows
2025-04-30 15:21:59,876 - WARNING - Incorrect number of columns in batter row. Expected 4, got 5 for Head
2025-04-30 15:21:59,876 - WARNING - Incorrect number of columns in batter row. Expected 4, got 5 for Abhishek Sharma
2025-04-30 15:21:59,876 - WARNING - Incorrect number of columns in batter row. Expected 4, got 5 for Ishan Kishan
2025-04-30 15:21:59,876 - WARNING - Incorrect number of columns in batter row. Expected 4, got 5 for Nitish Reddy
2025-04-30 15:21:59,876 - WARNING - Incorrect number of columns in batter row. Expected 4, got 5 for Klaasen (wk)
2025-04-30 15:21:59,877 - WARNING - Incorrect number of columns in batter row. Expected 4, got 5 for Aniket Verma
2025-04-30 15:21:59,877 - WARNING - Incorrect number of columns in batter row. Expected 4, got 5 for Abhinav Manohar
2025-04-30 15:21:59,877 - WARNING - Incorrect number of columns in batter row. Expected 4, got 5 for Cummins (c)
2025-04-30 15:21:59,877 - WARNING - Incorrect number of columns in batter row. Expected 4, got 5 for Harshal Patel
2025-04-30 15:21:59,877 - WARNING - Incorrect number of columns in batter row. Expected 4, got 5 for Shami
2025-04-30 15:21:59,877 - WARNING - Incorrect number of columns in batter row. Expected 4, got 5 for Simarjeet Singh
2025-04-30 15:21:59,877 - WARNING - Incorrect number of columns in batter row. Expected 4, got 0 for NA
2025-04-30 15:21:59,877 - WARNING - Incorrect number of columns in batter row. Expected 4, got 0 for NA
2025-04-30 15:21:59,877 - WARNING - Incorrect number of columns in batter row. Expected 4, got 0 for Zampa
2025-04-30 15:21:59,877 - INFO - Found 5 batter rows
2025-04-30 15:21:59,878 - WARNING - Incorrect number of columns in batter row. Expected 4, got 5 for Thakur
2025-04-30 15:21:59,878 - WARNING - Incorrect number of columns in batter row. Expected 4, got 5 for Avesh Khan
2025-04-30 15:21:59,878 - WARNING - Incorrect number of columns in batter row. Expected 4, got 5 for Digvesh Rathi
2025-04-30 15:21:59,878 - WARNING - Incorrect number of columns in batter row. Expected 4, got 5 for Ravi Bishnoi
2025-04-30 15:21:59,878 - WARNING - Incorrect number of columns in batter row. Expected 4, got 5 for Prince Yadav
2025-04-30 15:21:59,878 - INFO - Found 0 batter rows
2025-04-30 15:21:59,878 - INFO - Found 10 batter rows
2025-04-30 15:21:59,878 - WARNING - Incorrect number of columns in batter row. Expected 4, got 5 for Mitchell Marsh
2025-04-30 15:21:59,878 - WARNING - Incorrect number of columns in batter row. Expected 4, got 5 for Aiden Markram
2025-04-30 15:21:59,878 - WARNING - Incorrect number of columns in batter row. Expected 4, got 5 for Nicholas Pooran
2025-04-30 15:21:59,879 - WARNING - Incorrect number of columns in batter row. Expected 4, got 5 for Rishabh Pant (c & wk)
2025-04-30 15:21:59,879 - WARNING - Incorrect number of columns in batter row. Expected 4, got 5 for Ayush Badoni
2025-04-30 15:21:59,879 - WARNING - Incorrect number of columns in batter row. Expected 4, got 5 for David Miller
2025-04-30 15:21:59,879 - WARNING - Incorrect number of columns in batter row. Expected 4, got 5 for Abdul Samad
2025-04-30 15:21:59,879 - WARNING - Incorrect number of columns in batter row. Expected 4, got 0 for NA
2025-04-30 15:21:59,880 - WARNING - Incorrect number of columns in batter row. Expected 4, got 0 for NA
2025-04-30 15:21:59,880 - WARNING - Incorrect number of columns in batter row. Expected 4, got 0 for Shardul Thakur
2025-04-30 15:21:59,881 - INFO - Found 7 batter rows
2025-04-30 15:21:59,881 - WARNING - Incorrect number of columns in batter row. Expected 4, got 5 for Abhishek Sharma
2025-04-30 15:21:59,881 - WARNING - Incorrect number of columns in batter row. Expected 4, got 5 for Mohammed Shami
2025-04-30 15:21:59,881 - WARNING - Incorrect number of columns in batter row. Expected 4, got 5 for Simarjeet Singh
2025-04-30 15:21:59,881 - WARNING - Incorrect number of columns in batter row. Expected 4, got 5 for Pat Cummins (c)
2025-04-30 15:21:59,882 - WARNING - Incorrect number of columns in batter row. Expected 4, got 5 for Adam Zampa
2025-04-30 15:21:59,882 - WARNING - Incorrect number of columns in batter row. Expected 4, got 5 for Harshal Patel
2025-04-30 15:21:59,882 - WARNING - Incorrect number of columns in batter row. Expected 4, got 5 for Ishan Kishan
2025-04-30 15:21:59,882 - INFO - Found 0 batter rows
2025-04-30 15:22:01,885 - INFO - Fetching scorecard link from: https://www.cricbuzz.com/cricket-scores/115012/rcb-vs-csk-8th-match-indian-premier-league-2025
2025-04-30 15:22:02,130 - INFO - Found scorecard link: https://www.cricbuzz.com/live-cricket-scorecard/115012/csk-vs-rcb-8th-match-indian-premier-league-2025
2025-04-30 15:22:02,131 - INFO - Processing scorecard for : https://www.cricbuzz.com/cricket-scores/115012/rcb-vs-csk-8th-match-indian-premier-league-2025
2025-04-30 15:22:02,131 - INFO - Scraping scorecard from: https://www.cricbuzz.com/live-cricket-scorecard/115012/csk-vs-rcb-8th-match-indian-premier-league-2025
2025-04-30 15:22:02,425 - INFO - Found 6 innings containers
2025-04-30 15:22:02,425 - INFO - Found 12 batter rows
2025-04-30 15:22:02,425 - WARNING - Incorrect number of columns in batter row. Expected 4, got 5 for Phil Salt
2025-04-30 15:22:02,425 - WARNING - Incorrect number of columns in batter row. Expected 4, got 5 for Kohli
2025-04-30 15:22:02,426 - WARNING - Incorrect number of columns in batter row. Expected 4, got 5 for Padikkal
2025-04-30 15:22:02,426 - WARNING - Incorrect number of columns in batter row. Expected 4, got 5 for Rajat Patidar (c)
2025-04-30 15:22:02,426 - WARNING - Incorrect number of columns in batter row. Expected 4, got 5 for Livingstone
2025-04-30 15:22:02,426 - WARNING - Incorrect number of columns in batter row. Expected 4, got 5 for Jitesh Sharma (wk)
2025-04-30 15:22:02,426 - WARNING - Incorrect number of columns in batter row. Expected 4, got 5 for Tim David
2025-04-30 15:22:02,426 - WARNING - Incorrect number of columns in batter row. Expected 4, got 5 for Krunal Pandya
2025-04-30 15:22:02,426 - WARNING - Incorrect number of columns in batter row. Expected 4, got 5 for Bhuvneshwar
2025-04-30 15:22:02,426 - WARNING - Incorrect number of columns in batter row. Expected 4, got 0 for NA
2025-04-30 15:22:02,426 - WARNING - Incorrect number of columns in batter row. Expected 4, got 0 for NA
2025-04-30 15:22:02,426 - WARNING - Incorrect number of columns in batter row. Expected 4, got 0 for Hazlewood
2025-04-30 15:22:02,427 - INFO - Found 6 batter rows
2025-04-30 15:22:02,427 - WARNING - Incorrect number of columns in batter row. Expected 4, got 5 for Khaleel Ahmed
2025-04-30 15:22:02,427 - WARNING - Incorrect number of columns in batter row. Expected 4, got 5 for Ashwin
2025-04-30 15:22:02,427 - WARNING - Incorrect number of columns in batter row. Expected 4, got 5 for Sam Curran
2025-04-30 15:22:02,427 - WARNING - Incorrect number of columns in batter row. Expected 4, got 5 for Noor Ahmad
2025-04-30 15:22:02,427 - WARNING - Incorrect number of columns in batter row. Expected 4, got 5 for Ravindra Jadeja
2025-04-30 15:22:02,427 - WARNING - Incorrect number of columns in batter row. Expected 4, got 5 for Matheesha Pathirana
2025-04-30 15:22:02,427 - INFO - Found 0 batter rows
2025-04-30 15:22:02,428 - INFO - Found 13 batter rows
2025-04-30 15:22:02,428 - WARNING - Incorrect number of columns in batter row. Expected 4, got 5 for Rachin Ravindra
2025-04-30 15:22:02,428 - WARNING - Incorrect number of columns in batter row. Expected 4, got 5 for Rahul Tripathi
2025-04-30 15:22:02,428 - WARNING - Incorrect number of columns in batter row. Expected 4, got 5 for Ruturaj Gaikwad (c)
2025-04-30 15:22:02,428 - WARNING - Incorrect number of columns in batter row. Expected 4, got 5 for Deepak Hooda
2025-04-30 15:22:02,428 - WARNING - Incorrect number of columns in batter row. Expected 4, got 5 for Sam Curran
2025-04-30 15:22:02,428 - WARNING - Incorrect number of columns in batter row. Expected 4, got 5 for Shivam Dube
2025-04-30 15:22:02,428 - WARNING - Incorrect number of columns in batter row. Expected 4, got 5 for Ravindra Jadeja
2025-04-30 15:22:02,429 - WARNING - Incorrect number of columns in batter row. Expected 4, got 5 for Ravichandran Ashwin
2025-04-30 15:22:02,429 - WARNING - Incorrect number of columns in batter row. Expected 4, got 5 for MS Dhoni (wk)
2025-04-30 15:22:02,429 - WARNING - Incorrect number of columns in batter row. Expected 4, got 5 for Noor Ahmad
2025-04-30 15:22:02,429 - WARNING - Incorrect number of columns in batter row. Expected 4, got 0 for NA
2025-04-30 15:22:02,429 - WARNING - Incorrect number of columns in batter row. Expected 4, got 0 for NA
2025-04-30 15:22:02,429 - WARNING - Incorrect number of columns in batter row. Expected 4, got 0 for Matheesha Pathirana
2025-04-30 15:22:02,429 - INFO - Found 6 batter rows
2025-04-30 15:22:02,429 - WARNING - Incorrect number of columns in batter row. Expected 4, got 5 for Bhuvneshwar Kumar
2025-04-30 15:22:02,429 - WARNING - Incorrect number of columns in batter row. Expected 4, got 5 for Josh Hazlewood
2025-04-30 15:22:02,429 - WARNING - Incorrect number of columns in batter row. Expected 4, got 5 for Yash Dayal
2025-04-30 15:22:02,430 - WARNING - Incorrect number of columns in batter row. Expected 4, got 5 for Liam Livingstone
2025-04-30 15:22:02,430 - WARNING - Incorrect number of columns in batter row. Expected 4, got 5 for Suyash Sharma
2025-04-30 15:22:02,430 - WARNING - Incorrect number of columns in batter row. Expected 4, got 5 for Krunal Pandya
2025-04-30 15:22:02,430 - INFO - Found 0 batter rows
2025-04-30 15:22:04,444 - INFO - Fetching scorecard link from: https://www.cricbuzz.com/cricket-scores/115014/gt-vs-mi-9th-match-indian-premier-league-2025
2025-04-30 15:22:04,803 - INFO - Found scorecard link: https://www.cricbuzz.com/live-cricket-scorecard/115014/gt-vs-mi-9th-match-indian-premier-league-2025
2025-04-30 15:22:04,804 - INFO - Processing scorecard for : https://www.cricbuzz.com/cricket-scores/115014/gt-vs-mi-9th-match-indian-premier-league-2025
2025-04-30 15:22:04,804 - INFO - Scraping scorecard from: https://www.cricbuzz.com/live-cricket-scorecard/115014/gt-vs-mi-9th-match-indian-premier-league-2025
2025-04-30 15:22:05,094 - INFO - Found 6 innings containers
2025-04-30 15:22:05,095 - INFO - Found 12 batter rows
2025-04-30 15:22:05,095 - WARNING - Incorrect number of columns in batter row. Expected 4, got 5 for Sai Sudharsan
2025-04-30 15:22:05,095 - WARNING - Incorrect number of columns in batter row. Expected 4, got 5 for Shubman Gill (c)
2025-04-30 15:22:05,095 - WARNING - Incorrect number of columns in batter row. Expected 4, got 5 for Jos Buttler (wk)
2025-04-30 15:22:05,096 - WARNING - Incorrect number of columns in batter row. Expected 4, got 5 for Shahrukh Khan
2025-04-30 15:22:05,096 - WARNING - Incorrect number of columns in batter row. Expected 4, got 5 for Sherfane Rutherford
2025-04-30 15:22:05,096 - WARNING - Incorrect number of columns in batter row. Expected 4, got 5 for Rahul Tewatia
2025-04-30 15:22:05,096 - WARNING - Incorrect number of columns in batter row. Expected 4, got 5 for Rashid Khan
2025-04-30 15:22:05,096 - WARNING - Incorrect number of columns in batter row. Expected 4, got 5 for Rabada
2025-04-30 15:22:05,096 - WARNING - Incorrect number of columns in batter row. Expected 4, got 5 for Sai Kishore
2025-04-30 15:22:05,096 - WARNING - Incorrect number of columns in batter row. Expected 4, got 0 for NA
2025-04-30 15:22:05,096 - WARNING - Incorrect number of columns in batter row. Expected 4, got 0 for NA
2025-04-30 15:22:05,096 - WARNING - Incorrect number of columns in batter row. Expected 4, got 0 for Siraj
2025-04-30 15:22:05,096 - INFO - Found 6 batter rows
2025-04-30 15:22:05,097 - WARNING - Incorrect number of columns in batter row. Expected 4, got 5 for Boult
2025-04-30 15:22:05,097 - WARNING - Incorrect number of columns in batter row. Expected 4, got 5 for D Chahar
2025-04-30 15:22:05,097 - WARNING - Incorrect number of columns in batter row. Expected 4, got 5 for Mujeeb
2025-04-30 15:22:05,097 - WARNING - Incorrect number of columns in batter row. Expected 4, got 5 for Hardik Pandya (c)
2025-04-30 15:22:05,097 - WARNING - Incorrect number of columns in batter row. Expected 4, got 5 for Santner
2025-04-30 15:22:05,097 - WARNING - Incorrect number of columns in batter row. Expected 4, got 5 for Satyanarayana Raju
2025-04-30 15:22:05,097 - INFO - Found 0 batter rows
2025-04-30 15:22:05,097 - INFO - Found 11 batter rows
2025-04-30 15:22:05,097 - WARNING - Incorrect number of columns in batter row. Expected 4, got 5 for Rohit Sharma
2025-04-30 15:22:05,098 - WARNING - Incorrect number of columns in batter row. Expected 4, got 5 for Ryan Rickelton (wk)
2025-04-30 15:22:05,098 - WARNING - Incorrect number of columns in batter row. Expected 4, got 5 for Tilak Varma
2025-04-30 15:22:05,098 - WARNING - Incorrect number of columns in batter row. Expected 4, got 5 for Suryakumar Yadav
2025-04-30 15:22:05,098 - WARNING - Incorrect number of columns in batter row. Expected 4, got 5 for Robin Minz
2025-04-30 15:22:05,098 - WARNING - Incorrect number of columns in batter row. Expected 4, got 5 for Hardik Pandya (c)
2025-04-30 15:22:05,098 - WARNING - Incorrect number of columns in batter row. Expected 4, got 5 for Naman Dhir
2025-04-30 15:22:05,098 - WARNING - Incorrect number of columns in batter row. Expected 4, got 5 for Mitchell Santner
2025-04-30 15:22:05,098 - WARNING - Incorrect number of columns in batter row. Expected 4, got 0 for NA
2025-04-30 15:22:05,098 - WARNING - Incorrect number of columns in batter row. Expected 4, got 0 for NA
2025-04-30 15:22:05,098 - WARNING - Incorrect number of columns in batter row. Expected 4, got 0 for Deepak Chahar
2025-04-30 15:22:05,098 - INFO - Found 6 batter rows
2025-04-30 15:22:05,099 - WARNING - Incorrect number of columns in batter row. Expected 4, got 5 for Mohammed Siraj
2025-04-30 15:22:05,099 - WARNING - Incorrect number of columns in batter row. Expected 4, got 5 for Kagiso Rabada
2025-04-30 15:22:05,099 - WARNING - Incorrect number of columns in batter row. Expected 4, got 5 for Ishant Sharma
2025-04-30 15:22:05,099 - WARNING - Incorrect number of columns in batter row. Expected 4, got 5 for Rashid Khan
2025-04-30 15:22:05,099 - WARNING - Incorrect number of columns in batter row. Expected 4, got 5 for Ravisrinivasan Sai Kishore
2025-04-30 15:22:05,099 - WARNING - Incorrect number of columns in batter row. Expected 4, got 5 for Prasidh Krishna
2025-04-30 15:22:05,099 - INFO - Found 0 batter rows
2025-04-30 15:22:07,102 - INFO - Fetching scorecard link from: https://www.cricbuzz.com/cricket-scores/115021/srh-vs-dc-10th-match-indian-premier-league-2025
2025-04-30 15:22:07,398 - INFO - Found scorecard link: https://www.cricbuzz.com/live-cricket-scorecard/115021/dc-vs-srh-10th-match-indian-premier-league-2025
2025-04-30 15:22:07,398 - INFO - Processing scorecard for : https://www.cricbuzz.com/cricket-scores/115021/srh-vs-dc-10th-match-indian-premier-league-2025
2025-04-30 15:22:07,398 - INFO - Scraping scorecard from: https://www.cricbuzz.com/live-cricket-scorecard/115021/dc-vs-srh-10th-match-indian-premier-league-2025
2025-04-30 15:22:07,700 - INFO - Found 6 innings containers
2025-04-30 15:22:07,701 - INFO - Found 14 batter rows
2025-04-30 15:22:07,701 - WARNING - Incorrect number of columns in batter row. Expected 4, got 5 for Abhishek Sharma
2025-04-30 15:22:07,701 - WARNING - Incorrect number of columns in batter row. Expected 4, got 5 for Head
2025-04-30 15:22:07,701 - WARNING - Incorrect number of columns in batter row. Expected 4, got 5 for Ishan Kishan
2025-04-30 15:22:07,701 - WARNING - Incorrect number of columns in batter row. Expected 4, got 5 for Nitish Reddy
2025-04-30 15:22:07,701 - WARNING - Incorrect number of columns in batter row. Expected 4, got 5 for Aniket Verma
2025-04-30 15:22:07,701 - WARNING - Incorrect number of columns in batter row. Expected 4, got 5 for Klaasen (wk)
2025-04-30 15:22:07,701 - WARNING - Incorrect number of columns in batter row. Expected 4, got 5 for Abhinav Manohar
2025-04-30 15:22:07,701 - WARNING - Incorrect number of columns in batter row. Expected 4, got 5 for Cummins (c)
2025-04-30 15:22:07,701 - WARNING - Incorrect number of columns in batter row. Expected 4, got 5 for Mulder
2025-04-30 15:22:07,701 - WARNING - Incorrect number of columns in batter row. Expected 4, got 5 for Harshal Patel
2025-04-30 15:22:07,702 - WARNING - Incorrect number of columns in batter row. Expected 4, got 5 for Shami
2025-04-30 15:22:07,702 - WARNING - Incorrect number of columns in batter row. Expected 4, got 0 for NA
2025-04-30 15:22:07,702 - WARNING - Incorrect number of columns in batter row. Expected 4, got 0 for NA
2025-04-30 15:22:07,702 - WARNING - Incorrect number of columns in batter row. Expected 4, got 0 for Zeeshan Ansari
2025-04-30 15:22:07,702 - INFO - Found 6 batter rows
2025-04-30 15:22:07,702 - WARNING - Incorrect number of columns in batter row. Expected 4, got 5 for Mitchell Starc
2025-04-30 15:22:07,702 - WARNING - Incorrect number of columns in batter row. Expected 4, got 5 for Mukesh Kumar
2025-04-30 15:22:07,702 - WARNING - Incorrect number of columns in batter row. Expected 4, got 5 for Axar (c)
2025-04-30 15:22:07,702 - WARNING - Incorrect number of columns in batter row. Expected 4, got 5 for Vipraj Nigam
2025-04-30 15:22:07,702 - WARNING - Incorrect number of columns in batter row. Expected 4, got 5 for Mohit Sharma
2025-04-30 15:22:07,703 - WARNING - Incorrect number of columns in batter row. Expected 4, got 5 for Kuldeep Yadav
2025-04-30 15:22:07,703 - INFO - Found 0 batter rows
2025-04-30 15:22:07,703 - INFO - Found 8 batter rows
2025-04-30 15:22:07,703 - WARNING - Incorrect number of columns in batter row. Expected 4, got 5 for Jake Fraser-McGurk
2025-04-30 15:22:07,703 - WARNING - Incorrect number of columns in batter row. Expected 4, got 5 for Faf du Plessis
2025-04-30 15:22:07,703 - WARNING - Incorrect number of columns in batter row. Expected 4, got 5 for Abishek Porel
2025-04-30 15:22:07,703 - WARNING - Incorrect number of columns in batter row. Expected 4, got 5 for KL Rahul (wk)
2025-04-30 15:22:07,703 - WARNING - Incorrect number of columns in batter row. Expected 4, got 5 for Tristan Stubbs
2025-04-30 15:22:07,703 - WARNING - Incorrect number of columns in batter row. Expected 4, got 0 for NA
2025-04-30 15:22:07,703 - WARNING - Incorrect number of columns in batter row. Expected 4, got 0 for NA
2025-04-30 15:22:07,704 - WARNING - Incorrect number of columns in batter row. Expected 4, got 0 for Axar Patel (c)
2025-04-30 15:22:07,704 - INFO - Found 6 batter rows
2025-04-30 15:22:07,704 - WARNING - Incorrect number of columns in batter row. Expected 4, got 5 for Mohammed Shami
2025-04-30 15:22:07,704 - WARNING - Incorrect number of columns in batter row. Expected 4, got 5 for Abhishek Sharma
2025-04-30 15:22:07,704 - WARNING - Incorrect number of columns in batter row. Expected 4, got 5 for Pat Cummins (c)
2025-04-30 15:22:07,704 - WARNING - Incorrect number of columns in batter row. Expected 4, got 5 for Harshal Patel
2025-04-30 15:22:07,704 - WARNING - Incorrect number of columns in batter row. Expected 4, got 5 for Zeeshan Ansari
2025-04-30 15:22:07,704 - WARNING - Incorrect number of columns in batter row. Expected 4, got 5 for Wiaan Mulder
2025-04-30 15:22:07,704 - INFO - Found 0 batter rows
2025-04-30 15:22:09,708 - INFO - Fetching scorecard link from: https://www.cricbuzz.com/cricket-scores/115030/rr-vs-csk-11th-match-indian-premier-league-2025
2025-04-30 15:22:10,118 - INFO - Found scorecard link: https://www.cricbuzz.com/live-cricket-scorecard/115030/rr-vs-csk-11th-match-indian-premier-league-2025
2025-04-30 15:22:10,118 - INFO - Processing scorecard for : https://www.cricbuzz.com/cricket-scores/115030/rr-vs-csk-11th-match-indian-premier-league-2025
2025-04-30 15:22:10,118 - INFO - Scraping scorecard from: https://www.cricbuzz.com/live-cricket-scorecard/115030/rr-vs-csk-11th-match-indian-premier-league-2025
2025-04-30 15:22:10,400 - INFO - Found 6 innings containers
2025-04-30 15:22:10,401 - INFO - Found 14 batter rows
2025-04-30 15:22:10,401 - WARNING - Incorrect number of columns in batter row. Expected 4, got 5 for Yashasvi Jaiswal
2025-04-30 15:22:10,401 - WARNING - Incorrect number of columns in batter row. Expected 4, got 5 for Samson
2025-04-30 15:22:10,401 - WARNING - Incorrect number of columns in batter row. Expected 4, got 5 for Nitish Rana
2025-04-30 15:22:10,401 - WARNING - Incorrect number of columns in batter row. Expected 4, got 5 for Riyan Parag (c)
2025-04-30 15:22:10,401 - WARNING - Incorrect number of columns in batter row. Expected 4, got 5 for Dhruv Jurel (wk)
2025-04-30 15:22:10,401 - WARNING - Incorrect number of columns in batter row. Expected 4, got 5 for W Hasaranga
2025-04-30 15:22:10,402 - WARNING - Incorrect number of columns in batter row. Expected 4, got 5 for Hetmyer
2025-04-30 15:22:10,402 - WARNING - Incorrect number of columns in batter row. Expected 4, got 5 for Jofra Archer
2025-04-30 15:22:10,402 - WARNING - Incorrect number of columns in batter row. Expected 4, got 5 for Kumar Kartikeya
2025-04-30 15:22:10,402 - WARNING - Incorrect number of columns in batter row. Expected 4, got 5 for M Theekshana
2025-04-30 15:22:10,402 - WARNING - Incorrect number of columns in batter row. Expected 4, got 5 for Tushar Deshpande
2025-04-30 15:22:10,402 - WARNING - Incorrect number of columns in batter row. Expected 4, got 0 for NA
2025-04-30 15:22:10,402 - WARNING - Incorrect number of columns in batter row. Expected 4, got 0 for NA
2025-04-30 15:22:10,402 - WARNING - Incorrect number of columns in batter row. Expected 4, got 0 for Sandeep Sharma
2025-04-30 15:22:10,403 - INFO - Found 6 batter rows
2025-04-30 15:22:10,403 - WARNING - Incorrect number of columns in batter row. Expected 4, got 5 for Khaleel Ahmed
2025-04-30 15:22:10,403 - WARNING - Incorrect number of columns in batter row. Expected 4, got 5 for Jamie Overton
2025-04-30 15:22:10,403 - WARNING - Incorrect number of columns in batter row. Expected 4, got 5 for Ashwin
2025-04-30 15:22:10,403 - WARNING - Incorrect number of columns in batter row. Expected 4, got 5 for Noor Ahmad
2025-04-30 15:22:10,404 - WARNING - Incorrect number of columns in batter row. Expected 4, got 5 for Matheesha Pathirana
2025-04-30 15:22:10,404 - WARNING - Incorrect number of columns in batter row. Expected 4, got 5 for Ravindra Jadeja
2025-04-30 15:22:10,405 - INFO - Found 0 batter rows
2025-04-30 15:22:10,406 - INFO - Found 11 batter rows
2025-04-30 15:22:10,407 - WARNING - Incorrect number of columns in batter row. Expected 4, got 5 for Rachin Ravindra
2025-04-30 15:22:10,407 - WARNING - Incorrect number of columns in batter row. Expected 4, got 5 for Rahul Tripathi
2025-04-30 15:22:10,407 - WARNING - Incorrect number of columns in batter row. Expected 4, got 5 for Ruturaj Gaikwad (c)
2025-04-30 15:22:10,408 - WARNING - Incorrect number of columns in batter row. Expected 4, got 5 for Shivam Dube
2025-04-30 15:22:10,408 - WARNING - Incorrect number of columns in batter row. Expected 4, got 5 for Vijay Shankar
2025-04-30 15:22:10,408 - WARNING - Incorrect number of columns in batter row. Expected 4, got 5 for Ravindra Jadeja
2025-04-30 15:22:10,408 - WARNING - Incorrect number of columns in batter row. Expected 4, got 5 for MS Dhoni (wk)
2025-04-30 15:22:10,409 - WARNING - Incorrect number of columns in batter row. Expected 4, got 5 for Jamie Overton
2025-04-30 15:22:10,409 - WARNING - Incorrect number of columns in batter row. Expected 4, got 0 for NA
2025-04-30 15:22:10,409 - WARNING - Incorrect number of columns in batter row. Expected 4, got 0 for NA
2025-04-30 15:22:10,409 - WARNING - Incorrect number of columns in batter row. Expected 4, got 0 for Ravichandran Ashwin
2025-04-30 15:22:10,410 - INFO - Found 6 batter rows
2025-04-30 15:22:10,410 - WARNING - Incorrect number of columns in batter row. Expected 4, got 5 for Jofra Archer
2025-04-30 15:22:10,410 - WARNING - Incorrect number of columns in batter row. Expected 4, got 5 for Tushar Deshpande
2025-04-30 15:22:10,411 - WARNING - Incorrect number of columns in batter row. Expected 4, got 5 for Sandeep Sharma
2025-04-30 15:22:10,411 - WARNING - Incorrect number of columns in batter row. Expected 4, got 5 for Maheesh Theekshana
2025-04-30 15:22:10,411 - WARNING - Incorrect number of columns in batter row. Expected 4, got 5 for Wanindu Hasaranga
2025-04-30 15:22:10,411 - WARNING - Incorrect number of columns in batter row. Expected 4, got 5 for Kumar Kartikeya
2025-04-30 15:22:10,411 - INFO - Found 0 batter rows
2025-04-30 15:24:53,981 - INFO - Reading match links from CSV file: cricbuzz_matches.csv
2025-04-30 15:24:53,981 - INFO - Read 70 match links from CSV.
2025-04-30 15:24:53,981 - INFO - Fetching scorecard link from: https://www.cricbuzz.com/cricket-scores/114960/kkr-vs-rcb-1st-match-indian-premier-league-2025
2025-04-30 15:24:54,288 - INFO - Found scorecard link: https://www.cricbuzz.com/live-cricket-scorecard/114960/kkr-vs-rcb-1st-match-indian-premier-league-2025
2025-04-30 15:24:54,289 - INFO - Processing scorecard for : https://www.cricbuzz.com/cricket-scores/114960/kkr-vs-rcb-1st-match-indian-premier-league-2025
2025-04-30 15:24:54,289 - INFO - Scraping scorecard from: https://www.cricbuzz.com/live-cricket-scorecard/114960/kkr-vs-rcb-1st-match-indian-premier-league-2025
2025-04-30 15:24:54,563 - INFO - Found 6 innings containers
2025-04-30 15:24:54,564 - INFO - Found 13 batter rows
2025-04-30 15:24:54,565 - WARNING - Incorrect number of columns in batter row. Expected at least 4, got 0 for NA
2025-04-30 15:24:54,565 - WARNING - Incorrect number of columns in batter row. Expected at least 4, got 0 for NA
2025-04-30 15:24:54,565 - WARNING - Incorrect number of columns in batter row. Expected at least 4, got 0 for Varun Chakaravarthy
2025-04-30 15:24:54,566 - INFO - Found 6 batter rows
2025-04-30 15:24:54,566 - INFO - Found 0 batter rows
2025-04-30 15:24:54,567 - INFO - Found 8 batter rows
2025-04-30 15:24:54,567 - WARNING - Incorrect number of columns in batter row. Expected at least 4, got 0 for NA
2025-04-30 15:24:54,567 - WARNING - Incorrect number of columns in batter row. Expected at least 4, got 0 for NA
2025-04-30 15:24:54,567 - WARNING - Incorrect number of columns in batter row. Expected at least 4, got 0 for Jitesh Sharma (wk)
2025-04-30 15:24:54,568 - INFO - Found 5 batter rows
2025-04-30 15:24:54,568 - INFO - Found 0 batter rows
2025-04-30 15:24:56,574 - INFO - Fetching scorecard link from: https://www.cricbuzz.com/cricket-scores/114967/srh-vs-rr-2nd-match-indian-premier-league-2025
2025-04-30 15:24:56,876 - INFO - Found scorecard link: https://www.cricbuzz.com/live-cricket-scorecard/114967/srh-vs-rr-2nd-match-indian-premier-league-2025
2025-04-30 15:24:56,877 - INFO - Processing scorecard for : https://www.cricbuzz.com/cricket-scores/114967/srh-vs-rr-2nd-match-indian-premier-league-2025
2025-04-30 15:24:56,877 - INFO - Scraping scorecard from: https://www.cricbuzz.com/live-cricket-scorecard/114967/srh-vs-rr-2nd-match-indian-premier-league-2025
2025-04-30 15:24:57,240 - INFO - Found 6 innings containers
2025-04-30 15:24:57,241 - INFO - Found 11 batter rows
2025-04-30 15:24:57,241 - WARNING - Incorrect number of columns in batter row. Expected at least 4, got 0 for NA
2025-04-30 15:24:57,242 - WARNING - Incorrect number of columns in batter row. Expected at least 4, got 0 for NA
2025-04-30 15:24:57,242 - WARNING - Incorrect number of columns in batter row. Expected at least 4, got 0 for Simarjeet Singh
2025-04-30 15:24:57,242 - INFO - Found 6 batter rows
2025-04-30 15:24:57,243 - INFO - Found 0 batter rows
2025-04-30 15:24:57,244 - INFO - Found 11 batter rows
2025-04-30 15:24:57,246 - WARNING - Incorrect number of columns in batter row. Expected at least 4, got 0 for NA
2025-04-30 15:24:57,246 - WARNING - Incorrect number of columns in batter row. Expected at least 4, got 0 for NA
2025-04-30 15:24:57,246 - WARNING - Incorrect number of columns in batter row. Expected at least 4, got 0 for Maheesh Theekshana
2025-04-30 15:24:57,246 - INFO - Found 6 batter rows
2025-04-30 15:24:57,247 - INFO - Found 0 batter rows
2025-04-30 15:24:59,259 - INFO - Fetching scorecard link from: https://www.cricbuzz.com/cricket-scores/114976/mi-vs-csk-3rd-match-indian-premier-league-2025
2025-04-30 15:24:59,491 - INFO - Found scorecard link: https://www.cricbuzz.com/live-cricket-scorecard/114976/csk-vs-mi-3rd-match-indian-premier-league-2025
2025-04-30 15:24:59,492 - INFO - Processing scorecard for : https://www.cricbuzz.com/cricket-scores/114976/mi-vs-csk-3rd-match-indian-premier-league-2025
2025-04-30 15:24:59,492 - INFO - Scraping scorecard from: https://www.cricbuzz.com/live-cricket-scorecard/114976/csk-vs-mi-3rd-match-indian-premier-league-2025
2025-04-30 15:24:59,723 - INFO - Found 6 innings containers
2025-04-30 15:24:59,724 - INFO - Found 14 batter rows
2025-04-30 15:24:59,725 - WARNING - Incorrect number of columns in batter row. Expected at least 4, got 0 for NA
2025-04-30 15:24:59,725 - WARNING - Incorrect number of columns in batter row. Expected at least 4, got 0 for NA
2025-04-30 15:24:59,725 - WARNING - Incorrect number of columns in batter row. Expected at least 4, got 0 for Vignesh Puthur
2025-04-30 15:24:59,726 - INFO - Found 6 batter rows
2025-04-30 15:24:59,726 - INFO - Found 0 batter rows
2025-04-30 15:24:59,727 - INFO - Found 11 batter rows
2025-04-30 15:24:59,727 - WARNING - Incorrect number of columns in batter row. Expected at least 4, got 0 for NA
2025-04-30 15:24:59,727 - WARNING - Incorrect number of columns in batter row. Expected at least 4, got 0 for NA
2025-04-30 15:24:59,727 - WARNING - Incorrect number of columns in batter row. Expected at least 4, got 0 for Ravichandran Ashwin
2025-04-30 15:24:59,728 - INFO - Found 7 batter rows
2025-04-30 15:24:59,728 - INFO - Found 0 batter rows
2025-04-30 15:25:01,735 - INFO - Fetching scorecard link from: https://www.cricbuzz.com/cricket-scores/114985/lsg-vs-dc-4th-match-indian-premier-league-2025
2025-04-30 15:25:02,047 - INFO - Found scorecard link: https://www.cricbuzz.com/live-cricket-scorecard/114985/dc-vs-lsg-4th-match-indian-premier-league-2025
2025-04-30 15:25:02,047 - INFO - Processing scorecard for : https://www.cricbuzz.com/cricket-scores/114985/lsg-vs-dc-4th-match-indian-premier-league-2025
2025-04-30 15:25:02,047 - INFO - Scraping scorecard from: https://www.cricbuzz.com/live-cricket-scorecard/114985/dc-vs-lsg-4th-match-indian-premier-league-2025
2025-04-30 15:25:02,295 - INFO - Found 6 innings containers
2025-04-30 15:25:02,296 - INFO - Found 13 batter rows
2025-04-30 15:25:02,298 - WARNING - Incorrect number of columns in batter row. Expected at least 4, got 0 for NA
2025-04-30 15:25:02,298 - WARNING - Incorrect number of columns in batter row. Expected at least 4, got 0 for NA
2025-04-30 15:25:02,298 - WARNING - Incorrect number of columns in batter row. Expected at least 4, got 0 for Prince Yadav
2025-04-30 15:25:02,298 - INFO - Found 7 batter rows
2025-04-30 15:25:02,299 - INFO - Found 0 batter rows
2025-04-30 15:25:02,300 - INFO - Found 14 batter rows
2025-04-30 15:25:02,301 - WARNING - Incorrect number of columns in batter row. Expected at least 4, got 0 for NA
2025-04-30 15:25:02,301 - WARNING - Incorrect number of columns in batter row. Expected at least 4, got 0 for NA
2025-04-30 15:25:02,302 - WARNING - Incorrect number of columns in batter row. Expected at least 4, got 0 for Mukesh Kumar
2025-04-30 15:25:02,302 - INFO - Found 6 batter rows
2025-04-30 15:25:02,303 - INFO - Found 0 batter rows
2025-04-30 15:25:04,311 - INFO - Fetching scorecard link from: https://www.cricbuzz.com/cricket-scores/114987/pbks-vs-gt-5th-match-indian-premier-league-2025
2025-04-30 15:25:04,599 - INFO - Found scorecard link: https://www.cricbuzz.com/live-cricket-scorecard/114987/gt-vs-pbks-5th-match-indian-premier-league-2025
2025-04-30 15:25:04,599 - INFO - Processing scorecard for : https://www.cricbuzz.com/cricket-scores/114987/pbks-vs-gt-5th-match-indian-premier-league-2025
2025-04-30 15:25:04,599 - INFO - Scraping scorecard from: https://www.cricbuzz.com/live-cricket-scorecard/114987/gt-vs-pbks-5th-match-indian-premier-league-2025
2025-04-30 15:25:04,912 - INFO - Found 6 innings containers
2025-04-30 15:25:04,912 - INFO - Found 10 batter rows
2025-04-30 15:25:04,914 - WARNING - Incorrect number of columns in batter row. Expected at least 4, got 0 for NA
2025-04-30 15:25:04,914 - WARNING - Incorrect number of columns in batter row. Expected at least 4, got 0 for NA
2025-04-30 15:25:04,914 - WARNING - Incorrect number of columns in batter row. Expected at least 4, got 0 for Suryansh Shedge
2025-04-30 15:25:04,915 - INFO - Found 6 batter rows
2025-04-30 15:25:04,916 - INFO - Found 0 batter rows
2025-04-30 15:25:04,917 - INFO - Found 10 batter rows
2025-04-30 15:25:04,917 - WARNING - Incorrect number of columns in batter row. Expected at least 4, got 0 for NA
2025-04-30 15:25:04,917 - WARNING - Incorrect number of columns in batter row. Expected at least 4, got 0 for NA
2025-04-30 15:25:04,917 - WARNING - Incorrect number of columns in batter row. Expected at least 4, got 0 for Ravisrinivasan Sai Kishore
2025-04-30 15:25:04,918 - INFO - Found 7 batter rows
2025-04-30 15:25:04,918 - INFO - Found 0 batter rows
2025-04-30 15:25:06,928 - INFO - Fetching scorecard link from: https://www.cricbuzz.com/cricket-scores/114996/rr-vs-kkr-6th-match-indian-premier-league-2025
2025-04-30 15:25:07,245 - INFO - Found scorecard link: https://www.cricbuzz.com/live-cricket-scorecard/114996/rr-vs-kkr-6th-match-indian-premier-league-2025
2025-04-30 15:25:07,246 - INFO - Processing scorecard for : https://www.cricbuzz.com/cricket-scores/114996/rr-vs-kkr-6th-match-indian-premier-league-2025
2025-04-30 15:25:07,246 - INFO - Scraping scorecard from: https://www.cricbuzz.com/live-cricket-scorecard/114996/rr-vs-kkr-6th-match-indian-premier-league-2025
2025-04-30 15:25:07,494 - INFO - Found 6 innings containers
2025-04-30 15:25:07,495 - INFO - Found 14 batter rows
2025-04-30 15:25:07,495 - WARNING - Incorrect number of columns in batter row. Expected at least 4, got 0 for NA
2025-04-30 15:25:07,496 - WARNING - Incorrect number of columns in batter row. Expected at least 4, got 0 for NA
2025-04-30 15:25:07,496 - WARNING - Incorrect number of columns in batter row. Expected at least 4, got 0 for Sandeep Sharma
2025-04-30 15:25:07,496 - INFO - Found 5 batter rows
2025-04-30 15:25:07,496 - INFO - Found 0 batter rows
2025-04-30 15:25:07,496 - INFO - Found 7 batter rows
2025-04-30 15:25:07,497 - WARNING - Incorrect number of columns in batter row. Expected at least 4, got 0 for NA
2025-04-30 15:25:07,497 - WARNING - Incorrect number of columns in batter row. Expected at least 4, got 0 for NA
2025-04-30 15:25:07,497 - WARNING - Incorrect number of columns in batter row. Expected at least 4, got 0 for Venkatesh Iyer
2025-04-30 15:25:07,497 - INFO - Found 7 batter rows
2025-04-30 15:25:07,497 - INFO - Found 0 batter rows
2025-04-30 15:25:09,500 - INFO - Fetching scorecard link from: https://www.cricbuzz.com/cricket-scores/115005/srh-vs-lsg-7th-match-indian-premier-league-2025
2025-04-30 15:25:09,772 - INFO - Found scorecard link: https://www.cricbuzz.com/live-cricket-scorecard/115005/srh-vs-lsg-7th-match-indian-premier-league-2025
2025-04-30 15:25:09,773 - INFO - Processing scorecard for : https://www.cricbuzz.com/cricket-scores/115005/srh-vs-lsg-7th-match-indian-premier-league-2025
2025-04-30 15:25:09,773 - INFO - Scraping scorecard from: https://www.cricbuzz.com/live-cricket-scorecard/115005/srh-vs-lsg-7th-match-indian-premier-league-2025
2025-04-30 15:25:10,063 - INFO - Found 6 innings containers
2025-04-30 15:25:10,064 - INFO - Found 14 batter rows
2025-04-30 15:25:10,065 - WARNING - Incorrect number of columns in batter row. Expected at least 4, got 0 for NA
2025-04-30 15:25:10,065 - WARNING - Incorrect number of columns in batter row. Expected at least 4, got 0 for NA
2025-04-30 15:25:10,065 - WARNING - Incorrect number of columns in batter row. Expected at least 4, got 0 for Zampa
2025-04-30 15:25:10,065 - INFO - Found 5 batter rows
2025-04-30 15:25:10,065 - INFO - Found 0 batter rows
2025-04-30 15:25:10,066 - INFO - Found 10 batter rows
2025-04-30 15:25:10,067 - WARNING - Incorrect number of columns in batter row. Expected at least 4, got 0 for NA
2025-04-30 15:25:10,067 - WARNING - Incorrect number of columns in batter row. Expected at least 4, got 0 for NA
2025-04-30 15:25:10,067 - WARNING - Incorrect number of columns in batter row. Expected at least 4, got 0 for Shardul Thakur
2025-04-30 15:25:10,067 - INFO - Found 7 batter rows
2025-04-30 15:25:10,068 - INFO - Found 0 batter rows
2025-04-30 15:25:12,075 - INFO - Fetching scorecard link from: https://www.cricbuzz.com/cricket-scores/115012/rcb-vs-csk-8th-match-indian-premier-league-2025
2025-04-30 15:25:12,286 - INFO - Found scorecard link: https://www.cricbuzz.com/live-cricket-scorecard/115012/csk-vs-rcb-8th-match-indian-premier-league-2025
2025-04-30 15:25:12,286 - INFO - Processing scorecard for : https://www.cricbuzz.com/cricket-scores/115012/rcb-vs-csk-8th-match-indian-premier-league-2025
2025-04-30 15:25:12,286 - INFO - Scraping scorecard from: https://www.cricbuzz.com/live-cricket-scorecard/115012/csk-vs-rcb-8th-match-indian-premier-league-2025
2025-04-30 15:25:12,574 - INFO - Found 6 innings containers
2025-04-30 15:25:12,575 - INFO - Found 12 batter rows
2025-04-30 15:25:12,575 - WARNING - Incorrect number of columns in batter row. Expected at least 4, got 0 for NA
2025-04-30 15:25:12,576 - WARNING - Incorrect number of columns in batter row. Expected at least 4, got 0 for NA
2025-04-30 15:25:12,576 - WARNING - Incorrect number of columns in batter row. Expected at least 4, got 0 for Hazlewood
2025-04-30 15:25:12,576 - INFO - Found 6 batter rows
2025-04-30 15:25:12,576 - INFO - Found 0 batter rows
2025-04-30 15:25:12,577 - INFO - Found 13 batter rows
2025-04-30 15:25:12,578 - WARNING - Incorrect number of columns in batter row. Expected at least 4, got 0 for NA
2025-04-30 15:25:12,578 - WARNING - Incorrect number of columns in batter row. Expected at least 4, got 0 for NA
2025-04-30 15:25:12,578 - WARNING - Incorrect number of columns in batter row. Expected at least 4, got 0 for Matheesha Pathirana
2025-04-30 15:25:12,578 - INFO - Found 6 batter rows
2025-04-30 15:25:12,579 - INFO - Found 0 batter rows
2025-04-30 15:25:14,584 - INFO - Fetching scorecard link from: https://www.cricbuzz.com/cricket-scores/115014/gt-vs-mi-9th-match-indian-premier-league-2025
2025-04-30 15:25:15,062 - INFO - Found scorecard link: https://www.cricbuzz.com/live-cricket-scorecard/115014/gt-vs-mi-9th-match-indian-premier-league-2025
2025-04-30 15:25:15,062 - INFO - Processing scorecard for : https://www.cricbuzz.com/cricket-scores/115014/gt-vs-mi-9th-match-indian-premier-league-2025
2025-04-30 15:25:15,063 - INFO - Scraping scorecard from: https://www.cricbuzz.com/live-cricket-scorecard/115014/gt-vs-mi-9th-match-indian-premier-league-2025
2025-04-30 15:25:15,311 - INFO - Found 6 innings containers
2025-04-30 15:25:15,312 - INFO - Found 12 batter rows
2025-04-30 15:25:15,312 - WARNING - Incorrect number of columns in batter row. Expected at least 4, got 0 for NA
2025-04-30 15:25:15,313 - WARNING - Incorrect number of columns in batter row. Expected at least 4, got 0 for NA
2025-04-30 15:25:15,313 - WARNING - Incorrect number of columns in batter row. Expected at least 4, got 0 for Siraj
2025-04-30 15:25:15,313 - INFO - Found 6 batter rows
2025-04-30 15:25:15,313 - INFO - Found 0 batter rows
2025-04-30 15:25:15,314 - INFO - Found 11 batter rows
2025-04-30 15:25:15,314 - WARNING - Incorrect number of columns in batter row. Expected at least 4, got 0 for NA
2025-04-30 15:25:15,314 - WARNING - Incorrect number of columns in batter row. Expected at least 4, got 0 for NA
2025-04-30 15:25:15,314 - WARNING - Incorrect number of columns in batter row. Expected at least 4, got 0 for Deepak Chahar
2025-04-30 15:25:15,315 - INFO - Found 6 batter rows
2025-04-30 15:25:15,315 - INFO - Found 0 batter rows
2025-04-30 15:25:17,318 - INFO - Fetching scorecard link from: https://www.cricbuzz.com/cricket-scores/115021/srh-vs-dc-10th-match-indian-premier-league-2025
2025-04-30 15:25:17,585 - INFO - Found scorecard link: https://www.cricbuzz.com/live-cricket-scorecard/115021/dc-vs-srh-10th-match-indian-premier-league-2025
2025-04-30 15:25:17,585 - INFO - Processing scorecard for : https://www.cricbuzz.com/cricket-scores/115021/srh-vs-dc-10th-match-indian-premier-league-2025
2025-04-30 15:25:17,585 - INFO - Scraping scorecard from: https://www.cricbuzz.com/live-cricket-scorecard/115021/dc-vs-srh-10th-match-indian-premier-league-2025
2025-04-30 15:25:17,908 - INFO - Found 6 innings containers
2025-04-30 15:25:17,909 - INFO - Found 14 batter rows
2025-04-30 15:25:17,910 - WARNING - Incorrect number of columns in batter row. Expected at least 4, got 0 for NA
2025-04-30 15:25:17,910 - WARNING - Incorrect number of columns in batter row. Expected at least 4, got 0 for NA
2025-04-30 15:25:17,910 - WARNING - Incorrect number of columns in batter row. Expected at least 4, got 0 for Zeeshan Ansari
2025-04-30 15:25:17,910 - INFO - Found 6 batter rows
2025-04-30 15:25:17,911 - INFO - Found 0 batter rows
2025-04-30 15:25:17,911 - INFO - Found 8 batter rows
2025-04-30 15:25:17,911 - WARNING - Incorrect number of columns in batter row. Expected at least 4, got 0 for NA
2025-04-30 15:25:17,911 - WARNING - Incorrect number of columns in batter row. Expected at least 4, got 0 for NA
2025-04-30 15:25:17,911 - WARNING - Incorrect number of columns in batter row. Expected at least 4, got 0 for Axar Patel (c)
2025-04-30 15:25:17,912 - INFO - Found 6 batter rows
2025-04-30 15:25:17,912 - INFO - Found 0 batter rows
2025-04-30 15:25:19,925 - INFO - Fetching scorecard link from: https://www.cricbuzz.com/cricket-scores/115030/rr-vs-csk-11th-match-indian-premier-league-2025
2025-04-30 15:25:20,287 - INFO - Found scorecard link: https://www.cricbuzz.com/live-cricket-scorecard/115030/rr-vs-csk-11th-match-indian-premier-league-2025
2025-04-30 15:25:20,287 - INFO - Processing scorecard for : https://www.cricbuzz.com/cricket-scores/115030/rr-vs-csk-11th-match-indian-premier-league-2025
2025-04-30 15:25:20,287 - INFO - Scraping scorecard from: https://www.cricbuzz.com/live-cricket-scorecard/115030/rr-vs-csk-11th-match-indian-premier-league-2025
2025-04-30 15:25:20,622 - INFO - Found 6 innings containers
2025-04-30 15:25:20,623 - INFO - Found 14 batter rows
2025-04-30 15:25:20,624 - WARNING - Incorrect number of columns in batter row. Expected at least 4, got 0 for NA
2025-04-30 15:25:20,624 - WARNING - Incorrect number of columns in batter row. Expected at least 4, got 0 for NA
2025-04-30 15:25:20,624 - WARNING - Incorrect number of columns in batter row. Expected at least 4, got 0 for Sandeep Sharma
2025-04-30 15:25:20,624 - INFO - Found 6 batter rows
2025-04-30 15:25:20,625 - INFO - Found 0 batter rows
2025-04-30 15:25:20,625 - INFO - Found 11 batter rows
2025-04-30 15:25:20,626 - WARNING - Incorrect number of columns in batter row. Expected at least 4, got 0 for NA
2025-04-30 15:25:20,626 - WARNING - Incorrect number of columns in batter row. Expected at least 4, got 0 for NA
2025-04-30 15:25:20,626 - WARNING - Incorrect number of columns in batter row. Expected at least 4, got 0 for Ravichandran Ashwin
2025-04-30 15:25:20,626 - INFO - Found 6 batter rows
2025-04-30 15:25:20,627 - INFO - Found 0 batter rows
2025-04-30 15:25:22,627 - INFO - Fetching scorecard link from: https://www.cricbuzz.com/cricket-scores/115032/kkr-vs-mi-12th-match-indian-premier-league-2025
2025-04-30 15:25:22,906 - INFO - Found scorecard link: https://www.cricbuzz.com/live-cricket-scorecard/115032/mi-vs-kkr-12th-match-indian-premier-league-2025
2025-04-30 15:25:22,907 - INFO - Processing scorecard for : https://www.cricbuzz.com/cricket-scores/115032/kkr-vs-mi-12th-match-indian-premier-league-2025
2025-04-30 15:25:22,907 - INFO - Scraping scorecard from: https://www.cricbuzz.com/live-cricket-scorecard/115032/mi-vs-kkr-12th-match-indian-premier-league-2025
2025-04-30 15:25:23,185 - INFO - Found 6 innings containers
2025-04-30 15:25:23,185 - INFO - Found 14 batter rows
2025-04-30 15:25:23,186 - WARNING - Incorrect number of columns in batter row. Expected at least 4, got 0 for NA
2025-04-30 15:25:23,186 - WARNING - Incorrect number of columns in batter row. Expected at least 4, got 0 for NA
2025-04-30 15:25:23,186 - WARNING - Incorrect number of columns in batter row. Expected at least 4, got 0 for Varun Chakaravarthy
2025-04-30 15:25:23,187 - INFO - Found 6 batter rows
2025-04-30 15:25:23,187 - INFO - Found 0 batter rows
2025-04-30 15:25:23,187 - INFO - Found 7 batter rows
2025-04-30 15:25:23,188 - WARNING - Incorrect number of columns in batter row. Expected at least 4, got 0 for NA
2025-04-30 15:25:23,188 - WARNING - Incorrect number of columns in batter row. Expected at least 4, got 0 for NA
2025-04-30 15:25:23,188 - WARNING - Incorrect number of columns in batter row. Expected at least 4, got 0 for Tilak Varma
2025-04-30 15:25:23,188 - INFO - Found 5 batter rows
2025-04-30 15:25:23,189 - INFO - Found 0 batter rows
2025-04-30 15:25:25,190 - INFO - Fetching scorecard link from: https://www.cricbuzz.com/cricket-scores/115039/lsg-vs-pbks-13th-match-indian-premier-league-2025
2025-04-30 15:25:25,443 - INFO - Found scorecard link: https://www.cricbuzz.com/live-cricket-scorecard/115039/lsg-vs-pbks-13th-match-indian-premier-league-2025
2025-04-30 15:25:25,443 - INFO - Processing scorecard for : https://www.cricbuzz.com/cricket-scores/115039/lsg-vs-pbks-13th-match-indian-premier-league-2025
2025-04-30 15:25:25,444 - INFO - Scraping scorecard from: https://www.cricbuzz.com/live-cricket-scorecard/115039/lsg-vs-pbks-13th-match-indian-premier-league-2025
2025-04-30 15:25:25,731 - INFO - Found 6 innings containers
2025-04-30 15:25:25,732 - INFO - Found 12 batter rows
2025-04-30 15:25:25,732 - WARNING - Incorrect number of columns in batter row. Expected at least 4, got 0 for NA
2025-04-30 15:25:25,732 - WARNING - Incorrect number of columns in batter row. Expected at least 4, got 0 for NA
2025-04-30 15:25:25,732 - WARNING - Incorrect number of columns in batter row. Expected at least 4, got 0 for Digvesh Rathi
2025-04-30 15:25:25,733 - INFO - Found 6 batter rows
2025-04-30 15:25:25,733 - INFO - Found 0 batter rows
2025-04-30 15:25:25,733 - INFO - Found 7 batter rows
2025-04-30 15:25:25,734 - WARNING - Incorrect number of columns in batter row. Expected at least 4, got 0 for NA
2025-04-30 15:25:25,734 - WARNING - Incorrect number of columns in batter row. Expected at least 4, got 0 for NA
2025-04-30 15:25:25,734 - WARNING - Incorrect number of columns in batter row. Expected at least 4, got 0 for Shashank Singh
2025-04-30 15:25:25,734 - INFO - Found 6 batter rows
2025-04-30 15:25:25,735 - INFO - Found 0 batter rows
2025-04-30 15:25:27,750 - INFO - Fetching scorecard link from: https://www.cricbuzz.com/cricket-scores/115048/rcb-vs-gt-14th-match-indian-premier-league-2025
2025-04-30 15:25:28,063 - INFO - Found scorecard link: https://www.cricbuzz.com/live-cricket-scorecard/115048/rcb-vs-gt-14th-match-indian-premier-league-2025
2025-04-30 15:25:28,064 - INFO - Processing scorecard for : https://www.cricbuzz.com/cricket-scores/115048/rcb-vs-gt-14th-match-indian-premier-league-2025
2025-04-30 15:25:28,064 - INFO - Scraping scorecard from: https://www.cricbuzz.com/live-cricket-scorecard/115048/rcb-vs-gt-14th-match-indian-premier-league-2025
2025-04-30 15:25:28,321 - INFO - Found 6 innings containers
2025-04-30 15:25:28,321 - INFO - Found 12 batter rows
2025-04-30 15:25:28,322 - WARNING - Incorrect number of columns in batter row. Expected at least 4, got 0 for NA
2025-04-30 15:25:28,322 - WARNING - Incorrect number of columns in batter row. Expected at least 4, got 0 for NA
2025-04-30 15:25:28,322 - WARNING - Incorrect number of columns in batter row. Expected at least 4, got 0 for Hazlewood
2025-04-30 15:25:28,322 - INFO - Found 6 batter rows
2025-04-30 15:25:28,323 - INFO - Found 0 batter rows
2025-04-30 15:25:28,323 - INFO - Found 7 batter rows
2025-04-30 15:25:28,324 - WARNING - Incorrect number of columns in batter row. Expected at least 4, got 0 for NA
2025-04-30 15:25:28,324 - WARNING - Incorrect number of columns in batter row. Expected at least 4, got 0 for NA
2025-04-30 15:25:28,324 - WARNING - Incorrect number of columns in batter row. Expected at least 4, got 0 for Shahrukh Khan
2025-04-30 15:25:28,324 - INFO - Found 6 batter rows
2025-04-30 15:25:28,325 - INFO - Found 0 batter rows
2025-04-30 15:25:30,326 - INFO - Fetching scorecard link from: https://www.cricbuzz.com/cricket-scores/115050/kkr-vs-srh-15th-match-indian-premier-league-2025
2025-04-30 15:25:30,635 - INFO - Found scorecard link: https://www.cricbuzz.com/live-cricket-scorecard/115050/kkr-vs-srh-15th-match-indian-premier-league-2025
2025-04-30 15:25:30,635 - INFO - Processing scorecard for : https://www.cricbuzz.com/cricket-scores/115050/kkr-vs-srh-15th-match-indian-premier-league-2025
2025-04-30 15:25:30,635 - INFO - Scraping scorecard from: https://www.cricbuzz.com/live-cricket-scorecard/115050/kkr-vs-srh-15th-match-indian-premier-league-2025
2025-04-30 15:25:30,869 - INFO - Found 6 innings containers
2025-04-30 15:25:30,869 - INFO - Found 10 batter rows
2025-04-30 15:25:30,870 - WARNING - Incorrect number of columns in batter row. Expected at least 4, got 0 for NA
2025-04-30 15:25:30,870 - WARNING - Incorrect number of columns in batter row. Expected at least 4, got 0 for NA
2025-04-30 15:25:30,871 - WARNING - Incorrect number of columns in batter row. Expected at least 4, got 0 for Moeen
2025-04-30 15:25:30,871 - INFO - Found 6 batter rows
2025-04-30 15:25:30,871 - INFO - Found 0 batter rows
2025-04-30 15:25:30,872 - INFO - Found 14 batter rows
2025-04-30 15:25:30,873 - WARNING - Incorrect number of columns in batter row. Expected at least 4, got 0 for NA
2025-04-30 15:25:30,873 - WARNING - Incorrect number of columns in batter row. Expected at least 4, got 0 for NA
2025-04-30 15:25:30,873 - WARNING - Incorrect number of columns in batter row. Expected at least 4, got 0 for Zeeshan Ansari
2025-04-30 15:25:30,874 - INFO - Found 5 batter rows
2025-04-30 15:25:30,875 - INFO - Found 0 batter rows
2025-04-30 15:25:32,888 - INFO - Fetching scorecard link from: https://www.cricbuzz.com/cricket-scores/115059/lsg-vs-mi-16th-match-indian-premier-league-2025
2025-04-30 15:25:33,485 - INFO - Found scorecard link: https://www.cricbuzz.com/live-cricket-scorecard/115059/lsg-vs-mi-16th-match-indian-premier-league-2025
2025-04-30 15:25:33,485 - INFO - Processing scorecard for : https://www.cricbuzz.com/cricket-scores/115059/lsg-vs-mi-16th-match-indian-premier-league-2025
2025-04-30 15:25:33,485 - INFO - Scraping scorecard from: https://www.cricbuzz.com/live-cricket-scorecard/115059/lsg-vs-mi-16th-match-indian-premier-league-2025
2025-04-30 15:25:33,746 - INFO - Found 6 innings containers
2025-04-30 15:25:33,746 - INFO - Found 13 batter rows
2025-04-30 15:25:33,746 - WARNING - Incorrect number of columns in batter row. Expected at least 4, got 0 for NA
2025-04-30 15:25:33,746 - WARNING - Incorrect number of columns in batter row. Expected at least 4, got 0 for NA
2025-04-30 15:25:33,746 - WARNING - Incorrect number of columns in batter row. Expected at least 4, got 0 for Digvesh Rathi
2025-04-30 15:25:33,747 - INFO - Found 6 batter rows
2025-04-30 15:25:33,747 - INFO - Found 0 batter rows
2025-04-30 15:25:33,747 - INFO - Found 10 batter rows
2025-04-30 15:25:33,748 - WARNING - Incorrect number of columns in batter row. Expected at least 4, got 0 for NA
2025-04-30 15:25:33,748 - WARNING - Incorrect number of columns in batter row. Expected at least 4, got 0 for NA
2025-04-30 15:25:33,748 - WARNING - Incorrect number of columns in batter row. Expected at least 4, got 0 for Raj Bawa
2025-04-30 15:25:33,748 - INFO - Found 5 batter rows
2025-04-30 15:25:33,749 - INFO - Found 0 batter rows
2025-04-30 15:25:35,760 - INFO - Fetching scorecard link from: https://www.cricbuzz.com/cricket-scores/115068/dc-vs-csk-17th-match-indian-premier-league-2025
2025-04-30 15:25:36,112 - INFO - Found scorecard link: https://www.cricbuzz.com/live-cricket-scorecard/115068/csk-vs-dc-17th-match-indian-premier-league-2025
2025-04-30 15:25:36,113 - INFO - Processing scorecard for : https://www.cricbuzz.com/cricket-scores/115068/dc-vs-csk-17th-match-indian-premier-league-2025
2025-04-30 15:25:36,113 - INFO - Scraping scorecard from: https://www.cricbuzz.com/live-cricket-scorecard/115068/csk-vs-dc-17th-match-indian-premier-league-2025
2025-04-30 15:25:36,397 - INFO - Found 6 innings containers
2025-04-30 15:25:36,397 - INFO - Found 11 batter rows
2025-04-30 15:25:36,398 - WARNING - Incorrect number of columns in batter row. Expected at least 4, got 0 for NA
2025-04-30 15:25:36,398 - WARNING - Incorrect number of columns in batter row. Expected at least 4, got 0 for NA
2025-04-30 15:25:36,398 - WARNING - Incorrect number of columns in batter row. Expected at least 4, got 0 for Mitchell Starc
2025-04-30 15:25:36,398 - INFO - Found 6 batter rows
2025-04-30 15:25:36,399 - INFO - Found 0 batter rows
2025-04-30 15:25:36,399 - INFO - Found 10 batter rows
2025-04-30 15:25:36,399 - WARNING - Incorrect number of columns in batter row. Expected at least 4, got 0 for NA
2025-04-30 15:25:36,399 - WARNING - Incorrect number of columns in batter row. Expected at least 4, got 0 for NA
2025-04-30 15:25:36,399 - WARNING - Incorrect number of columns in batter row. Expected at least 4, got 0 for Ravichandran Ashwin
2025-04-30 15:25:36,400 - INFO - Found 6 batter rows
2025-04-30 15:25:36,401 - INFO - Found 0 batter rows
2025-04-30 15:25:38,407 - INFO - Fetching scorecard link from: https://www.cricbuzz.com/cricket-scores/115075/rr-vs-pbks-18th-match-indian-premier-league-2025
2025-04-30 15:25:38,702 - INFO - Found scorecard link: https://www.cricbuzz.com/live-cricket-scorecard/115075/pbks-vs-rr-18th-match-indian-premier-league-2025
2025-04-30 15:25:38,702 - INFO - Processing scorecard for : https://www.cricbuzz.com/cricket-scores/115075/rr-vs-pbks-18th-match-indian-premier-league-2025
2025-04-30 15:25:38,702 - INFO - Scraping scorecard from: https://www.cricbuzz.com/live-cricket-scorecard/115075/pbks-vs-rr-18th-match-indian-premier-league-2025
2025-04-30 15:25:39,024 - INFO - Found 6 innings containers
2025-04-30 15:25:39,024 - INFO - Found 9 batter rows
2025-04-30 15:25:39,024 - WARNING - Incorrect number of columns in batter row. Expected at least 4, got 0 for NA
2025-04-30 15:25:39,025 - WARNING - Incorrect number of columns in batter row. Expected at least 4, got 0 for NA
2025-04-30 15:25:39,025 - WARNING - Incorrect number of columns in batter row. Expected at least 4, got 0 for W Hasaranga
2025-04-30 15:25:39,025 - INFO - Found 6 batter rows
2025-04-30 15:25:39,025 - INFO - Found 0 batter rows
2025-04-30 15:25:39,026 - INFO - Found 14 batter rows
2025-04-30 15:25:39,027 - WARNING - Incorrect number of columns in batter row. Expected at least 4, got 0 for NA
2025-04-30 15:25:39,027 - WARNING - Incorrect number of columns in batter row. Expected at least 4, got 0 for NA
2025-04-30 15:25:39,027 - WARNING - Incorrect number of columns in batter row. Expected at least 4, got 0 for Yuzvendra Chahal
2025-04-30 15:25:39,027 - INFO - Found 6 batter rows
2025-04-30 15:25:39,027 - INFO - Found 0 batter rows
2025-04-30 15:25:41,030 - INFO - Fetching scorecard link from: https://www.cricbuzz.com/cricket-scores/115093/srh-vs-gt-19th-match-indian-premier-league-2025
2025-04-30 15:25:41,490 - INFO - Found scorecard link: https://www.cricbuzz.com/live-cricket-scorecard/115093/srh-vs-gt-19th-match-indian-premier-league-2025
2025-04-30 15:25:41,490 - INFO - Processing scorecard for : https://www.cricbuzz.com/cricket-scores/115093/srh-vs-gt-19th-match-indian-premier-league-2025
2025-04-30 15:25:41,490 - INFO - Scraping scorecard from: https://www.cricbuzz.com/live-cricket-scorecard/115093/srh-vs-gt-19th-match-indian-premier-league-2025
2025-04-30 15:25:41,781 - INFO - Found 6 innings containers
2025-04-30 15:25:41,782 - INFO - Found 13 batter rows
2025-04-30 15:25:41,783 - WARNING - Incorrect number of columns in batter row. Expected at least 4, got 0 for NA
2025-04-30 15:25:41,783 - WARNING - Incorrect number of columns in batter row. Expected at least 4, got 0 for NA
2025-04-30 15:25:41,783 - WARNING - Incorrect number of columns in batter row. Expected at least 4, got 0 for Zeeshan Ansari
2025-04-30 15:25:41,784 - INFO - Found 5 batter rows
2025-04-30 15:25:41,784 - INFO - Found 0 batter rows
2025-04-30 15:25:41,786 - INFO - Found 8 batter rows
2025-04-30 15:25:41,787 - WARNING - Incorrect number of columns in batter row. Expected at least 4, got 0 for NA
2025-04-30 15:25:41,787 - WARNING - Incorrect number of columns in batter row. Expected at least 4, got 0 for NA
2025-04-30 15:25:41,787 - WARNING - Incorrect number of columns in batter row. Expected at least 4, got 0 for Shahrukh Khan
2025-04-30 15:25:41,788 - INFO - Found 7 batter rows
2025-04-30 15:25:41,789 - INFO - Found 0 batter rows
2025-04-30 15:25:43,795 - INFO - Fetching scorecard link from: https://www.cricbuzz.com/cricket-scores/115095/rcb-vs-mi-20th-match-indian-premier-league-2025
2025-04-30 15:25:44,078 - INFO - Found scorecard link: https://www.cricbuzz.com/live-cricket-scorecard/115095/mi-vs-rcb-20th-match-indian-premier-league-2025
2025-04-30 15:25:44,078 - INFO - Processing scorecard for : https://www.cricbuzz.com/cricket-scores/115095/rcb-vs-mi-20th-match-indian-premier-league-2025
2025-04-30 15:25:44,078 - INFO - Scraping scorecard from: https://www.cricbuzz.com/live-cricket-scorecard/115095/mi-vs-rcb-20th-match-indian-premier-league-2025
2025-04-30 15:25:44,338 - INFO - Found 6 innings containers
2025-04-30 15:25:44,338 - INFO - Found 10 batter rows
2025-04-30 15:25:44,340 - WARNING - Incorrect number of columns in batter row. Expected at least 4, got 0 for NA
2025-04-30 15:25:44,340 - WARNING - Incorrect number of columns in batter row. Expected at least 4, got 0 for NA
2025-04-30 15:25:44,341 - WARNING - Incorrect number of columns in batter row. Expected at least 4, got 0 for Krunal Pandya
2025-04-30 15:25:44,341 - INFO - Found 7 batter rows
2025-04-30 15:25:44,342 - INFO - Found 0 batter rows
2025-04-30 15:25:44,343 - INFO - Found 14 batter rows
2025-04-30 15:25:44,345 - WARNING - Incorrect number of columns in batter row. Expected at least 4, got 0 for NA
2025-04-30 15:25:44,345 - WARNING - Incorrect number of columns in batter row. Expected at least 4, got 0 for NA
2025-04-30 15:25:44,345 - WARNING - Incorrect number of columns in batter row. Expected at least 4, got 0 for Vignesh Puthur
2025-04-30 15:25:44,346 - INFO - Found 5 batter rows
2025-04-30 15:25:44,346 - INFO - Found 0 batter rows
2025-04-30 15:25:46,356 - INFO - Fetching scorecard link from: https://www.cricbuzz.com/cricket-scores/115084/lsg-vs-kkr-21st-match-indian-premier-league-2025
2025-04-30 15:25:46,646 - INFO - Found scorecard link: https://www.cricbuzz.com/live-cricket-scorecard/115084/kkr-vs-lsg-21st-match-indian-premier-league-2025
2025-04-30 15:25:46,646 - INFO - Processing scorecard for : https://www.cricbuzz.com/cricket-scores/115084/lsg-vs-kkr-21st-match-indian-premier-league-2025
2025-04-30 15:25:46,646 - INFO - Scraping scorecard from: https://www.cricbuzz.com/live-cricket-scorecard/115084/kkr-vs-lsg-21st-match-indian-premier-league-2025
2025-04-30 15:25:46,918 - INFO - Found 6 innings containers
2025-04-30 15:25:46,919 - INFO - Found 8 batter rows
2025-04-30 15:25:46,919 - WARNING - Incorrect number of columns in batter row. Expected at least 4, got 0 for NA
2025-04-30 15:25:46,919 - WARNING - Incorrect number of columns in batter row. Expected at least 4, got 0 for NA
2025-04-30 15:25:46,919 - WARNING - Incorrect number of columns in batter row. Expected at least 4, got 0 for Pant (c & wk)
2025-04-30 15:25:46,920 - INFO - Found 6 batter rows
2025-04-30 15:25:46,920 - INFO - Found 0 batter rows
2025-04-30 15:25:46,921 - INFO - Found 12 batter rows
2025-04-30 15:25:46,922 - WARNING - Incorrect number of columns in batter row. Expected at least 4, got 0 for NA
2025-04-30 15:25:46,922 - WARNING - Incorrect number of columns in batter row. Expected at least 4, got 0 for NA
2025-04-30 15:25:46,922 - WARNING - Incorrect number of columns in batter row. Expected at least 4, got 0 for Spencer Johnson
2025-04-30 15:25:46,922 - INFO - Found 5 batter rows
2025-04-30 15:25:46,923 - INFO - Found 0 batter rows
2025-04-30 15:25:48,934 - INFO - Fetching scorecard link from: https://www.cricbuzz.com/cricket-scores/115102/pbks-vs-csk-22nd-match-indian-premier-league-2025
2025-04-30 15:25:49,192 - INFO - Found scorecard link: https://www.cricbuzz.com/live-cricket-scorecard/115102/pbks-vs-csk-22nd-match-indian-premier-league-2025
2025-04-30 15:25:49,192 - INFO - Processing scorecard for : https://www.cricbuzz.com/cricket-scores/115102/pbks-vs-csk-22nd-match-indian-premier-league-2025
2025-04-30 15:25:49,192 - INFO - Scraping scorecard from: https://www.cricbuzz.com/live-cricket-scorecard/115102/pbks-vs-csk-22nd-match-indian-premier-league-2025
2025-04-30 15:25:49,449 - INFO - Found 6 innings containers
2025-04-30 15:25:49,450 - INFO - Found 11 batter rows
2025-04-30 15:25:49,450 - WARNING - Incorrect number of columns in batter row. Expected at least 4, got 0 for NA
2025-04-30 15:25:49,451 - WARNING - Incorrect number of columns in batter row. Expected at least 4, got 0 for NA
2025-04-30 15:25:49,451 - WARNING - Incorrect number of columns in batter row. Expected at least 4, got 0 for Arshdeep Singh
2025-04-30 15:25:49,451 - INFO - Found 6 batter rows
2025-04-30 15:25:49,451 - INFO - Found 0 batter rows
2025-04-30 15:25:49,452 - INFO - Found 10 batter rows
2025-04-30 15:25:49,452 - WARNING - Incorrect number of columns in batter row. Expected at least 4, got 0 for NA
2025-04-30 15:25:49,452 - WARNING - Incorrect number of columns in batter row. Expected at least 4, got 0 for NA
2025-04-30 15:25:49,452 - WARNING - Incorrect number of columns in batter row. Expected at least 4, got 0 for Ravichandran Ashwin
2025-04-30 15:25:49,453 - INFO - Found 7 batter rows
2025-04-30 15:25:49,453 - INFO - Found 0 batter rows
2025-04-30 15:25:51,460 - INFO - Fetching scorecard link from: https://www.cricbuzz.com/cricket-scores/115104/gt-vs-rr-23rd-match-indian-premier-league-2025
2025-04-30 15:25:51,777 - INFO - Found scorecard link: https://www.cricbuzz.com/live-cricket-scorecard/115104/gt-vs-rr-23rd-match-indian-premier-league-2025
2025-04-30 15:25:51,777 - INFO - Processing scorecard for : https://www.cricbuzz.com/cricket-scores/115104/gt-vs-rr-23rd-match-indian-premier-league-2025
2025-04-30 15:25:51,777 - INFO - Scraping scorecard from: https://www.cricbuzz.com/live-cricket-scorecard/115104/gt-vs-rr-23rd-match-indian-premier-league-2025
2025-04-30 15:25:52,037 - INFO - Found 6 innings containers
2025-04-30 15:25:52,038 - INFO - Found 11 batter rows
2025-04-30 15:25:52,040 - WARNING - Incorrect number of columns in batter row. Expected at least 4, got 0 for NA
2025-04-30 15:25:52,040 - WARNING - Incorrect number of columns in batter row. Expected at least 4, got 0 for NA
2025-04-30 15:25:52,040 - WARNING - Incorrect number of columns in batter row. Expected at least 4, got 0 for Sai Kishore
2025-04-30 15:25:52,040 - INFO - Found 5 batter rows
2025-04-30 15:25:52,041 - INFO - Found 0 batter rows
2025-04-30 15:25:52,042 - INFO - Found 14 batter rows
2025-04-30 15:25:52,043 - WARNING - Incorrect number of columns in batter row. Expected at least 4, got 0 for NA
2025-04-30 15:25:52,043 - WARNING - Incorrect number of columns in batter row. Expected at least 4, got 0 for NA
2025-04-30 15:25:52,044 - WARNING - Incorrect number of columns in batter row. Expected at least 4, got 0 for Fazalhaq Farooqi
2025-04-30 15:25:52,044 - INFO - Found 6 batter rows
2025-04-30 15:25:52,045 - INFO - Found 0 batter rows
2025-04-30 15:25:54,050 - INFO - Fetching scorecard link from: https://www.cricbuzz.com/cricket-scores/115111/rcb-vs-dc-24th-match-indian-premier-league-2025
2025-04-30 15:25:54,549 - INFO - Found scorecard link: https://www.cricbuzz.com/live-cricket-scorecard/115111/rcb-vs-dc-24th-match-indian-premier-league-2025
2025-04-30 15:25:54,550 - INFO - Processing scorecard for : https://www.cricbuzz.com/cricket-scores/115111/rcb-vs-dc-24th-match-indian-premier-league-2025
2025-04-30 15:25:54,550 - INFO - Scraping scorecard from: https://www.cricbuzz.com/live-cricket-scorecard/115111/rcb-vs-dc-24th-match-indian-premier-league-2025
2025-04-30 15:25:54,944 - INFO - Found 6 innings containers
2025-04-30 15:25:54,945 - INFO - Found 12 batter rows
2025-04-30 15:25:54,946 - WARNING - Incorrect number of columns in batter row. Expected at least 4, got 0 for NA
2025-04-30 15:25:54,946 - WARNING - Incorrect number of columns in batter row. Expected at least 4, got 0 for NA
2025-04-30 15:25:54,946 - WARNING - Incorrect number of columns in batter row. Expected at least 4, got 0 for Hazlewood
2025-04-30 15:25:54,947 - INFO - Found 6 batter rows
2025-04-30 15:25:54,948 - INFO - Found 0 batter rows
2025-04-30 15:25:54,948 - INFO - Found 9 batter rows
2025-04-30 15:25:54,949 - WARNING - Incorrect number of columns in batter row. Expected at least 4, got 0 for NA
2025-04-30 15:25:54,949 - WARNING - Incorrect number of columns in batter row. Expected at least 4, got 0 for NA
2025-04-30 15:25:54,949 - WARNING - Incorrect number of columns in batter row. Expected at least 4, got 0 for Ashutosh Sharma
2025-04-30 15:25:54,949 - INFO - Found 6 batter rows
2025-04-30 15:25:54,950 - INFO - Found 0 batter rows
2025-04-30 15:25:56,955 - INFO - Fetching scorecard link from: https://www.cricbuzz.com/cricket-scores/115113/csk-vs-kkr-25th-match-indian-premier-league-2025
2025-04-30 15:25:57,233 - INFO - Found scorecard link: https://www.cricbuzz.com/live-cricket-scorecard/115113/csk-vs-kkr-25th-match-indian-premier-league-2025
2025-04-30 15:25:57,234 - INFO - Processing scorecard for : https://www.cricbuzz.com/cricket-scores/115113/csk-vs-kkr-25th-match-indian-premier-league-2025
2025-04-30 15:25:57,234 - INFO - Scraping scorecard from: https://www.cricbuzz.com/live-cricket-scorecard/115113/csk-vs-kkr-25th-match-indian-premier-league-2025
2025-04-30 15:25:57,478 - INFO - Found 6 innings containers
2025-04-30 15:25:57,478 - INFO - Found 14 batter rows
2025-04-30 15:25:57,479 - WARNING - Incorrect number of columns in batter row. Expected at least 4, got 0 for NA
2025-04-30 15:25:57,479 - WARNING - Incorrect number of columns in batter row. Expected at least 4, got 0 for NA
2025-04-30 15:25:57,479 - WARNING - Incorrect number of columns in batter row. Expected at least 4, got 0 for Khaleel Ahmed
2025-04-30 15:25:57,479 - INFO - Found 5 batter rows
2025-04-30 15:25:57,480 - INFO - Found 0 batter rows
2025-04-30 15:25:57,480 - INFO - Found 7 batter rows
2025-04-30 15:25:57,480 - WARNING - Incorrect number of columns in batter row. Expected at least 4, got 0 for NA
2025-04-30 15:25:57,480 - WARNING - Incorrect number of columns in batter row. Expected at least 4, got 0 for NA
2025-04-30 15:25:57,480 - WARNING - Incorrect number of columns in batter row. Expected at least 4, got 0 for Venkatesh Iyer
2025-04-30 15:25:57,480 - INFO - Found 5 batter rows
2025-04-30 15:25:57,481 - INFO - Found 0 batter rows
2025-04-30 15:25:59,486 - INFO - Fetching scorecard link from: https://www.cricbuzz.com/cricket-scores/115122/gt-vs-lsg-26th-match-indian-premier-league-2025
2025-04-30 15:26:00,056 - INFO - Found scorecard link: https://www.cricbuzz.com/live-cricket-scorecard/115122/lsg-vs-gt-26th-match-indian-premier-league-2025
2025-04-30 15:26:00,057 - INFO - Processing scorecard for : https://www.cricbuzz.com/cricket-scores/115122/gt-vs-lsg-26th-match-indian-premier-league-2025
2025-04-30 15:26:00,057 - INFO - Scraping scorecard from: https://www.cricbuzz.com/live-cricket-scorecard/115122/lsg-vs-gt-26th-match-indian-premier-league-2025
2025-04-30 15:26:00,327 - INFO - Found 6 innings containers
2025-04-30 15:26:00,327 - INFO - Found 11 batter rows
2025-04-30 15:26:00,328 - WARNING - Incorrect number of columns in batter row. Expected at least 4, got 0 for NA
2025-04-30 15:26:00,328 - WARNING - Incorrect number of columns in batter row. Expected at least 4, got 0 for NA
2025-04-30 15:26:00,328 - WARNING - Incorrect number of columns in batter row. Expected at least 4, got 0 for Arshad Khan
2025-04-30 15:26:00,328 - INFO - Found 6 batter rows
2025-04-30 15:26:00,328 - INFO - Found 0 batter rows
2025-04-30 15:26:00,329 - INFO - Found 9 batter rows
2025-04-30 15:26:00,329 - WARNING - Incorrect number of columns in batter row. Expected at least 4, got 0 for NA
2025-04-30 15:26:00,329 - WARNING - Incorrect number of columns in batter row. Expected at least 4, got 0 for NA
2025-04-30 15:26:00,329 - WARNING - Incorrect number of columns in batter row. Expected at least 4, got 0 for Himmat Singh
2025-04-30 15:26:00,330 - INFO - Found 6 batter rows
2025-04-30 15:26:00,330 - INFO - Found 0 batter rows
2025-04-30 15:26:02,340 - INFO - Fetching scorecard link from: https://www.cricbuzz.com/cricket-scores/115129/pbks-vs-srh-27th-match-indian-premier-league-2025
2025-04-30 15:26:02,630 - INFO - Found scorecard link: https://www.cricbuzz.com/live-cricket-scorecard/115129/srh-vs-pbks-27th-match-indian-premier-league-2025
2025-04-30 15:26:02,630 - INFO - Processing scorecard for : https://www.cricbuzz.com/cricket-scores/115129/pbks-vs-srh-27th-match-indian-premier-league-2025
2025-04-30 15:26:02,630 - INFO - Scraping scorecard from: https://www.cricbuzz.com/live-cricket-scorecard/115129/srh-vs-pbks-27th-match-indian-premier-league-2025
2025-04-30 15:26:02,910 - INFO - Found 6 innings containers
2025-04-30 15:26:02,910 - INFO - Found 11 batter rows
2025-04-30 15:26:02,911 - WARNING - Incorrect number of columns in batter row. Expected at least 4, got 0 for NA
2025-04-30 15:26:02,911 - WARNING - Incorrect number of columns in batter row. Expected at least 4, got 0 for NA
2025-04-30 15:26:02,911 - WARNING - Incorrect number of columns in batter row. Expected at least 4, got 0 for Chahal
2025-04-30 15:26:02,911 - INFO - Found 5 batter rows
2025-04-30 15:26:02,911 - INFO - Found 0 batter rows
2025-04-30 15:26:02,912 - INFO - Found 7 batter rows
2025-04-30 15:26:02,913 - WARNING - Incorrect number of columns in batter row. Expected at least 4, got 0 for NA
2025-04-30 15:26:02,913 - WARNING - Incorrect number of columns in batter row. Expected at least 4, got 0 for NA
2025-04-30 15:26:02,913 - WARNING - Incorrect number of columns in batter row. Expected at least 4, got 0 for Nitish Kumar Reddy
2025-04-30 15:26:02,914 - INFO - Found 8 batter rows
2025-04-30 15:26:02,915 - INFO - Found 0 batter rows
2025-04-30 15:26:04,916 - INFO - Fetching scorecard link from: https://www.cricbuzz.com/cricket-scores/115138/rr-vs-rcb-28th-match-indian-premier-league-2025
2025-04-30 15:26:05,218 - INFO - Found scorecard link: https://www.cricbuzz.com/live-cricket-scorecard/115138/rr-vs-rcb-28th-match-indian-premier-league-2025
2025-04-30 15:26:05,219 - INFO - Processing scorecard for : https://www.cricbuzz.com/cricket-scores/115138/rr-vs-rcb-28th-match-indian-premier-league-2025
2025-04-30 15:26:05,219 - INFO - Scraping scorecard from: https://www.cricbuzz.com/live-cricket-scorecard/115138/rr-vs-rcb-28th-match-indian-premier-league-2025
2025-04-30 15:26:05,646 - INFO - Found 6 innings containers
2025-04-30 15:26:05,646 - INFO - Found 9 batter rows
2025-04-30 15:26:05,647 - WARNING - Incorrect number of columns in batter row. Expected at least 4, got 0 for NA
2025-04-30 15:26:05,647 - WARNING - Incorrect number of columns in batter row. Expected at least 4, got 0 for NA
2025-04-30 15:26:05,647 - WARNING - Incorrect number of columns in batter row. Expected at least 4, got 0 for W Hasaranga
2025-04-30 15:26:05,648 - INFO - Found 6 batter rows
2025-04-30 15:26:05,648 - INFO - Found 0 batter rows
2025-04-30 15:26:05,648 - INFO - Found 6 batter rows
2025-04-30 15:26:05,649 - WARNING - Incorrect number of columns in batter row. Expected at least 4, got 0 for NA
2025-04-30 15:26:05,649 - WARNING - Incorrect number of columns in batter row. Expected at least 4, got 0 for NA
2025-04-30 15:26:05,649 - WARNING - Incorrect number of columns in batter row. Expected at least 4, got 0 for Rajat Patidar (c)
2025-04-30 15:26:05,649 - INFO - Found 7 batter rows
2025-04-30 15:26:05,650 - INFO - Found 0 batter rows
2025-04-30 15:26:07,662 - INFO - Fetching scorecard link from: https://www.cricbuzz.com/cricket-scores/115140/mi-vs-dc-29th-match-indian-premier-league-2025
2025-04-30 15:26:07,961 - INFO - Found scorecard link: https://www.cricbuzz.com/live-cricket-scorecard/115140/dc-vs-mi-29th-match-indian-premier-league-2025
2025-04-30 15:26:07,962 - INFO - Processing scorecard for : https://www.cricbuzz.com/cricket-scores/115140/mi-vs-dc-29th-match-indian-premier-league-2025
2025-04-30 15:26:07,962 - INFO - Scraping scorecard from: https://www.cricbuzz.com/live-cricket-scorecard/115140/dc-vs-mi-29th-match-indian-premier-league-2025
2025-04-30 15:26:08,282 - INFO - Found 6 innings containers
2025-04-30 15:26:08,283 - INFO - Found 10 batter rows
2025-04-30 15:26:08,285 - WARNING - Incorrect number of columns in batter row. Expected at least 4, got 0 for NA
2025-04-30 15:26:08,285 - WARNING - Incorrect number of columns in batter row. Expected at least 4, got 0 for NA
2025-04-30 15:26:08,286 - WARNING - Incorrect number of columns in batter row. Expected at least 4, got 0 for Santner
2025-04-30 15:26:08,286 - INFO - Found 6 batter rows
2025-04-30 15:26:08,287 - INFO - Found 0 batter rows
2025-04-30 15:26:08,289 - INFO - Found 14 batter rows
2025-04-30 15:26:08,292 - WARNING - Incorrect number of columns in batter row. Expected at least 4, got 0 for NA
2025-04-30 15:26:08,292 - WARNING - Incorrect number of columns in batter row. Expected at least 4, got 0 for NA
2025-04-30 15:26:08,292 - WARNING - Incorrect number of columns in batter row. Expected at least 4, got 0 for Mukesh Kumar
2025-04-30 15:26:08,293 - INFO - Found 6 batter rows
2025-04-30 15:26:08,294 - INFO - Found 0 batter rows
2025-04-30 15:26:10,299 - INFO - Fetching scorecard link from: https://www.cricbuzz.com/cricket-scores/115149/lsg-vs-csk-30th-match-indian-premier-league-2025
2025-04-30 15:26:10,585 - INFO - Found scorecard link: https://www.cricbuzz.com/live-cricket-scorecard/115149/lsg-vs-csk-30th-match-indian-premier-league-2025
2025-04-30 15:26:10,586 - INFO - Processing scorecard for : https://www.cricbuzz.com/cricket-scores/115149/lsg-vs-csk-30th-match-indian-premier-league-2025
2025-04-30 15:26:10,587 - INFO - Scraping scorecard from: https://www.cricbuzz.com/live-cricket-scorecard/115149/lsg-vs-csk-30th-match-indian-premier-league-2025
2025-04-30 15:26:10,894 - INFO - Found 6 innings containers
2025-04-30 15:26:10,895 - INFO - Found 11 batter rows
2025-04-30 15:26:10,895 - WARNING - Incorrect number of columns in batter row. Expected at least 4, got 0 for NA
2025-04-30 15:26:10,895 - WARNING - Incorrect number of columns in batter row. Expected at least 4, got 0 for NA
2025-04-30 15:26:10,895 - WARNING - Incorrect number of columns in batter row. Expected at least 4, got 0 for Avesh Khan
2025-04-30 15:26:10,897 - INFO - Found 6 batter rows
2025-04-30 15:26:10,897 - INFO - Found 0 batter rows
2025-04-30 15:26:10,898 - INFO - Found 10 batter rows
2025-04-30 15:26:10,899 - WARNING - Incorrect number of columns in batter row. Expected at least 4, got 0 for NA
2025-04-30 15:26:10,899 - WARNING - Incorrect number of columns in batter row. Expected at least 4, got 0 for NA
2025-04-30 15:26:10,899 - WARNING - Incorrect number of columns in batter row. Expected at least 4, got 0 for Jamie Overton
2025-04-30 15:26:10,899 - INFO - Found 6 batter rows
2025-04-30 15:26:10,900 - INFO - Found 0 batter rows
2025-04-30 15:26:12,906 - INFO - Fetching scorecard link from: https://www.cricbuzz.com/cricket-scores/115156/pbks-vs-kkr-31st-match-indian-premier-league-2025
2025-04-30 15:26:13,251 - INFO - Found scorecard link: https://www.cricbuzz.com/live-cricket-scorecard/115156/pbks-vs-kkr-31st-match-indian-premier-league-2025
2025-04-30 15:26:13,252 - INFO - Processing scorecard for : https://www.cricbuzz.com/cricket-scores/115156/pbks-vs-kkr-31st-match-indian-premier-league-2025
2025-04-30 15:26:13,252 - INFO - Scraping scorecard from: https://www.cricbuzz.com/live-cricket-scorecard/115156/pbks-vs-kkr-31st-match-indian-premier-league-2025
2025-04-30 15:26:13,540 - INFO - Found 6 innings containers
2025-04-30 15:26:13,542 - INFO - Found 14 batter rows
2025-04-30 15:26:13,544 - WARNING - Incorrect number of columns in batter row. Expected at least 4, got 0 for NA
2025-04-30 15:26:13,545 - WARNING - Incorrect number of columns in batter row. Expected at least 4, got 0 for NA
2025-04-30 15:26:13,545 - WARNING - Incorrect number of columns in batter row. Expected at least 4, got 0 for Chahal
2025-04-30 15:26:13,546 - INFO - Found 5 batter rows
2025-04-30 15:26:13,547 - INFO - Found 0 batter rows
2025-04-30 15:26:13,548 - INFO - Found 14 batter rows
2025-04-30 15:26:13,550 - WARNING - Incorrect number of columns in batter row. Expected at least 4, got 0 for NA
2025-04-30 15:26:13,550 - WARNING - Incorrect number of columns in batter row. Expected at least 4, got 0 for NA
2025-04-30 15:26:13,550 - WARNING - Incorrect number of columns in batter row. Expected at least 4, got 0 for Varun Chakaravarthy
2025-04-30 15:26:13,551 - INFO - Found 5 batter rows
2025-04-30 15:26:13,553 - INFO - Found 0 batter rows
2025-04-30 15:26:15,569 - INFO - Fetching scorecard link from: https://www.cricbuzz.com/cricket-scores/115165/dc-vs-rr-32nd-match-indian-premier-league-2025
2025-04-30 15:26:15,964 - INFO - Found scorecard link: https://www.cricbuzz.com/live-cricket-scorecard/115165/dc-vs-rr-32nd-match-indian-premier-league-2025
2025-04-30 15:26:15,965 - INFO - Processing scorecard for : https://www.cricbuzz.com/cricket-scores/115165/dc-vs-rr-32nd-match-indian-premier-league-2025
2025-04-30 15:26:15,965 - INFO - Scraping scorecard from: https://www.cricbuzz.com/live-cricket-scorecard/115165/dc-vs-rr-32nd-match-indian-premier-league-2025
2025-04-30 15:26:16,296 - INFO - Found 6 innings containers
2025-04-30 15:26:16,297 - INFO - Found 10 batter rows
2025-04-30 15:26:16,300 - WARNING - Incorrect number of columns in batter row. Expected at least 4, got 0 for NA
2025-04-30 15:26:16,300 - WARNING - Incorrect number of columns in batter row. Expected at least 4, got 0 for NA
2025-04-30 15:26:16,300 - WARNING - Incorrect number of columns in batter row. Expected at least 4, got 0 for Vipraj Nigam
2025-04-30 15:26:16,301 - INFO - Found 6 batter rows
2025-04-30 15:26:16,304 - INFO - Found 0 batter rows
2025-04-30 15:26:16,305 - INFO - Found 9 batter rows
2025-04-30 15:26:16,307 - WARNING - Incorrect number of columns in batter row. Expected at least 4, got 0 for NA
2025-04-30 15:26:16,307 - WARNING - Incorrect number of columns in batter row. Expected at least 4, got 0 for NA
2025-04-30 15:26:16,308 - WARNING - Incorrect number of columns in batter row. Expected at least 4, got 0 for Wanindu Hasaranga
2025-04-30 15:26:16,308 - INFO - Found 7 batter rows
2025-04-30 15:26:16,311 - INFO - Found 0 batter rows
2025-04-30 15:26:18,317 - INFO - Fetching scorecard link from: https://www.cricbuzz.com/cricket-scores/115167/srh-vs-mi-33rd-match-indian-premier-league-2025
2025-04-30 15:26:19,980 - INFO - Found scorecard link: https://www.cricbuzz.com/live-cricket-scorecard/115167/mi-vs-srh-33rd-match-indian-premier-league-2025
2025-04-30 15:26:19,981 - INFO - Processing scorecard for : https://www.cricbuzz.com/cricket-scores/115167/srh-vs-mi-33rd-match-indian-premier-league-2025
2025-04-30 15:26:19,981 - INFO - Scraping scorecard from: https://www.cricbuzz.com/live-cricket-scorecard/115167/mi-vs-srh-33rd-match-indian-premier-league-2025
2025-04-30 15:26:20,289 - INFO - Found 6 innings containers
2025-04-30 15:26:20,291 - INFO - Found 10 batter rows
2025-04-30 15:26:20,293 - WARNING - Incorrect number of columns in batter row. Expected at least 4, got 0 for NA
2025-04-30 15:26:20,294 - WARNING - Incorrect number of columns in batter row. Expected at least 4, got 0 for NA
2025-04-30 15:26:20,294 - WARNING - Incorrect number of columns in batter row. Expected at least 4, got 0 for Harshal Patel
2025-04-30 15:26:20,295 - INFO - Found 6 batter rows
2025-04-30 15:26:20,297 - INFO - Found 0 batter rows
2025-04-30 15:26:20,298 - INFO - Found 11 batter rows
2025-04-30 15:26:20,301 - WARNING - Incorrect number of columns in batter row. Expected at least 4, got 0 for NA
2025-04-30 15:26:20,301 - WARNING - Incorrect number of columns in batter row. Expected at least 4, got 0 for NA
2025-04-30 15:26:20,301 - WARNING - Incorrect number of columns in batter row. Expected at least 4, got 0 for Deepak Chahar
2025-04-30 15:26:20,304 - INFO - Found 6 batter rows
2025-04-30 15:26:20,305 - INFO - Found 0 batter rows
2025-04-30 15:26:22,319 - INFO - Fetching scorecard link from: https://www.cricbuzz.com/cricket-scores/115174/rcb-vs-pbks-34th-match-indian-premier-league-2025
2025-04-30 15:26:22,654 - INFO - Found scorecard link: https://www.cricbuzz.com/live-cricket-scorecard/115174/rcb-vs-pbks-34th-match-indian-premier-league-2025
2025-04-30 15:26:22,655 - INFO - Processing scorecard for : https://www.cricbuzz.com/cricket-scores/115174/rcb-vs-pbks-34th-match-indian-premier-league-2025
2025-04-30 15:26:22,655 - INFO - Scraping scorecard from: https://www.cricbuzz.com/live-cricket-scorecard/115174/rcb-vs-pbks-34th-match-indian-premier-league-2025
2025-04-30 15:26:22,959 - INFO - Found 6 innings containers
2025-04-30 15:26:22,961 - INFO - Found 14 batter rows
2025-04-30 15:26:22,964 - WARNING - Incorrect number of columns in batter row. Expected at least 4, got 0 for NA
2025-04-30 15:26:22,965 - WARNING - Incorrect number of columns in batter row. Expected at least 4, got 0 for NA
2025-04-30 15:26:22,965 - WARNING - Incorrect number of columns in batter row. Expected at least 4, got 0 for Suyash Sharma
2025-04-30 15:26:22,966 - INFO - Found 5 batter rows
2025-04-30 15:26:22,968 - INFO - Found 0 batter rows
2025-04-30 15:26:22,969 - INFO - Found 10 batter rows
2025-04-30 15:26:22,971 - WARNING - Incorrect number of columns in batter row. Expected at least 4, got 0 for NA
2025-04-30 15:26:22,972 - WARNING - Incorrect number of columns in batter row. Expected at least 4, got 0 for NA
2025-04-30 15:26:22,972 - WARNING - Incorrect number of columns in batter row. Expected at least 4, got 0 for Marco Jansen
2025-04-30 15:26:22,973 - INFO - Found 5 batter rows
2025-04-30 15:26:22,975 - INFO - Found 0 batter rows
2025-04-30 15:26:24,984 - INFO - Fetching scorecard link from: https://www.cricbuzz.com/cricket-scores/115176/dc-vs-gt-35th-match-indian-premier-league-2025
2025-04-30 15:26:25,353 - INFO - Found scorecard link: https://www.cricbuzz.com/live-cricket-scorecard/115176/gt-vs-dc-35th-match-indian-premier-league-2025
2025-04-30 15:26:25,353 - INFO - Processing scorecard for : https://www.cricbuzz.com/cricket-scores/115176/dc-vs-gt-35th-match-indian-premier-league-2025
2025-04-30 15:26:25,353 - INFO - Scraping scorecard from: https://www.cricbuzz.com/live-cricket-scorecard/115176/gt-vs-dc-35th-match-indian-premier-league-2025
2025-04-30 15:26:25,648 - INFO - Found 6 innings containers
2025-04-30 15:26:25,650 - INFO - Found 13 batter rows
2025-04-30 15:26:25,652 - WARNING - Incorrect number of columns in batter row. Expected at least 4, got 0 for NA
2025-04-30 15:26:25,652 - WARNING - Incorrect number of columns in batter row. Expected at least 4, got 0 for NA
2025-04-30 15:26:25,653 - WARNING - Incorrect number of columns in batter row. Expected at least 4, got 0 for Mohit Sharma
2025-04-30 15:26:25,654 - INFO - Found 6 batter rows
2025-04-30 15:26:25,655 - INFO - Found 0 batter rows
2025-04-30 15:26:25,656 - INFO - Found 8 batter rows
2025-04-30 15:26:25,657 - WARNING - Incorrect number of columns in batter row. Expected at least 4, got 0 for NA
2025-04-30 15:26:25,658 - WARNING - Incorrect number of columns in batter row. Expected at least 4, got 0 for NA
2025-04-30 15:26:25,658 - WARNING - Incorrect number of columns in batter row. Expected at least 4, got 0 for Shahrukh Khan
2025-04-30 15:26:25,659 - INFO - Found 6 batter rows
2025-04-30 15:26:25,660 - INFO - Found 0 batter rows
2025-04-30 15:26:27,670 - INFO - Fetching scorecard link from: https://www.cricbuzz.com/cricket-scores/115183/lsg-vs-rr-36th-match-indian-premier-league-2025
2025-04-30 15:26:27,993 - INFO - Found scorecard link: https://www.cricbuzz.com/live-cricket-scorecard/115183/rr-vs-lsg-36th-match-indian-premier-league-2025
2025-04-30 15:26:27,994 - INFO - Processing scorecard for : https://www.cricbuzz.com/cricket-scores/115183/lsg-vs-rr-36th-match-indian-premier-league-2025
2025-04-30 15:26:27,994 - INFO - Scraping scorecard from: https://www.cricbuzz.com/live-cricket-scorecard/115183/rr-vs-lsg-36th-match-indian-premier-league-2025
2025-04-30 15:26:28,312 - INFO - Found 6 innings containers
2025-04-30 15:26:28,314 - INFO - Found 10 batter rows
2025-04-30 15:26:28,316 - WARNING - Incorrect number of columns in batter row. Expected at least 4, got 0 for NA
2025-04-30 15:26:28,317 - WARNING - Incorrect number of columns in batter row. Expected at least 4, got 0 for NA
2025-04-30 15:26:28,317 - WARNING - Incorrect number of columns in batter row. Expected at least 4, got 0 for Ravi Bishnoi
2025-04-30 15:26:28,318 - INFO - Found 5 batter rows
2025-04-30 15:26:28,320 - INFO - Found 0 batter rows
2025-04-30 15:26:28,321 - INFO - Found 10 batter rows
2025-04-30 15:26:28,323 - WARNING - Incorrect number of columns in batter row. Expected at least 4, got 0 for NA
2025-04-30 15:26:28,323 - WARNING - Incorrect number of columns in batter row. Expected at least 4, got 0 for NA
2025-04-30 15:26:28,324 - WARNING - Incorrect number of columns in batter row. Expected at least 4, got 0 for Wanindu Hasaranga
2025-04-30 15:26:28,325 - INFO - Found 6 batter rows
2025-04-30 15:26:28,327 - INFO - Found 0 batter rows
2025-04-30 15:26:30,335 - INFO - Fetching scorecard link from: https://www.cricbuzz.com/cricket-scores/115192/pbks-vs-rcb-37th-match-indian-premier-league-2025
2025-04-30 15:26:30,628 - INFO - Found scorecard link: https://www.cricbuzz.com/live-cricket-scorecard/115192/pbks-vs-rcb-37th-match-indian-premier-league-2025
2025-04-30 15:26:30,629 - INFO - Processing scorecard for : https://www.cricbuzz.com/cricket-scores/115192/pbks-vs-rcb-37th-match-indian-premier-league-2025
2025-04-30 15:26:30,629 - INFO - Scraping scorecard from: https://www.cricbuzz.com/live-cricket-scorecard/115192/pbks-vs-rcb-37th-match-indian-premier-league-2025
2025-04-30 15:26:30,989 - INFO - Found 6 innings containers
2025-04-30 15:26:30,990 - INFO - Found 11 batter rows
2025-04-30 15:26:30,993 - WARNING - Incorrect number of columns in batter row. Expected at least 4, got 0 for NA
2025-04-30 15:26:30,993 - WARNING - Incorrect number of columns in batter row. Expected at least 4, got 0 for NA
2025-04-30 15:26:30,994 - WARNING - Incorrect number of columns in batter row. Expected at least 4, got 0 for Xavier Bartlett
2025-04-30 15:26:30,995 - INFO - Found 6 batter rows
2025-04-30 15:26:30,997 - INFO - Found 0 batter rows
2025-04-30 15:26:30,998 - INFO - Found 8 batter rows
2025-04-30 15:26:30,999 - WARNING - Incorrect number of columns in batter row. Expected at least 4, got 0 for NA
2025-04-30 15:26:31,000 - WARNING - Incorrect number of columns in batter row. Expected at least 4, got 0 for NA
2025-04-30 15:26:31,000 - WARNING - Incorrect number of columns in batter row. Expected at least 4, got 0 for Tim David
2025-04-30 15:26:31,001 - INFO - Found 7 batter rows
2025-04-30 15:26:31,003 - INFO - Found 0 batter rows
2025-04-30 15:26:33,006 - INFO - Fetching scorecard link from: https://www.cricbuzz.com/cricket-scores/115201/csk-vs-mi-38th-match-indian-premier-league-2025
2025-04-30 15:26:33,340 - INFO - Found scorecard link: https://www.cricbuzz.com/live-cricket-scorecard/115201/mi-vs-csk-38th-match-indian-premier-league-2025
2025-04-30 15:26:33,341 - INFO - Processing scorecard for : https://www.cricbuzz.com/cricket-scores/115201/csk-vs-mi-38th-match-indian-premier-league-2025
2025-04-30 15:26:33,341 - INFO - Scraping scorecard from: https://www.cricbuzz.com/live-cricket-scorecard/115201/mi-vs-csk-38th-match-indian-premier-league-2025
2025-04-30 15:26:33,607 - INFO - Found 6 innings containers
2025-04-30 15:26:33,609 - INFO - Found 10 batter rows
2025-04-30 15:26:33,611 - WARNING - Incorrect number of columns in batter row. Expected at least 4, got 0 for NA
2025-04-30 15:26:33,612 - WARNING - Incorrect number of columns in batter row. Expected at least 4, got 0 for NA
2025-04-30 15:26:33,612 - WARNING - Incorrect number of columns in batter row. Expected at least 4, got 0 for Vijay Shankar
2025-04-30 15:26:33,613 - INFO - Found 7 batter rows
2025-04-30 15:26:33,615 - INFO - Found 0 batter rows
2025-04-30 15:26:33,616 - INFO - Found 6 batter rows
2025-04-30 15:26:33,618 - WARNING - Incorrect number of columns in batter row. Expected at least 4, got 0 for NA
2025-04-30 15:26:33,618 - WARNING - Incorrect number of columns in batter row. Expected at least 4, got 0 for NA
2025-04-30 15:26:33,618 - WARNING - Incorrect number of columns in batter row. Expected at least 4, got 0 for Will Jacks
2025-04-30 15:26:33,619 - INFO - Found 6 batter rows
2025-04-30 15:26:33,621 - INFO - Found 0 batter rows
2025-04-30 15:26:35,625 - INFO - Fetching scorecard link from: https://www.cricbuzz.com/cricket-scores/115210/gt-vs-kkr-39th-match-indian-premier-league-2025
2025-04-30 15:26:36,031 - INFO - Found scorecard link: https://www.cricbuzz.com/live-cricket-scorecard/115210/kkr-vs-gt-39th-match-indian-premier-league-2025
2025-04-30 15:26:36,032 - INFO - Processing scorecard for : https://www.cricbuzz.com/cricket-scores/115210/gt-vs-kkr-39th-match-indian-premier-league-2025
2025-04-30 15:26:36,032 - INFO - Scraping scorecard from: https://www.cricbuzz.com/live-cricket-scorecard/115210/kkr-vs-gt-39th-match-indian-premier-league-2025
2025-04-30 15:26:36,393 - INFO - Found 6 innings containers
2025-04-30 15:26:36,395 - INFO - Found 8 batter rows
2025-04-30 15:26:36,397 - WARNING - Incorrect number of columns in batter row. Expected at least 4, got 0 for NA
2025-04-30 15:26:36,397 - WARNING - Incorrect number of columns in batter row. Expected at least 4, got 0 for NA
2025-04-30 15:26:36,397 - WARNING - Incorrect number of columns in batter row. Expected at least 4, got 0 for Sherfane Rutherford
2025-04-30 15:26:36,399 - INFO - Found 6 batter rows
2025-04-30 15:26:36,401 - INFO - Found 0 batter rows
2025-04-30 15:26:36,402 - INFO - Found 13 batter rows
2025-04-30 15:26:36,407 - WARNING - Incorrect number of columns in batter row. Expected at least 4, got 0 for NA
2025-04-30 15:26:36,407 - WARNING - Incorrect number of columns in batter row. Expected at least 4, got 0 for NA
2025-04-30 15:26:36,407 - WARNING - Incorrect number of columns in batter row. Expected at least 4, got 0 for Vaibhav Arora
2025-04-30 15:26:36,409 - INFO - Found 6 batter rows
2025-04-30 15:26:36,410 - INFO - Found 0 batter rows
2025-04-30 15:26:38,417 - INFO - Fetching scorecard link from: https://www.cricbuzz.com/cricket-scores/115212/lsg-vs-dc-40th-match-indian-premier-league-2025
2025-04-30 15:26:38,817 - INFO - Found scorecard link: https://www.cricbuzz.com/live-cricket-scorecard/115212/lsg-vs-dc-40th-match-indian-premier-league-2025
2025-04-30 15:26:38,818 - INFO - Processing scorecard for : https://www.cricbuzz.com/cricket-scores/115212/lsg-vs-dc-40th-match-indian-premier-league-2025
2025-04-30 15:26:38,818 - INFO - Scraping scorecard from: https://www.cricbuzz.com/live-cricket-scorecard/115212/lsg-vs-dc-40th-match-indian-premier-league-2025
2025-04-30 15:26:39,142 - INFO - Found 6 innings containers
2025-04-30 15:26:39,143 - INFO - Found 10 batter rows
2025-04-30 15:26:39,144 - WARNING - Incorrect number of columns in batter row. Expected at least 4, got 0 for NA
2025-04-30 15:26:39,145 - WARNING - Incorrect number of columns in batter row. Expected at least 4, got 0 for NA
2025-04-30 15:26:39,145 - WARNING - Incorrect number of columns in batter row. Expected at least 4, got 0 for Thakur
2025-04-30 15:26:39,146 - INFO - Found 6 batter rows
2025-04-30 15:26:39,147 - INFO - Found 0 batter rows
2025-04-30 15:26:39,148 - INFO - Found 7 batter rows
2025-04-30 15:26:39,149 - WARNING - Incorrect number of columns in batter row. Expected at least 4, got 0 for NA
2025-04-30 15:26:39,149 - WARNING - Incorrect number of columns in batter row. Expected at least 4, got 0 for NA
2025-04-30 15:26:39,150 - WARNING - Incorrect number of columns in batter row. Expected at least 4, got 0 for Tristan Stubbs
2025-04-30 15:26:39,150 - INFO - Found 6 batter rows
2025-04-30 15:26:39,152 - INFO - Found 0 batter rows
2025-04-30 15:26:41,166 - INFO - Fetching scorecard link from: https://www.cricbuzz.com/cricket-scores/115221/srh-vs-mi-41st-match-indian-premier-league-2025
2025-04-30 15:26:41,750 - INFO - Found scorecard link: https://www.cricbuzz.com/live-cricket-scorecard/115221/srh-vs-mi-41st-match-indian-premier-league-2025
2025-04-30 15:26:41,751 - INFO - Processing scorecard for : https://www.cricbuzz.com/cricket-scores/115221/srh-vs-mi-41st-match-indian-premier-league-2025
2025-04-30 15:26:41,751 - INFO - Scraping scorecard from: https://www.cricbuzz.com/live-cricket-scorecard/115221/srh-vs-mi-41st-match-indian-premier-league-2025
2025-04-30 15:26:42,205 - INFO - Found 6 innings containers
2025-04-30 15:26:42,207 - INFO - Found 12 batter rows
2025-04-30 15:26:42,210 - WARNING - Incorrect number of columns in batter row. Expected at least 4, got 0 for NA
2025-04-30 15:26:42,211 - WARNING - Incorrect number of columns in batter row. Expected at least 4, got 0 for NA
2025-04-30 15:26:42,211 - WARNING - Incorrect number of columns in batter row. Expected at least 4, got 0 for Jaydev Unadkat
2025-04-30 15:26:42,212 - INFO - Found 6 batter rows
2025-04-30 15:26:42,213 - INFO - Found 0 batter rows
2025-04-30 15:26:42,214 - INFO - Found 8 batter rows
2025-04-30 15:26:42,216 - WARNING - Incorrect number of columns in batter row. Expected at least 4, got 0 for NA
2025-04-30 15:26:42,216 - WARNING - Incorrect number of columns in batter row. Expected at least 4, got 0 for NA
2025-04-30 15:26:42,217 - WARNING - Incorrect number of columns in batter row. Expected at least 4, got 0 for Hardik Pandya (c)
2025-04-30 15:26:42,218 - INFO - Found 5 batter rows
2025-04-30 15:26:42,219 - INFO - Found 0 batter rows
2025-04-30 15:26:44,230 - INFO - Fetching scorecard link from: https://www.cricbuzz.com/cricket-scores/115230/rcb-vs-rr-42nd-match-indian-premier-league-2025
2025-04-30 15:26:44,585 - INFO - Found scorecard link: https://www.cricbuzz.com/live-cricket-scorecard/115230/rcb-vs-rr-42nd-match-indian-premier-league-2025
2025-04-30 15:26:44,586 - INFO - Processing scorecard for : https://www.cricbuzz.com/cricket-scores/115230/rcb-vs-rr-42nd-match-indian-premier-league-2025
2025-04-30 15:26:44,587 - INFO - Scraping scorecard from: https://www.cricbuzz.com/live-cricket-scorecard/115230/rcb-vs-rr-42nd-match-indian-premier-league-2025
2025-04-30 15:26:44,911 - INFO - Found 6 innings containers
2025-04-30 15:26:44,912 - INFO - Found 9 batter rows
2025-04-30 15:26:44,913 - WARNING - Incorrect number of columns in batter row. Expected at least 4, got 0 for NA
2025-04-30 15:26:44,913 - WARNING - Incorrect number of columns in batter row. Expected at least 4, got 0 for NA
2025-04-30 15:26:44,914 - WARNING - Incorrect number of columns in batter row. Expected at least 4, got 0 for Krunal Pandya
2025-04-30 15:26:44,915 - INFO - Found 6 batter rows
2025-04-30 15:26:44,916 - INFO - Found 0 batter rows
2025-04-30 15:26:44,917 - INFO - Found 14 batter rows
2025-04-30 15:26:44,919 - WARNING - Incorrect number of columns in batter row. Expected at least 4, got 0 for NA
2025-04-30 15:26:44,919 - WARNING - Incorrect number of columns in batter row. Expected at least 4, got 0 for NA
2025-04-30 15:26:44,919 - WARNING - Incorrect number of columns in batter row. Expected at least 4, got 0 for Sandeep Sharma
2025-04-30 15:26:44,920 - INFO - Found 6 batter rows
2025-04-30 15:26:44,922 - INFO - Found 0 batter rows
2025-04-30 15:26:46,925 - INFO - Fetching scorecard link from: https://www.cricbuzz.com/live-cricket-scores/115239/csk-vs-srh-43rd-match-indian-premier-league-2025
2025-04-30 15:26:47,200 - INFO - Found scorecard link: https://www.cricbuzz.com/live-cricket-scorecard/115239/csk-vs-srh-43rd-match-indian-premier-league-2025
2025-04-30 15:26:47,200 - INFO - Processing scorecard for : https://www.cricbuzz.com/live-cricket-scores/115239/csk-vs-srh-43rd-match-indian-premier-league-2025
2025-04-30 15:26:47,201 - INFO - Scraping scorecard from: https://www.cricbuzz.com/live-cricket-scorecard/115239/csk-vs-srh-43rd-match-indian-premier-league-2025
2025-04-30 15:26:47,457 - INFO - Found 6 innings containers
2025-04-30 15:26:47,459 - INFO - Found 14 batter rows
2025-04-30 15:26:47,462 - WARNING - Incorrect number of columns in batter row. Expected at least 4, got 0 for NA
2025-04-30 15:26:47,463 - WARNING - Incorrect number of columns in batter row. Expected at least 4, got 0 for NA
2025-04-30 15:26:47,463 - WARNING - Incorrect number of columns in batter row. Expected at least 4, got 0 for Matheesha Pathirana
2025-04-30 15:26:47,464 - INFO - Found 6 batter rows
2025-04-30 15:26:47,466 - INFO - Found 0 batter rows
2025-04-30 15:26:47,467 - INFO - Found 10 batter rows
2025-04-30 15:26:47,470 - WARNING - Incorrect number of columns in batter row. Expected at least 4, got 0 for NA
2025-04-30 15:26:47,470 - WARNING - Incorrect number of columns in batter row. Expected at least 4, got 0 for NA
2025-04-30 15:26:47,470 - WARNING - Incorrect number of columns in batter row. Expected at least 4, got 0 for Pat Cummins (c)
2025-04-30 15:26:47,472 - INFO - Found 6 batter rows
2025-04-30 15:26:47,473 - INFO - Found 0 batter rows
2025-04-30 15:26:49,476 - INFO - Fetching scorecard link from: https://www.cricbuzz.com/live-cricket-scores/115248/pbks-vs-kkr-44th-match-indian-premier-league-2025
2025-04-30 15:26:51,175 - INFO - Found scorecard link: https://www.cricbuzz.com/live-cricket-scorecard/115248/kkr-vs-pbks-44th-match-indian-premier-league-2025
2025-04-30 15:26:51,176 - INFO - Processing scorecard for : https://www.cricbuzz.com/live-cricket-scores/115248/pbks-vs-kkr-44th-match-indian-premier-league-2025
2025-04-30 15:26:51,176 - INFO - Scraping scorecard from: https://www.cricbuzz.com/live-cricket-scorecard/115248/kkr-vs-pbks-44th-match-indian-premier-league-2025
2025-04-30 15:26:51,474 - INFO - Found 6 innings containers
2025-04-30 15:26:51,475 - INFO - Found 9 batter rows
2025-04-30 15:26:51,477 - WARNING - Incorrect number of columns in batter row. Expected at least 4, got 0 for NA
2025-04-30 15:26:51,477 - WARNING - Incorrect number of columns in batter row. Expected at least 4, got 0 for NA
2025-04-30 15:26:51,478 - WARNING - Incorrect number of columns in batter row. Expected at least 4, got 0 for Nehal Wadhera
2025-04-30 15:26:51,478 - INFO - Found 6 batter rows
2025-04-30 15:26:51,481 - INFO - Found 0 batter rows
2025-04-30 15:26:51,481 - INFO - Found 5 batter rows
2025-04-30 15:26:51,482 - WARNING - Incorrect number of columns in batter row. Expected at least 4, got 0 for NA
2025-04-30 15:26:51,483 - WARNING - Incorrect number of columns in batter row. Expected at least 4, got 0 for NA
2025-04-30 15:26:51,483 - WARNING - Incorrect number of columns in batter row. Expected at least 4, got 0 for Ajinkya Rahane (c)
2025-04-30 15:26:51,485 - INFO - Found 2 batter rows
2025-04-30 15:26:51,486 - INFO - Found 0 batter rows
2025-04-30 15:26:53,491 - INFO - Fetching scorecard link from: https://www.cricbuzz.com/live-cricket-scores/115255/mi-vs-lsg-45th-match-indian-premier-league-2025
2025-04-30 15:26:53,797 - INFO - Found scorecard link: https://www.cricbuzz.com/live-cricket-scorecard/115255/mi-vs-lsg-45th-match-indian-premier-league-2025
2025-04-30 15:26:53,798 - INFO - Processing scorecard for : https://www.cricbuzz.com/live-cricket-scores/115255/mi-vs-lsg-45th-match-indian-premier-league-2025
2025-04-30 15:26:53,798 - INFO - Scraping scorecard from: https://www.cricbuzz.com/live-cricket-scorecard/115255/mi-vs-lsg-45th-match-indian-premier-league-2025
2025-04-30 15:26:54,126 - INFO - Found 6 innings containers
2025-04-30 15:26:54,128 - INFO - Found 12 batter rows
2025-04-30 15:26:54,130 - WARNING - Incorrect number of columns in batter row. Expected at least 4, got 0 for NA
2025-04-30 15:26:54,130 - WARNING - Incorrect number of columns in batter row. Expected at least 4, got 0 for NA
2025-04-30 15:26:54,131 - WARNING - Incorrect number of columns in batter row. Expected at least 4, got 0 for Boult
2025-04-30 15:26:54,132 - INFO - Found 5 batter rows
2025-04-30 15:26:54,133 - INFO - Found 0 batter rows
2025-04-30 15:26:54,134 - INFO - Found 14 batter rows
2025-04-30 15:26:54,137 - WARNING - Incorrect number of columns in batter row. Expected at least 4, got 0 for NA
2025-04-30 15:26:54,137 - WARNING - Incorrect number of columns in batter row. Expected at least 4, got 0 for NA
2025-04-30 15:26:54,137 - WARNING - Incorrect number of columns in batter row. Expected at least 4, got 0 for Mayank Yadav
2025-04-30 15:26:54,138 - INFO - Found 7 batter rows
2025-04-30 15:26:54,139 - INFO - Found 0 batter rows
2025-04-30 15:26:56,147 - INFO - Fetching scorecard link from: https://www.cricbuzz.com/live-cricket-scores/115257/dc-vs-rcb-46th-match-indian-premier-league-2025
2025-04-30 15:26:56,518 - INFO - Found scorecard link: https://www.cricbuzz.com/live-cricket-scorecard/115257/dc-vs-rcb-46th-match-indian-premier-league-2025
2025-04-30 15:26:56,518 - INFO - Processing scorecard for : https://www.cricbuzz.com/live-cricket-scores/115257/dc-vs-rcb-46th-match-indian-premier-league-2025
2025-04-30 15:26:56,518 - INFO - Scraping scorecard from: https://www.cricbuzz.com/live-cricket-scorecard/115257/dc-vs-rcb-46th-match-indian-premier-league-2025
2025-04-30 15:26:56,846 - INFO - Found 6 innings containers
2025-04-30 15:26:56,848 - INFO - Found 13 batter rows
2025-04-30 15:26:56,851 - WARNING - Incorrect number of columns in batter row. Expected at least 4, got 0 for NA
2025-04-30 15:26:56,852 - WARNING - Incorrect number of columns in batter row. Expected at least 4, got 0 for NA
2025-04-30 15:26:56,852 - WARNING - Incorrect number of columns in batter row. Expected at least 4, got 0 for Kuldeep Yadav
2025-04-30 15:26:56,853 - INFO - Found 5 batter rows
2025-04-30 15:26:56,855 - INFO - Found 0 batter rows
2025-04-30 15:26:56,856 - INFO - Found 9 batter rows
2025-04-30 15:26:56,858 - WARNING - Incorrect number of columns in batter row. Expected at least 4, got 0 for NA
2025-04-30 15:26:56,858 - WARNING - Incorrect number of columns in batter row. Expected at least 4, got 0 for NA
2025-04-30 15:26:56,858 - WARNING - Incorrect number of columns in batter row. Expected at least 4, got 0 for Jitesh Sharma (wk)
2025-04-30 15:26:56,859 - INFO - Found 6 batter rows
2025-04-30 15:26:56,861 - INFO - Found 0 batter rows
2025-04-30 15:26:58,868 - INFO - Fetching scorecard link from: https://www.cricbuzz.com/live-cricket-scores/115266/gt-vs-rr-47th-match-indian-premier-league-2025
2025-04-30 15:26:59,152 - INFO - Found scorecard link: https://www.cricbuzz.com/live-cricket-scorecard/115266/rr-vs-gt-47th-match-indian-premier-league-2025
2025-04-30 15:26:59,152 - INFO - Processing scorecard for : https://www.cricbuzz.com/live-cricket-scores/115266/gt-vs-rr-47th-match-indian-premier-league-2025
2025-04-30 15:26:59,153 - INFO - Scraping scorecard from: https://www.cricbuzz.com/live-cricket-scorecard/115266/rr-vs-gt-47th-match-indian-premier-league-2025
2025-04-30 15:26:59,428 - INFO - Found 6 innings containers
2025-04-30 15:26:59,429 - INFO - Found 9 batter rows
2025-04-30 15:26:59,431 - WARNING - Incorrect number of columns in batter row. Expected at least 4, got 0 for NA
2025-04-30 15:26:59,431 - WARNING - Incorrect number of columns in batter row. Expected at least 4, got 0 for NA
2025-04-30 15:26:59,432 - WARNING - Incorrect number of columns in batter row. Expected at least 4, got 0 for Karim Janat
2025-04-30 15:26:59,433 - INFO - Found 6 batter rows
2025-04-30 15:26:59,435 - INFO - Found 0 batter rows
2025-04-30 15:26:59,436 - INFO - Found 7 batter rows
2025-04-30 15:26:59,437 - WARNING - Incorrect number of columns in batter row. Expected at least 4, got 0 for NA
2025-04-30 15:26:59,438 - WARNING - Incorrect number of columns in batter row. Expected at least 4, got 0 for NA
2025-04-30 15:26:59,438 - WARNING - Incorrect number of columns in batter row. Expected at least 4, got 0 for Dhruv Jurel (wk)
2025-04-30 15:26:59,439 - INFO - Found 7 batter rows
2025-04-30 15:26:59,441 - INFO - Found 0 batter rows
2025-04-30 15:27:01,447 - INFO - Fetching scorecard link from: https://www.cricbuzz.com/live-cricket-scores/115275/kkr-vs-dc-48th-match-indian-premier-league-2025
2025-04-30 15:27:01,713 - INFO - Found scorecard link: https://www.cricbuzz.com/live-cricket-scorecard/115275/dc-vs-kkr-48th-match-indian-premier-league-2025
2025-04-30 15:27:01,714 - INFO - Processing scorecard for : https://www.cricbuzz.com/live-cricket-scores/115275/kkr-vs-dc-48th-match-indian-premier-league-2025
2025-04-30 15:27:01,714 - INFO - Scraping scorecard from: https://www.cricbuzz.com/live-cricket-scorecard/115275/dc-vs-kkr-48th-match-indian-premier-league-2025
2025-04-30 15:27:02,018 - INFO - Found 6 innings containers
2025-04-30 15:27:02,020 - INFO - Found 14 batter rows
2025-04-30 15:27:02,024 - WARNING - Incorrect number of columns in batter row. Expected at least 4, got 0 for NA
2025-04-30 15:27:02,024 - WARNING - Incorrect number of columns in batter row. Expected at least 4, got 0 for NA
2025-04-30 15:27:02,024 - WARNING - Incorrect number of columns in batter row. Expected at least 4, got 0 for Vaibhav Arora
2025-04-30 15:27:02,025 - INFO - Found 6 batter rows
2025-04-30 15:27:02,029 - INFO - Found 0 batter rows
2025-04-30 15:27:02,031 - INFO - Found 14 batter rows
2025-04-30 15:27:02,034 - WARNING - Incorrect number of columns in batter row. Expected at least 4, got 0 for NA
2025-04-30 15:27:02,034 - WARNING - Incorrect number of columns in batter row. Expected at least 4, got 0 for NA
2025-04-30 15:27:02,035 - WARNING - Incorrect number of columns in batter row. Expected at least 4, got 0 for Mukesh Kumar
2025-04-30 15:27:02,036 - INFO - Found 6 batter rows
2025-04-30 15:27:02,038 - INFO - Found 0 batter rows
2025-04-30 15:27:04,045 - INFO - Fetching scorecard link from: https://www.cricbuzz.com/live-cricket-scores/115282/csk-vs-pbks-49th-match-indian-premier-league-2025
2025-04-30 15:27:04,322 - INFO - Found scorecard link: https://www.cricbuzz.com/live-cricket-scorecard/115282/csk-vs-pbks-49th-match-indian-premier-league-2025
2025-04-30 15:27:04,322 - INFO - Processing scorecard for : https://www.cricbuzz.com/live-cricket-scores/115282/csk-vs-pbks-49th-match-indian-premier-league-2025
2025-04-30 15:27:04,323 - INFO - Scraping scorecard from: https://www.cricbuzz.com/live-cricket-scorecard/115282/csk-vs-pbks-49th-match-indian-premier-league-2025
2025-04-30 15:27:04,545 - INFO - Found 0 innings containers
2025-04-30 15:27:06,552 - INFO - Fetching scorecard link from: https://www.cricbuzz.com/live-cricket-scores/115291/rr-vs-mi-50th-match-indian-premier-league-2025
2025-04-30 15:27:06,870 - INFO - Found scorecard link: https://www.cricbuzz.com/live-cricket-scorecard/115291/rr-vs-mi-50th-match-indian-premier-league-2025
2025-04-30 15:27:06,871 - INFO - Processing scorecard for : https://www.cricbuzz.com/live-cricket-scores/115291/rr-vs-mi-50th-match-indian-premier-league-2025
2025-04-30 15:27:06,871 - INFO - Scraping scorecard from: https://www.cricbuzz.com/live-cricket-scorecard/115291/rr-vs-mi-50th-match-indian-premier-league-2025
2025-04-30 15:27:07,175 - INFO - Found 0 innings containers
2025-04-30 15:27:09,197 - INFO - Fetching scorecard link from: https://www.cricbuzz.com/live-cricket-scores/115300/gt-vs-srh-51st-match-indian-premier-league-2025
2025-04-30 15:27:09,668 - INFO - Found scorecard link: https://www.cricbuzz.com/live-cricket-scorecard/115300/gt-vs-srh-51st-match-indian-premier-league-2025
2025-04-30 15:27:09,669 - INFO - Processing scorecard for : https://www.cricbuzz.com/live-cricket-scores/115300/gt-vs-srh-51st-match-indian-premier-league-2025
2025-04-30 15:27:09,669 - INFO - Scraping scorecard from: https://www.cricbuzz.com/live-cricket-scorecard/115300/gt-vs-srh-51st-match-indian-premier-league-2025
2025-04-30 15:27:10,123 - INFO - Found 0 innings containers
2025-04-30 15:27:12,139 - INFO - Fetching scorecard link from: https://www.cricbuzz.com/live-cricket-scores/115302/rcb-vs-csk-52nd-match-indian-premier-league-2025
2025-04-30 15:27:12,752 - INFO - Found scorecard link: https://www.cricbuzz.com/live-cricket-scorecard/115302/rcb-vs-csk-52nd-match-indian-premier-league-2025
2025-04-30 15:27:12,753 - INFO - Processing scorecard for : https://www.cricbuzz.com/live-cricket-scores/115302/rcb-vs-csk-52nd-match-indian-premier-league-2025
2025-04-30 15:27:12,753 - INFO - Scraping scorecard from: https://www.cricbuzz.com/live-cricket-scorecard/115302/rcb-vs-csk-52nd-match-indian-premier-league-2025
2025-04-30 15:27:13,283 - INFO - Found 0 innings containers
2025-04-30 15:27:15,297 - INFO - Fetching scorecard link from: https://www.cricbuzz.com/live-cricket-scores/115309/kkr-vs-rr-53rd-match-indian-premier-league-2025
2025-04-30 15:27:15,635 - INFO - Found scorecard link: https://www.cricbuzz.com/live-cricket-scorecard/115309/kkr-vs-rr-53rd-match-indian-premier-league-2025
2025-04-30 15:27:15,636 - INFO - Processing scorecard for : https://www.cricbuzz.com/live-cricket-scores/115309/kkr-vs-rr-53rd-match-indian-premier-league-2025
2025-04-30 15:27:15,636 - INFO - Scraping scorecard from: https://www.cricbuzz.com/live-cricket-scorecard/115309/kkr-vs-rr-53rd-match-indian-premier-league-2025
2025-04-30 15:27:16,075 - INFO - Found 0 innings containers
2025-04-30 15:27:18,080 - INFO - Fetching scorecard link from: https://www.cricbuzz.com/live-cricket-scores/115318/pbks-vs-lsg-54th-match-indian-premier-league-2025
2025-04-30 15:27:18,809 - INFO - Found scorecard link: https://www.cricbuzz.com/live-cricket-scorecard/115318/pbks-vs-lsg-54th-match-indian-premier-league-2025
2025-04-30 15:27:18,810 - INFO - Processing scorecard for : https://www.cricbuzz.com/live-cricket-scores/115318/pbks-vs-lsg-54th-match-indian-premier-league-2025
2025-04-30 15:27:18,810 - INFO - Scraping scorecard from: https://www.cricbuzz.com/live-cricket-scorecard/115318/pbks-vs-lsg-54th-match-indian-premier-league-2025
2025-04-30 15:27:19,267 - INFO - Found 0 innings containers
2025-04-30 15:27:21,271 - INFO - Fetching scorecard link from: https://www.cricbuzz.com/live-cricket-scores/115327/srh-vs-dc-55th-match-indian-premier-league-2025
2025-04-30 15:27:21,925 - INFO - Found scorecard link: https://www.cricbuzz.com/live-cricket-scorecard/115327/srh-vs-dc-55th-match-indian-premier-league-2025
2025-04-30 15:27:21,926 - INFO - Processing scorecard for : https://www.cricbuzz.com/live-cricket-scores/115327/srh-vs-dc-55th-match-indian-premier-league-2025
2025-04-30 15:27:21,926 - INFO - Scraping scorecard from: https://www.cricbuzz.com/live-cricket-scorecard/115327/srh-vs-dc-55th-match-indian-premier-league-2025
2025-04-30 15:27:22,376 - INFO - Found 0 innings containers
2025-04-30 15:27:24,384 - INFO - Fetching scorecard link from: https://www.cricbuzz.com/live-cricket-scores/115336/mi-vs-gt-56th-match-indian-premier-league-2025
2025-04-30 15:27:24,997 - INFO - Found scorecard link: https://www.cricbuzz.com/live-cricket-scorecard/115336/mi-vs-gt-56th-match-indian-premier-league-2025
2025-04-30 15:27:24,998 - INFO - Processing scorecard for : https://www.cricbuzz.com/live-cricket-scores/115336/mi-vs-gt-56th-match-indian-premier-league-2025
2025-04-30 15:27:24,998 - INFO - Scraping scorecard from: https://www.cricbuzz.com/live-cricket-scorecard/115336/mi-vs-gt-56th-match-indian-premier-league-2025
2025-04-30 15:27:25,485 - INFO - Found 0 innings containers
2025-04-30 15:27:27,495 - INFO - Fetching scorecard link from: https://www.cricbuzz.com/live-cricket-scores/115345/kkr-vs-csk-57th-match-indian-premier-league-2025
2025-04-30 15:27:28,124 - INFO - Found scorecard link: https://www.cricbuzz.com/live-cricket-scorecard/115345/kkr-vs-csk-57th-match-indian-premier-league-2025
2025-04-30 15:27:28,124 - INFO - Processing scorecard for : https://www.cricbuzz.com/live-cricket-scores/115345/kkr-vs-csk-57th-match-indian-premier-league-2025
2025-04-30 15:27:28,124 - INFO - Scraping scorecard from: https://www.cricbuzz.com/live-cricket-scorecard/115345/kkr-vs-csk-57th-match-indian-premier-league-2025
2025-04-30 15:27:28,531 - INFO - Found 0 innings containers
2025-04-30 15:27:30,536 - INFO - Fetching scorecard link from: https://www.cricbuzz.com/live-cricket-scores/115347/pbks-vs-dc-58th-match-indian-premier-league-2025
2025-04-30 15:27:31,036 - INFO - Found scorecard link: https://www.cricbuzz.com/live-cricket-scorecard/115347/pbks-vs-dc-58th-match-indian-premier-league-2025
2025-04-30 15:27:31,036 - INFO - Processing scorecard for : https://www.cricbuzz.com/live-cricket-scores/115347/pbks-vs-dc-58th-match-indian-premier-league-2025
2025-04-30 15:27:31,037 - INFO - Scraping scorecard from: https://www.cricbuzz.com/live-cricket-scorecard/115347/pbks-vs-dc-58th-match-indian-premier-league-2025
2025-04-30 15:27:31,569 - INFO - Found 0 innings containers
2025-04-30 15:27:33,572 - INFO - Fetching scorecard link from: https://www.cricbuzz.com/live-cricket-scores/115354/lsg-vs-rcb-59th-match-indian-premier-league-2025
2025-04-30 15:27:34,102 - INFO - Found scorecard link: https://www.cricbuzz.com/live-cricket-scorecard/115354/lsg-vs-rcb-59th-match-indian-premier-league-2025
2025-04-30 15:27:34,103 - INFO - Processing scorecard for : https://www.cricbuzz.com/live-cricket-scores/115354/lsg-vs-rcb-59th-match-indian-premier-league-2025
2025-04-30 15:27:34,103 - INFO - Scraping scorecard from: https://www.cricbuzz.com/live-cricket-scorecard/115354/lsg-vs-rcb-59th-match-indian-premier-league-2025
2025-04-30 15:27:34,526 - INFO - Found 0 innings containers
2025-04-30 15:27:36,529 - INFO - Fetching scorecard link from: https://www.cricbuzz.com/live-cricket-scores/115356/srh-vs-kkr-60th-match-indian-premier-league-2025
2025-04-30 15:27:37,222 - INFO - Found scorecard link: https://www.cricbuzz.com/live-cricket-scorecard/115356/srh-vs-kkr-60th-match-indian-premier-league-2025
2025-04-30 15:27:37,223 - INFO - Processing scorecard for : https://www.cricbuzz.com/live-cricket-scores/115356/srh-vs-kkr-60th-match-indian-premier-league-2025
2025-04-30 15:27:37,223 - INFO - Scraping scorecard from: https://www.cricbuzz.com/live-cricket-scorecard/115356/srh-vs-kkr-60th-match-indian-premier-league-2025
2025-04-30 15:27:37,686 - INFO - Found 0 innings containers
2025-04-30 15:27:39,689 - INFO - Fetching scorecard link from: https://www.cricbuzz.com/live-cricket-scores/115365/pbks-vs-mi-61st-match-indian-premier-league-2025
2025-04-30 15:27:40,218 - INFO - Found scorecard link: https://www.cricbuzz.com/live-cricket-scorecard/115365/pbks-vs-mi-61st-match-indian-premier-league-2025
2025-04-30 15:27:40,219 - INFO - Processing scorecard for : https://www.cricbuzz.com/live-cricket-scores/115365/pbks-vs-mi-61st-match-indian-premier-league-2025
2025-04-30 15:27:40,219 - INFO - Scraping scorecard from: https://www.cricbuzz.com/live-cricket-scorecard/115365/pbks-vs-mi-61st-match-indian-premier-league-2025
2025-04-30 15:27:40,672 - INFO - Found 0 innings containers
2025-04-30 15:27:42,676 - INFO - Fetching scorecard link from: https://www.cricbuzz.com/live-cricket-scores/115372/dc-vs-gt-62nd-match-indian-premier-league-2025
2025-04-30 15:27:42,990 - INFO - Found scorecard link: https://www.cricbuzz.com/live-cricket-scorecard/115372/dc-vs-gt-62nd-match-indian-premier-league-2025
2025-04-30 15:27:42,991 - INFO - Processing scorecard for : https://www.cricbuzz.com/live-cricket-scores/115372/dc-vs-gt-62nd-match-indian-premier-league-2025
2025-04-30 15:27:42,991 - INFO - Scraping scorecard from: https://www.cricbuzz.com/live-cricket-scorecard/115372/dc-vs-gt-62nd-match-indian-premier-league-2025
2025-04-30 15:27:43,888 - INFO - Found 0 innings containers
2025-04-30 15:27:45,895 - INFO - Fetching scorecard link from: https://www.cricbuzz.com/live-cricket-scores/115381/csk-vs-rr-63rd-match-indian-premier-league-2025
2025-04-30 15:27:46,348 - INFO - Found scorecard link: https://www.cricbuzz.com/live-cricket-scorecard/115381/csk-vs-rr-63rd-match-indian-premier-league-2025
2025-04-30 15:27:46,349 - INFO - Processing scorecard for : https://www.cricbuzz.com/live-cricket-scores/115381/csk-vs-rr-63rd-match-indian-premier-league-2025
2025-04-30 15:27:46,349 - INFO - Scraping scorecard from: https://www.cricbuzz.com/live-cricket-scorecard/115381/csk-vs-rr-63rd-match-indian-premier-league-2025
2025-04-30 15:27:46,837 - INFO - Found 0 innings containers
2025-04-30 15:27:48,842 - INFO - Fetching scorecard link from: https://www.cricbuzz.com/live-cricket-scores/115390/rcb-vs-srh-64th-match-indian-premier-league-2025
2025-04-30 15:27:49,144 - INFO - Found scorecard link: https://www.cricbuzz.com/live-cricket-scorecard/115390/rcb-vs-srh-64th-match-indian-premier-league-2025
2025-04-30 15:27:49,144 - INFO - Processing scorecard for : https://www.cricbuzz.com/live-cricket-scores/115390/rcb-vs-srh-64th-match-indian-premier-league-2025
2025-04-30 15:27:49,144 - INFO - Scraping scorecard from: https://www.cricbuzz.com/live-cricket-scorecard/115390/rcb-vs-srh-64th-match-indian-premier-league-2025
2025-04-30 15:27:49,589 - INFO - Found 0 innings containers
2025-04-30 15:27:51,605 - INFO - Fetching scorecard link from: https://www.cricbuzz.com/live-cricket-scores/115392/gt-vs-lsg-65th-match-indian-premier-league-2025
2025-04-30 15:27:52,331 - INFO - Found scorecard link: https://www.cricbuzz.com/live-cricket-scorecard/115392/gt-vs-lsg-65th-match-indian-premier-league-2025
2025-04-30 15:27:52,331 - INFO - Processing scorecard for : https://www.cricbuzz.com/live-cricket-scores/115392/gt-vs-lsg-65th-match-indian-premier-league-2025
2025-04-30 15:27:52,331 - INFO - Scraping scorecard from: https://www.cricbuzz.com/live-cricket-scorecard/115392/gt-vs-lsg-65th-match-indian-premier-league-2025
2025-04-30 15:27:52,804 - INFO - Found 0 innings containers
2025-04-30 15:27:54,808 - INFO - Fetching scorecard link from: https://www.cricbuzz.com/live-cricket-scores/115401/mi-vs-dc-66th-match-indian-premier-league-2025
2025-04-30 15:27:56,852 - INFO - Found scorecard link: https://www.cricbuzz.com/live-cricket-scorecard/115401/mi-vs-dc-66th-match-indian-premier-league-2025
2025-04-30 15:27:56,853 - INFO - Processing scorecard for : https://www.cricbuzz.com/live-cricket-scores/115401/mi-vs-dc-66th-match-indian-premier-league-2025
2025-04-30 15:27:56,853 - INFO - Scraping scorecard from: https://www.cricbuzz.com/live-cricket-scorecard/115401/mi-vs-dc-66th-match-indian-premier-league-2025
2025-04-30 15:27:57,791 - INFO - Found 0 innings containers
2025-04-30 15:27:59,806 - INFO - Fetching scorecard link from: https://www.cricbuzz.com/live-cricket-scores/115410/rr-vs-pbks-67th-match-indian-premier-league-2025
2025-04-30 15:28:00,384 - INFO - Found scorecard link: https://www.cricbuzz.com/live-cricket-scorecard/115410/rr-vs-pbks-67th-match-indian-premier-league-2025
2025-04-30 15:28:00,385 - INFO - Processing scorecard for : https://www.cricbuzz.com/live-cricket-scores/115410/rr-vs-pbks-67th-match-indian-premier-league-2025
2025-04-30 15:28:00,385 - INFO - Scraping scorecard from: https://www.cricbuzz.com/live-cricket-scorecard/115410/rr-vs-pbks-67th-match-indian-premier-league-2025
2025-04-30 15:28:00,821 - INFO - Found 0 innings containers
2025-04-30 15:28:02,837 - INFO - Fetching scorecard link from: https://www.cricbuzz.com/live-cricket-scores/115417/rcb-vs-kkr-68th-match-indian-premier-league-2025
2025-04-30 15:28:03,478 - INFO - Found scorecard link: https://www.cricbuzz.com/live-cricket-scorecard/115417/rcb-vs-kkr-68th-match-indian-premier-league-2025
2025-04-30 15:28:03,478 - INFO - Processing scorecard for : https://www.cricbuzz.com/live-cricket-scores/115417/rcb-vs-kkr-68th-match-indian-premier-league-2025
2025-04-30 15:28:03,479 - INFO - Scraping scorecard from: https://www.cricbuzz.com/live-cricket-scorecard/115417/rcb-vs-kkr-68th-match-indian-premier-league-2025
2025-04-30 15:28:04,111 - INFO - Found 0 innings containers
2025-04-30 15:28:06,121 - INFO - Fetching scorecard link from: https://www.cricbuzz.com/live-cricket-scores/115426/gt-vs-csk-69th-match-indian-premier-league-2025
2025-04-30 15:28:06,980 - INFO - Found scorecard link: https://www.cricbuzz.com/live-cricket-scorecard/115426/gt-vs-csk-69th-match-indian-premier-league-2025
2025-04-30 15:28:06,981 - INFO - Processing scorecard for : https://www.cricbuzz.com/live-cricket-scores/115426/gt-vs-csk-69th-match-indian-premier-league-2025
2025-04-30 15:28:06,981 - INFO - Scraping scorecard from: https://www.cricbuzz.com/live-cricket-scorecard/115426/gt-vs-csk-69th-match-indian-premier-league-2025
2025-04-30 15:28:07,495 - INFO - Found 0 innings containers
2025-04-30 15:28:09,504 - INFO - Fetching scorecard link from: https://www.cricbuzz.com/live-cricket-scores/115435/lsg-vs-srh-70th-match-indian-premier-league-2025
2025-04-30 15:28:09,990 - INFO - Found scorecard link: https://www.cricbuzz.com/live-cricket-scorecard/115435/lsg-vs-srh-70th-match-indian-premier-league-2025
2025-04-30 15:28:09,991 - INFO - Processing scorecard for : https://www.cricbuzz.com/live-cricket-scores/115435/lsg-vs-srh-70th-match-indian-premier-league-2025
2025-04-30 15:28:09,991 - INFO - Scraping scorecard from: https://www.cricbuzz.com/live-cricket-scorecard/115435/lsg-vs-srh-70th-match-indian-premier-league-2025
2025-04-30 15:28:10,405 - INFO - Found 0 innings containers
2025-04-30 15:28:12,417 - INFO - Saving batting data to CSV file: batting_stats.csv
2025-04-30 15:28:12,432 - INFO - Successfully saved batting data to batting_stats.csv
2025-04-30 15:33:11,700 - INFO - Reading match links from CSV file: cricbuzz_matches.csv
2025-04-30 15:33:11,701 - INFO - Read 70 match links from CSV.
2025-04-30 15:33:11,701 - INFO - Fetching scorecard link from: https://www.cricbuzz.com/cricket-scores/114960/kkr-vs-rcb-1st-match-indian-premier-league-2025
2025-04-30 15:33:12,000 - INFO - Found scorecard link: https://www.cricbuzz.com/live-cricket-scorecard/114960/kkr-vs-rcb-1st-match-indian-premier-league-2025
2025-04-30 15:33:12,001 - INFO - Processing scorecard for : https://www.cricbuzz.com/cricket-scores/114960/kkr-vs-rcb-1st-match-indian-premier-league-2025
2025-04-30 15:33:12,001 - INFO - Scraping scorecard from: https://www.cricbuzz.com/live-cricket-scorecard/114960/kkr-vs-rcb-1st-match-indian-premier-league-2025
2025-04-30 15:33:12,255 - INFO - Found 6 innings containers
2025-04-30 15:33:12,256 - INFO - Found 13 batter rows
2025-04-30 15:33:12,256 - INFO - Extracted data for de Kock (wk): Runs=4, 4s=1, 6s=0, Fantasy Score=9
2025-04-30 15:33:12,256 - INFO - Extracted data for Narine: Runs=44, 4s=5, 6s=3, Fantasy Score=94
2025-04-30 15:33:12,256 - INFO - Extracted data for Ajinkya Rahane (c): Runs=56, 4s=6, 6s=4, Fantasy Score=126
2025-04-30 15:33:12,257 - INFO - Extracted data for Venkatesh Iyer: Runs=6, 4s=1, 6s=0, Fantasy Score=11
2025-04-30 15:33:12,257 - INFO - Extracted data for Angkrish Raghuvanshi: Runs=30, 4s=2, 6s=1, Fantasy Score=51
2025-04-30 15:33:12,257 - INFO - Extracted data for Rinku Singh: Runs=12, 4s=1, 6s=0, Fantasy Score=17
2025-04-30 15:33:12,257 - INFO - Extracted data for Russell: Runs=4, 4s=1, 6s=0, Fantasy Score=9
2025-04-30 15:33:12,257 - INFO - Extracted data for Ramandeep Singh: Runs=6, 4s=0, 6s=0, Fantasy Score=6
2025-04-30 15:33:12,257 - INFO - Extracted data for Harshit Rana: Runs=5, 4s=1, 6s=0, Fantasy Score=10
2025-04-30 15:33:12,257 - INFO - Extracted data for Spencer Johnson: Runs=1, 4s=0, 6s=0, Fantasy Score=1
2025-04-30 15:33:12,257 - WARNING - Incorrect number of columns in batter row. Expected at least 4, got 0 for NA
2025-04-30 15:33:12,257 - WARNING - Incorrect number of columns in batter row. Expected at least 4, got 0 for NA
2025-04-30 15:33:12,257 - WARNING - Incorrect number of columns in batter row. Expected at least 4, got 0 for Varun Chakaravarthy
2025-04-30 15:33:12,258 - INFO - Found 6 batter rows
2025-04-30 15:33:12,258 - INFO - Extracted data for Hazlewood: Runs=4, 4s=2, 6s=0, Fantasy Score=14
2025-04-30 15:33:12,258 - INFO - Extracted data for Yash Dayal: Runs=3, 4s=1, 6s=0, Fantasy Score=8
2025-04-30 15:33:12,258 - INFO - Extracted data for Rasikh Salam: Runs=3, 4s=1, 6s=0, Fantasy Score=8
2025-04-30 15:33:12,258 - INFO - Extracted data for Krunal Pandya: Runs=4, 4s=3, 6s=0, Fantasy Score=19
2025-04-30 15:33:12,258 - INFO - Extracted data for Suyash Sharma: Runs=4, 4s=1, 6s=0, Fantasy Score=9
2025-04-30 15:33:12,259 - INFO - Extracted data for Livingstone: Runs=2, 4s=0, 6s=0, Fantasy Score=2
2025-04-30 15:33:12,259 - INFO - Found 0 batter rows
2025-04-30 15:33:12,259 - INFO - Found 8 batter rows
2025-04-30 15:33:12,259 - INFO - Extracted data for Philip Salt: Runs=56, 4s=9, 6s=2, Fantasy Score=127
2025-04-30 15:33:12,259 - INFO - Extracted data for Virat Kohli: Runs=59, 4s=4, 6s=3, Fantasy Score=112
2025-04-30 15:33:12,259 - INFO - Extracted data for Devdutt Padikkal: Runs=10, 4s=1, 6s=0, Fantasy Score=15
2025-04-30 15:33:12,259 - INFO - Extracted data for Rajat Patidar (c): Runs=34, 4s=5, 6s=1, Fantasy Score=70
2025-04-30 15:33:12,259 - INFO - Extracted data for Liam Livingstone: Runs=15, 4s=2, 6s=1, Fantasy Score=32
2025-04-30 15:33:12,260 - WARNING - Incorrect number of columns in batter row. Expected at least 4, got 0 for NA
2025-04-30 15:33:12,260 - WARNING - Incorrect number of columns in batter row. Expected at least 4, got 0 for NA
2025-04-30 15:33:12,260 - WARNING - Incorrect number of columns in batter row. Expected at least 4, got 0 for Jitesh Sharma (wk)
2025-04-30 15:33:12,260 - INFO - Found 5 batter rows
2025-04-30 15:33:12,260 - INFO - Extracted data for Vaibhav Arora: Runs=3, 4s=1, 6s=0, Fantasy Score=8
2025-04-30 15:33:12,260 - ERROR - Error parsing scorecard HTML: invalid literal for int() with base 10: '2.2'
2025-04-30 15:33:14,268 - INFO - Fetching scorecard link from: https://www.cricbuzz.com/cricket-scores/114967/srh-vs-rr-2nd-match-indian-premier-league-2025
2025-04-30 15:33:14,504 - INFO - Found scorecard link: https://www.cricbuzz.com/live-cricket-scorecard/114967/srh-vs-rr-2nd-match-indian-premier-league-2025
2025-04-30 15:33:14,505 - INFO - Processing scorecard for : https://www.cricbuzz.com/cricket-scores/114967/srh-vs-rr-2nd-match-indian-premier-league-2025
2025-04-30 15:33:14,505 - INFO - Scraping scorecard from: https://www.cricbuzz.com/live-cricket-scorecard/114967/srh-vs-rr-2nd-match-indian-premier-league-2025
2025-04-30 15:33:14,716 - INFO - Found 6 innings containers
2025-04-30 15:33:14,717 - INFO - Found 11 batter rows
2025-04-30 15:33:14,717 - INFO - Extracted data for Abhishek Sharma: Runs=24, 4s=5, 6s=0, Fantasy Score=49
2025-04-30 15:33:14,717 - INFO - Extracted data for Head: Runs=67, 4s=9, 6s=3, Fantasy Score=145
2025-04-30 15:33:14,717 - INFO - Extracted data for Ishan Kishan: Runs=106, 4s=11, 6s=6, Fantasy Score=243
2025-04-30 15:33:14,717 - INFO - Extracted data for Nitish Reddy: Runs=30, 4s=4, 6s=1, Fantasy Score=61
2025-04-30 15:33:14,717 - INFO - Extracted data for Klaasen (wk): Runs=34, 4s=5, 6s=1, Fantasy Score=70
2025-04-30 15:33:14,717 - INFO - Extracted data for Aniket Verma: Runs=7, 4s=0, 6s=1, Fantasy Score=14
2025-04-30 15:33:14,717 - INFO - Extracted data for Abhinav Manohar: Runs=0, 4s=0, 6s=0, Fantasy Score=-2
2025-04-30 15:33:14,717 - INFO - Extracted data for Cummins (c): Runs=0, 4s=0, 6s=0, Fantasy Score=-2
2025-04-30 15:33:14,717 - WARNING - Incorrect number of columns in batter row. Expected at least 4, got 0 for NA
2025-04-30 15:33:14,717 - WARNING - Incorrect number of columns in batter row. Expected at least 4, got 0 for NA
2025-04-30 15:33:14,717 - WARNING - Incorrect number of columns in batter row. Expected at least 4, got 0 for Simarjeet Singh
2025-04-30 15:33:14,718 - INFO - Found 6 batter rows
2025-04-30 15:33:14,718 - INFO - Extracted data for Fazalhaq Farooqi: Runs=3, 4s=0, 6s=0, Fantasy Score=3
2025-04-30 15:33:14,718 - INFO - Extracted data for M Theekshana: Runs=4, 4s=2, 6s=2, Fantasy Score=28
2025-04-30 15:33:14,718 - INFO - Extracted data for Jofra Archer: Runs=4, 4s=0, 6s=1, Fantasy Score=11
2025-04-30 15:33:14,718 - INFO - Extracted data for Sandeep Sharma: Runs=4, 4s=1, 6s=0, Fantasy Score=9
2025-04-30 15:33:14,718 - INFO - Extracted data for Nitish Rana: Runs=1, 4s=0, 6s=0, Fantasy Score=1
2025-04-30 15:33:14,718 - INFO - Extracted data for Tushar Deshpande: Runs=4, 4s=3, 6s=0, Fantasy Score=19
2025-04-30 15:33:14,718 - INFO - Found 0 batter rows
2025-04-30 15:33:14,719 - INFO - Found 11 batter rows
2025-04-30 15:33:14,719 - INFO - Extracted data for Yashasvi Jaiswal: Runs=1, 4s=0, 6s=0, Fantasy Score=1
2025-04-30 15:33:14,719 - INFO - Extracted data for Sanju Samson: Runs=66, 4s=7, 6s=4, Fantasy Score=141
2025-04-30 15:33:14,719 - INFO - Extracted data for Riyan Parag (c): Runs=4, 4s=1, 6s=0, Fantasy Score=9
2025-04-30 15:33:14,719 - INFO - Extracted data for Nitish Rana: Runs=11, 4s=2, 6s=0, Fantasy Score=21
2025-04-30 15:33:14,719 - INFO - Extracted data for Dhruv Jurel (wk): Runs=70, 4s=5, 6s=6, Fantasy Score=149
2025-04-30 15:33:14,719 - INFO - Extracted data for Shimron Hetmyer: Runs=42, 4s=1, 6s=4, Fantasy Score=79
2025-04-30 15:33:14,719 - INFO - Extracted data for Shubham Dubey: Runs=34, 4s=1, 6s=4, Fantasy Score=71
2025-04-30 15:33:14,719 - INFO - Extracted data for Jofra Archer: Runs=1, 4s=0, 6s=0, Fantasy Score=1
2025-04-30 15:33:14,720 - WARNING - Incorrect number of columns in batter row. Expected at least 4, got 0 for NA
2025-04-30 15:33:14,720 - WARNING - Incorrect number of columns in batter row. Expected at least 4, got 0 for NA
2025-04-30 15:33:14,720 - WARNING - Incorrect number of columns in batter row. Expected at least 4, got 0 for Maheesh Theekshana
2025-04-30 15:33:14,720 - INFO - Found 6 batter rows
2025-04-30 15:33:14,720 - INFO - Extracted data for Mohammed Shami: Runs=3, 4s=1, 6s=0, Fantasy Score=8
2025-04-30 15:33:14,720 - INFO - Extracted data for Simarjeet Singh: Runs=3, 4s=2, 6s=1, Fantasy Score=20
2025-04-30 15:33:14,720 - INFO - Extracted data for Pat Cummins (c): Runs=4, 4s=0, 6s=1, Fantasy Score=11
2025-04-30 15:33:14,720 - INFO - Extracted data for Abhishek Sharma: Runs=2, 4s=0, 6s=0, Fantasy Score=2
2025-04-30 15:33:14,720 - INFO - Extracted data for Adam Zampa: Runs=4, 4s=1, 6s=0, Fantasy Score=9
2025-04-30 15:33:14,720 - INFO - Extracted data for Harshal Patel: Runs=4, 4s=2, 6s=0, Fantasy Score=14
2025-04-30 15:33:14,721 - INFO - Found 0 batter rows
2025-04-30 15:33:14,721 - INFO - Saving batting data to CSV file: batting_Fantasy.csv, write_header=False
2025-04-30 15:33:14,722 - INFO - Successfully saved batting data to batting_Fantasy.csv
2025-04-30 15:33:16,725 - INFO - Fetching scorecard link from: https://www.cricbuzz.com/cricket-scores/114976/mi-vs-csk-3rd-match-indian-premier-league-2025
2025-04-30 15:33:17,021 - INFO - Found scorecard link: https://www.cricbuzz.com/live-cricket-scorecard/114976/csk-vs-mi-3rd-match-indian-premier-league-2025
2025-04-30 15:33:17,021 - INFO - Processing scorecard for : https://www.cricbuzz.com/cricket-scores/114976/mi-vs-csk-3rd-match-indian-premier-league-2025
2025-04-30 15:33:17,023 - INFO - Scraping scorecard from: https://www.cricbuzz.com/live-cricket-scorecard/114976/csk-vs-mi-3rd-match-indian-premier-league-2025
2025-04-30 15:33:17,353 - INFO - Found 6 innings containers
2025-04-30 15:33:17,354 - INFO - Found 14 batter rows
2025-04-30 15:33:17,354 - INFO - Extracted data for Rohit: Runs=0, 4s=0, 6s=0, Fantasy Score=-2
2025-04-30 15:33:17,354 - INFO - Extracted data for Rickelton (wk): Runs=13, 4s=3, 6s=0, Fantasy Score=28
2025-04-30 15:33:17,354 - INFO - Extracted data for Will Jacks: Runs=11, 4s=2, 6s=0, Fantasy Score=21
2025-04-30 15:33:17,354 - INFO - Extracted data for Suryakumar Yadav (c): Runs=29, 4s=2, 6s=1, Fantasy Score=50
2025-04-30 15:33:17,354 - INFO - Extracted data for Tilak Varma: Runs=31, 4s=2, 6s=2, Fantasy Score=59
2025-04-30 15:33:17,354 - INFO - Extracted data for Robin Minz: Runs=3, 4s=0, 6s=0, Fantasy Score=3
2025-04-30 15:33:17,354 - INFO - Extracted data for Naman Dhir: Runs=17, 4s=1, 6s=0, Fantasy Score=22
2025-04-30 15:33:17,355 - INFO - Extracted data for Santner: Runs=11, 4s=1, 6s=0, Fantasy Score=16
2025-04-30 15:33:17,355 - INFO - Extracted data for D Chahar: Runs=28, 4s=2, 6s=2, Fantasy Score=56
2025-04-30 15:33:17,355 - INFO - Extracted data for Boult: Runs=1, 4s=0, 6s=0, Fantasy Score=1
2025-04-30 15:33:17,355 - INFO - Extracted data for Satyanarayana Raju: Runs=1, 4s=0, 6s=0, Fantasy Score=1
2025-04-30 15:33:17,355 - WARNING - Incorrect number of columns in batter row. Expected at least 4, got 0 for NA
2025-04-30 15:33:17,355 - WARNING - Incorrect number of columns in batter row. Expected at least 4, got 0 for NA
2025-04-30 15:33:17,355 - WARNING - Incorrect number of columns in batter row. Expected at least 4, got 0 for Vignesh Puthur
2025-04-30 15:33:17,355 - INFO - Found 6 batter rows
2025-04-30 15:33:17,355 - INFO - Extracted data for Khaleel Ahmed: Runs=4, 4s=3, 6s=1, Fantasy Score=26
2025-04-30 15:33:17,355 - INFO - Extracted data for Sam Curran: Runs=1, 4s=0, 6s=0, Fantasy Score=1
2025-04-30 15:33:17,355 - INFO - Extracted data for Nathan Ellis: Runs=4, 4s=1, 6s=0, Fantasy Score=9
2025-04-30 15:33:17,356 - INFO - Extracted data for Ashwin: Runs=4, 4s=1, 6s=0, Fantasy Score=9
2025-04-30 15:33:17,356 - INFO - Extracted data for Ravindra Jadeja: Runs=3, 4s=0, 6s=0, Fantasy Score=3
2025-04-30 15:33:17,356 - INFO - Extracted data for Noor Ahmad: Runs=4, 4s=4, 6s=0, Fantasy Score=24
2025-04-30 15:33:17,356 - INFO - Found 0 batter rows
2025-04-30 15:33:17,356 - INFO - Found 11 batter rows
2025-04-30 15:33:17,356 - INFO - Extracted data for Rachin Ravindra: Runs=65, 4s=2, 6s=4, Fantasy Score=115
2025-04-30 15:33:17,356 - INFO - Extracted data for Rahul Tripathi: Runs=2, 4s=0, 6s=0, Fantasy Score=2
2025-04-30 15:33:17,356 - INFO - Extracted data for Ruturaj Gaikwad (c): Runs=53, 4s=6, 6s=3, Fantasy Score=116
2025-04-30 15:33:17,357 - INFO - Extracted data for Shivam Dube: Runs=9, 4s=0, 6s=1, Fantasy Score=16
2025-04-30 15:33:17,357 - INFO - Extracted data for Deepak Hooda: Runs=3, 4s=0, 6s=0, Fantasy Score=3
2025-04-30 15:33:17,357 - INFO - Extracted data for Sam Curran: Runs=4, 4s=0, 6s=0, Fantasy Score=4
2025-04-30 15:33:17,357 - INFO - Extracted data for Ravindra Jadeja: Runs=17, 4s=1, 6s=0, Fantasy Score=22
2025-04-30 15:33:17,357 - INFO - Extracted data for MS Dhoni (wk): Runs=0, 4s=0, 6s=0, Fantasy Score=-2
2025-04-30 15:33:17,357 - WARNING - Incorrect number of columns in batter row. Expected at least 4, got 0 for NA
2025-04-30 15:33:17,357 - WARNING - Incorrect number of columns in batter row. Expected at least 4, got 0 for NA
2025-04-30 15:33:17,357 - WARNING - Incorrect number of columns in batter row. Expected at least 4, got 0 for Ravichandran Ashwin
2025-04-30 15:33:17,357 - INFO - Found 7 batter rows
2025-04-30 15:33:17,358 - INFO - Extracted data for Trent Boult: Runs=3, 4s=0, 6s=0, Fantasy Score=3
2025-04-30 15:33:17,358 - INFO - Extracted data for Deepak Chahar: Runs=2, 4s=1, 6s=0, Fantasy Score=7
2025-04-30 15:33:17,358 - INFO - Extracted data for Satyanarayana Raju: Runs=1, 4s=0, 6s=0, Fantasy Score=1
2025-04-30 15:33:17,358 - ERROR - Error parsing scorecard HTML: invalid literal for int() with base 10: '2.1'
2025-04-30 15:33:19,363 - INFO - Fetching scorecard link from: https://www.cricbuzz.com/cricket-scores/114985/lsg-vs-dc-4th-match-indian-premier-league-2025
2025-04-30 15:33:19,626 - INFO - Found scorecard link: https://www.cricbuzz.com/live-cricket-scorecard/114985/dc-vs-lsg-4th-match-indian-premier-league-2025
2025-04-30 15:33:19,626 - INFO - Processing scorecard for : https://www.cricbuzz.com/cricket-scores/114985/lsg-vs-dc-4th-match-indian-premier-league-2025
2025-04-30 15:33:19,626 - INFO - Scraping scorecard from: https://www.cricbuzz.com/live-cricket-scorecard/114985/dc-vs-lsg-4th-match-indian-premier-league-2025
2025-04-30 15:33:20,046 - INFO - Found 6 innings containers
2025-04-30 15:33:20,046 - INFO - Found 13 batter rows
2025-04-30 15:33:20,046 - INFO - Extracted data for Markram: Runs=15, 4s=1, 6s=1, Fantasy Score=27
2025-04-30 15:33:20,046 - INFO - Extracted data for Mitchell Marsh: Runs=72, 4s=6, 6s=6, Fantasy Score=156
2025-04-30 15:33:20,046 - INFO - Extracted data for Pooran: Runs=75, 4s=6, 6s=7, Fantasy Score=178
2025-04-30 15:33:20,046 - INFO - Extracted data for Pant (c & wk): Runs=0, 4s=0, 6s=0, Fantasy Score=-2
2025-04-30 15:33:20,047 - INFO - Extracted data for David Miller: Runs=27, 4s=1, 6s=2, Fantasy Score=50
2025-04-30 15:33:20,047 - INFO - Extracted data for Ayush Badoni: Runs=4, 4s=0, 6s=0, Fantasy Score=4
2025-04-30 15:33:20,047 - INFO - Extracted data for Thakur: Runs=0, 4s=0, 6s=0, Fantasy Score=-2
2025-04-30 15:33:20,047 - INFO - Extracted data for Shahbaz Ahmed: Runs=9, 4s=1, 6s=0, Fantasy Score=14
2025-04-30 15:33:20,047 - INFO - Extracted data for Ravi Bishnoi: Runs=0, 4s=0, 6s=0, Fantasy Score=-2
2025-04-30 15:33:20,047 - INFO - Extracted data for Digvesh Rathi: Runs=0, 4s=0, 6s=0, Fantasy Score=-2
2025-04-30 15:33:20,047 - WARNING - Incorrect number of columns in batter row. Expected at least 4, got 0 for NA
2025-04-30 15:33:20,047 - WARNING - Incorrect number of columns in batter row. Expected at least 4, got 0 for NA
2025-04-30 15:33:20,047 - WARNING - Incorrect number of columns in batter row. Expected at least 4, got 0 for Prince Yadav
2025-04-30 15:33:20,047 - INFO - Found 7 batter rows
2025-04-30 15:33:20,048 - INFO - Extracted data for Mitchell Starc: Runs=4, 4s=3, 6s=0, Fantasy Score=19
2025-04-30 15:33:20,048 - INFO - Extracted data for Axar (c): Runs=3, 4s=0, 6s=0, Fantasy Score=3
2025-04-30 15:33:20,048 - INFO - Extracted data for Vipraj Nigam: Runs=2, 4s=1, 6s=0, Fantasy Score=7
2025-04-30 15:33:20,048 - INFO - Extracted data for Mukesh Kumar: Runs=2, 4s=1, 6s=0, Fantasy Score=7
2025-04-30 15:33:20,048 - INFO - Extracted data for Kuldeep Yadav: Runs=4, 4s=2, 6s=0, Fantasy Score=14
2025-04-30 15:33:20,048 - INFO - Extracted data for Mohit Sharma: Runs=4, 4s=0, 6s=1, Fantasy Score=11
2025-04-30 15:33:20,048 - INFO - Extracted data for Stubbs: Runs=1, 4s=0, 6s=0, Fantasy Score=1
2025-04-30 15:33:20,048 - INFO - Found 0 batter rows
2025-04-30 15:33:20,049 - INFO - Found 14 batter rows
2025-04-30 15:33:20,049 - INFO - Extracted data for Jake Fraser-McGurk: Runs=1, 4s=0, 6s=0, Fantasy Score=1
2025-04-30 15:33:20,049 - INFO - Extracted data for Faf du Plessis: Runs=29, 4s=3, 6s=2, Fantasy Score=62
2025-04-30 15:33:20,049 - INFO - Extracted data for Abishek Porel (wk): Runs=0, 4s=0, 6s=0, Fantasy Score=-2
2025-04-30 15:33:20,049 - INFO - Extracted data for Sameer Rizvi: Runs=4, 4s=1, 6s=0, Fantasy Score=9
2025-04-30 15:33:20,049 - INFO - Extracted data for Axar Patel (c): Runs=22, 4s=3, 6s=1, Fantasy Score=44
2025-04-30 15:33:20,049 - INFO - Extracted data for Tristan Stubbs: Runs=34, 4s=1, 6s=3, Fantasy Score=64
2025-04-30 15:33:20,049 - INFO - Extracted data for Ashutosh Sharma: Runs=66, 4s=5, 6s=5, Fantasy Score=138
2025-04-30 15:33:20,049 - INFO - Extracted data for Vipraj Nigam: Runs=39, 4s=5, 6s=2, Fantasy Score=82
2025-04-30 15:33:20,050 - INFO - Extracted data for Mitchell Starc: Runs=2, 4s=0, 6s=0, Fantasy Score=2
2025-04-30 15:33:20,050 - INFO - Extracted data for Kuldeep Yadav: Runs=5, 4s=1, 6s=0, Fantasy Score=10
2025-04-30 15:33:20,050 - INFO - Extracted data for Mohit Sharma: Runs=1, 4s=0, 6s=0, Fantasy Score=1
2025-04-30 15:33:20,050 - WARNING - Incorrect number of columns in batter row. Expected at least 4, got 0 for NA
2025-04-30 15:33:20,050 - WARNING - Incorrect number of columns in batter row. Expected at least 4, got 0 for NA
2025-04-30 15:33:20,050 - WARNING - Incorrect number of columns in batter row. Expected at least 4, got 0 for Mukesh Kumar
2025-04-30 15:33:20,050 - INFO - Found 6 batter rows
2025-04-30 15:33:20,050 - INFO - Extracted data for Shardul Thakur: Runs=2, 4s=2, 6s=0, Fantasy Score=12
2025-04-30 15:33:20,050 - INFO - Extracted data for Manimaran Siddharth: Runs=4, 4s=2, 6s=0, Fantasy Score=14
2025-04-30 15:33:20,050 - INFO - Extracted data for Digvesh Rathi: Runs=4, 4s=2, 6s=0, Fantasy Score=14
2025-04-30 15:33:20,051 - INFO - Extracted data for Ravi Bishnoi: Runs=4, 4s=2, 6s=0, Fantasy Score=14
2025-04-30 15:33:20,051 - INFO - Extracted data for Prince Yadav: Runs=4, 4s=0, 6s=0, Fantasy Score=4
2025-04-30 15:33:20,051 - ERROR - Error parsing scorecard HTML: invalid literal for int() with base 10: '1.3'
2025-04-30 15:33:22,052 - INFO - Fetching scorecard link from: https://www.cricbuzz.com/cricket-scores/114987/pbks-vs-gt-5th-match-indian-premier-league-2025
2025-04-30 15:33:22,293 - INFO - Found scorecard link: https://www.cricbuzz.com/live-cricket-scorecard/114987/gt-vs-pbks-5th-match-indian-premier-league-2025
2025-04-30 15:33:22,293 - INFO - Processing scorecard for : https://www.cricbuzz.com/cricket-scores/114987/pbks-vs-gt-5th-match-indian-premier-league-2025
2025-04-30 15:33:22,293 - INFO - Scraping scorecard from: https://www.cricbuzz.com/live-cricket-scorecard/114987/gt-vs-pbks-5th-match-indian-premier-league-2025
2025-04-30 15:33:22,514 - INFO - Found 6 innings containers
2025-04-30 15:33:22,515 - INFO - Found 10 batter rows
2025-04-30 15:33:22,515 - INFO - Extracted data for Priyansh Arya: Runs=47, 4s=7, 6s=2, Fantasy Score=100
2025-04-30 15:33:22,515 - INFO - Extracted data for Prabhsimran (wk): Runs=5, 4s=1, 6s=0, Fantasy Score=10
2025-04-30 15:33:22,515 - INFO - Extracted data for Shreyas Iyer (c): Runs=97, 4s=5, 6s=9, Fantasy Score=209
2025-04-30 15:33:22,515 - INFO - Extracted data for Azmatullah: Runs=16, 4s=2, 6s=1, Fantasy Score=33
2025-04-30 15:33:22,515 - INFO - Extracted data for Maxwell: Runs=0, 4s=0, 6s=0, Fantasy Score=-2
2025-04-30 15:33:22,515 - INFO - Extracted data for Stoinis: Runs=20, 4s=1, 6s=2, Fantasy Score=39
2025-04-30 15:33:22,516 - INFO - Extracted data for Shashank Singh: Runs=44, 4s=6, 6s=2, Fantasy Score=92
2025-04-30 15:33:22,516 - WARNING - Incorrect number of columns in batter row. Expected at least 4, got 0 for NA
2025-04-30 15:33:22,516 - WARNING - Incorrect number of columns in batter row. Expected at least 4, got 0 for NA
2025-04-30 15:33:22,516 - WARNING - Incorrect number of columns in batter row. Expected at least 4, got 0 for Suryansh Shedge
2025-04-30 15:33:22,516 - INFO - Found 6 batter rows
2025-04-30 15:33:22,516 - INFO - Extracted data for Siraj: Runs=4, 4s=0, 6s=0, Fantasy Score=4
2025-04-30 15:33:22,516 - INFO - Extracted data for Rabada: Runs=4, 4s=1, 6s=0, Fantasy Score=9
2025-04-30 15:33:22,516 - INFO - Extracted data for Arshad Khan: Runs=1, 4s=0, 6s=0, Fantasy Score=1
2025-04-30 15:33:22,517 - INFO - Extracted data for Rashid Khan: Runs=4, 4s=1, 6s=0, Fantasy Score=9
2025-04-30 15:33:22,517 - INFO - Extracted data for Prasidh: Runs=3, 4s=0, 6s=0, Fantasy Score=3
2025-04-30 15:33:22,517 - INFO - Extracted data for Sai Kishore: Runs=4, 4s=3, 6s=0, Fantasy Score=19
2025-04-30 15:33:22,517 - INFO - Found 0 batter rows
2025-04-30 15:33:22,517 - INFO - Found 10 batter rows
2025-04-30 15:33:22,517 - INFO - Extracted data for Sai Sudharsan: Runs=74, 4s=5, 6s=6, Fantasy Score=153
2025-04-30 15:33:22,517 - INFO - Extracted data for Shubman Gill (c): Runs=33, 4s=2, 6s=3, Fantasy Score=68
2025-04-30 15:33:22,518 - INFO - Extracted data for Jos Buttler (wk): Runs=54, 4s=4, 6s=2, Fantasy Score=100
2025-04-30 15:33:22,518 - INFO - Extracted data for Sherfane Rutherford: Runs=46, 4s=4, 6s=3, Fantasy Score=91
2025-04-30 15:33:22,518 - INFO - Extracted data for Rahul Tewatia: Runs=6, 4s=0, 6s=1, Fantasy Score=13
2025-04-30 15:33:22,518 - INFO - Extracted data for Shahrukh Khan: Runs=6, 4s=0, 6s=1, Fantasy Score=13
2025-04-30 15:33:22,518 - INFO - Extracted data for Arshad Khan: Runs=1, 4s=0, 6s=0, Fantasy Score=1
2025-04-30 15:33:22,518 - WARNING - Incorrect number of columns in batter row. Expected at least 4, got 0 for NA
2025-04-30 15:33:22,518 - WARNING - Incorrect number of columns in batter row. Expected at least 4, got 0 for NA
2025-04-30 15:33:22,518 - WARNING - Incorrect number of columns in batter row. Expected at least 4, got 0 for Ravisrinivasan Sai Kishore
2025-04-30 15:33:22,518 - INFO - Found 7 batter rows
2025-04-30 15:33:22,518 - INFO - Extracted data for Arshdeep Singh: Runs=4, 4s=2, 6s=0, Fantasy Score=14
2025-04-30 15:33:22,519 - INFO - Extracted data for Azmatullah Omarzai: Runs=2, 4s=0, 6s=0, Fantasy Score=2
2025-04-30 15:33:22,519 - INFO - Extracted data for Marco Jansen: Runs=4, 4s=1, 6s=0, Fantasy Score=9
2025-04-30 15:33:22,519 - INFO - Extracted data for Glenn Maxwell: Runs=2, 4s=1, 6s=0, Fantasy Score=7
2025-04-30 15:33:22,519 - INFO - Extracted data for Marcus Stoinis: Runs=2, 4s=0, 6s=0, Fantasy Score=2
2025-04-30 15:33:22,519 - INFO - Extracted data for Yuzvendra Chahal: Runs=3, 4s=0, 6s=0, Fantasy Score=3
2025-04-30 15:33:22,519 - INFO - Extracted data for Vijaykumar Vyshak: Runs=3, 4s=0, 6s=0, Fantasy Score=3
2025-04-30 15:33:22,519 - INFO - Found 0 batter rows
2025-04-30 15:33:22,519 - INFO - Saving batting data to CSV file: batting_Fantasy.csv, write_header=False
2025-04-30 15:33:22,520 - INFO - Successfully saved batting data to batting_Fantasy.csv
2025-04-30 15:33:24,535 - INFO - Fetching scorecard link from: https://www.cricbuzz.com/cricket-scores/114996/rr-vs-kkr-6th-match-indian-premier-league-2025
2025-04-30 15:33:25,123 - INFO - Found scorecard link: https://www.cricbuzz.com/live-cricket-scorecard/114996/rr-vs-kkr-6th-match-indian-premier-league-2025
2025-04-30 15:33:25,124 - INFO - Processing scorecard for : https://www.cricbuzz.com/cricket-scores/114996/rr-vs-kkr-6th-match-indian-premier-league-2025
2025-04-30 15:33:25,124 - INFO - Scraping scorecard from: https://www.cricbuzz.com/live-cricket-scorecard/114996/rr-vs-kkr-6th-match-indian-premier-league-2025
2025-04-30 15:33:25,505 - INFO - Found 6 innings containers
2025-04-30 15:33:25,505 - INFO - Found 14 batter rows
2025-04-30 15:33:25,506 - INFO - Extracted data for Yashasvi Jaiswal: Runs=29, 4s=2, 6s=2, Fantasy Score=57
2025-04-30 15:33:25,506 - INFO - Extracted data for Samson: Runs=13, 4s=2, 6s=0, Fantasy Score=23
2025-04-30 15:33:25,506 - INFO - Extracted data for Riyan Parag (c): Runs=25, 4s=0, 6s=3, Fantasy Score=50
2025-04-30 15:33:25,506 - INFO - Extracted data for Nitish Rana: Runs=8, 4s=0, 6s=0, Fantasy Score=8
2025-04-30 15:33:25,506 - INFO - Extracted data for W Hasaranga: Runs=4, 4s=0, 6s=0, Fantasy Score=4
2025-04-30 15:33:25,506 - INFO - Extracted data for Dhruv Jurel (wk): Runs=33, 4s=5, 6s=0, Fantasy Score=62
2025-04-30 15:33:25,506 - INFO - Extracted data for Shubham Dubey: Runs=9, 4s=1, 6s=0, Fantasy Score=14
2025-04-30 15:33:25,506 - INFO - Extracted data for Hetmyer: Runs=7, 4s=1, 6s=0, Fantasy Score=12
2025-04-30 15:33:25,506 - INFO - Extracted data for Jofra Archer: Runs=16, 4s=0, 6s=2, Fantasy Score=30
2025-04-30 15:33:25,507 - INFO - Extracted data for M Theekshana: Runs=1, 4s=0, 6s=0, Fantasy Score=1
2025-04-30 15:33:25,507 - INFO - Extracted data for Tushar Deshpande: Runs=2, 4s=0, 6s=0, Fantasy Score=2
2025-04-30 15:33:25,507 - WARNING - Incorrect number of columns in batter row. Expected at least 4, got 0 for NA
2025-04-30 15:33:25,507 - WARNING - Incorrect number of columns in batter row. Expected at least 4, got 0 for NA
2025-04-30 15:33:25,507 - WARNING - Incorrect number of columns in batter row. Expected at least 4, got 0 for Sandeep Sharma
2025-04-30 15:33:25,507 - INFO - Found 5 batter rows
2025-04-30 15:33:25,507 - INFO - Extracted data for Spencer Johnson: Runs=4, 4s=1, 6s=0, Fantasy Score=9
2025-04-30 15:33:25,507 - INFO - Extracted data for Vaibhav Arora: Runs=4, 4s=2, 6s=0, Fantasy Score=14
2025-04-30 15:33:25,507 - INFO - Extracted data for Harshit Rana: Runs=4, 4s=2, 6s=0, Fantasy Score=14
2025-04-30 15:33:25,507 - INFO - Extracted data for Moeen: Runs=4, 4s=2, 6s=0, Fantasy Score=14
2025-04-30 15:33:25,507 - INFO - Extracted data for Varun Chakaravarthy: Runs=4, 4s=2, 6s=0, Fantasy Score=14
2025-04-30 15:33:25,508 - INFO - Found 0 batter rows
2025-04-30 15:33:25,508 - INFO - Found 7 batter rows
2025-04-30 15:33:25,508 - INFO - Extracted data for Moeen Ali: Runs=5, 4s=0, 6s=0, Fantasy Score=5
2025-04-30 15:33:25,508 - INFO - Extracted data for Quinton de Kock (wk): Runs=97, 4s=8, 6s=6, Fantasy Score=203
2025-04-30 15:33:25,508 - INFO - Extracted data for Ajinkya Rahane (c): Runs=18, 4s=1, 6s=1, Fantasy Score=30
2025-04-30 15:33:25,508 - INFO - Extracted data for Angkrish Raghuvanshi: Runs=22, 4s=2, 6s=0, Fantasy Score=32
2025-04-30 15:33:25,508 - WARNING - Incorrect number of columns in batter row. Expected at least 4, got 0 for NA
2025-04-30 15:33:25,508 - WARNING - Incorrect number of columns in batter row. Expected at least 4, got 0 for NA
2025-04-30 15:33:25,508 - WARNING - Incorrect number of columns in batter row. Expected at least 4, got 0 for Venkatesh Iyer
2025-04-30 15:33:25,509 - INFO - Found 7 batter rows
2025-04-30 15:33:25,509 - ERROR - Error parsing scorecard HTML: invalid literal for int() with base 10: '2.3'
2025-04-30 15:33:27,518 - INFO - Fetching scorecard link from: https://www.cricbuzz.com/cricket-scores/115005/srh-vs-lsg-7th-match-indian-premier-league-2025
2025-04-30 15:33:28,103 - INFO - Found scorecard link: https://www.cricbuzz.com/live-cricket-scorecard/115005/srh-vs-lsg-7th-match-indian-premier-league-2025
2025-04-30 15:33:28,104 - INFO - Processing scorecard for : https://www.cricbuzz.com/cricket-scores/115005/srh-vs-lsg-7th-match-indian-premier-league-2025
2025-04-30 15:33:28,104 - INFO - Scraping scorecard from: https://www.cricbuzz.com/live-cricket-scorecard/115005/srh-vs-lsg-7th-match-indian-premier-league-2025
2025-04-30 15:33:28,556 - INFO - Found 6 innings containers
2025-04-30 15:33:28,557 - INFO - Found 14 batter rows
2025-04-30 15:33:28,557 - INFO - Extracted data for Head: Runs=47, 4s=5, 6s=3, Fantasy Score=97
2025-04-30 15:33:28,557 - INFO - Extracted data for Abhishek Sharma: Runs=6, 4s=1, 6s=0, Fantasy Score=11
2025-04-30 15:33:28,557 - INFO - Extracted data for Ishan Kishan: Runs=0, 4s=0, 6s=0, Fantasy Score=-2
2025-04-30 15:33:28,558 - INFO - Extracted data for Nitish Reddy: Runs=32, 4s=2, 6s=0, Fantasy Score=46
2025-04-30 15:33:28,558 - INFO - Extracted data for Klaasen (wk): Runs=26, 4s=2, 6s=1, Fantasy Score=47
2025-04-30 15:33:28,558 - INFO - Extracted data for Aniket Verma: Runs=36, 4s=0, 6s=5, Fantasy Score=75
2025-04-30 15:33:28,558 - INFO - Extracted data for Abhinav Manohar: Runs=2, 4s=0, 6s=0, Fantasy Score=2
2025-04-30 15:33:28,558 - INFO - Extracted data for Cummins (c): Runs=18, 4s=0, 6s=3, Fantasy Score=39
2025-04-30 15:33:28,558 - INFO - Extracted data for Harshal Patel: Runs=12, 4s=0, 6s=0, Fantasy Score=12
2025-04-30 15:33:28,558 - INFO - Extracted data for Shami: Runs=1, 4s=0, 6s=0, Fantasy Score=1
2025-04-30 15:33:28,558 - INFO - Extracted data for Simarjeet Singh: Runs=3, 4s=0, 6s=0, Fantasy Score=3
2025-04-30 15:33:28,558 - WARNING - Incorrect number of columns in batter row. Expected at least 4, got 0 for NA
2025-04-30 15:33:28,558 - WARNING - Incorrect number of columns in batter row. Expected at least 4, got 0 for NA
2025-04-30 15:33:28,558 - WARNING - Incorrect number of columns in batter row. Expected at least 4, got 0 for Zampa
2025-04-30 15:33:28,559 - INFO - Found 5 batter rows
2025-04-30 15:33:28,559 - INFO - Extracted data for Thakur: Runs=4, 4s=4, 6s=0, Fantasy Score=24
2025-04-30 15:33:28,559 - INFO - Extracted data for Avesh Khan: Runs=4, 4s=1, 6s=0, Fantasy Score=9
2025-04-30 15:33:28,559 - INFO - Extracted data for Digvesh Rathi: Runs=4, 4s=1, 6s=1, Fantasy Score=16
2025-04-30 15:33:28,559 - INFO - Extracted data for Ravi Bishnoi: Runs=4, 4s=1, 6s=0, Fantasy Score=9
2025-04-30 15:33:28,559 - INFO - Extracted data for Prince Yadav: Runs=4, 4s=1, 6s=0, Fantasy Score=9
2025-04-30 15:33:28,559 - INFO - Found 0 batter rows
2025-04-30 15:33:28,559 - INFO - Found 10 batter rows
2025-04-30 15:33:28,560 - INFO - Extracted data for Mitchell Marsh: Runs=52, 4s=7, 6s=2, Fantasy Score=113
2025-04-30 15:33:28,560 - INFO - Extracted data for Aiden Markram: Runs=1, 4s=0, 6s=0, Fantasy Score=1
2025-04-30 15:33:28,560 - INFO - Extracted data for Nicholas Pooran: Runs=70, 4s=6, 6s=6, Fantasy Score=154
2025-04-30 15:33:28,560 - INFO - Extracted data for Rishabh Pant (c & wk): Runs=15, 4s=0, 6s=1, Fantasy Score=22
2025-04-30 15:33:28,560 - INFO - Extracted data for Ayush Badoni: Runs=6, 4s=1, 6s=0, Fantasy Score=11
2025-04-30 15:33:28,560 - INFO - Extracted data for David Miller: Runs=13, 4s=2, 6s=0, Fantasy Score=23
2025-04-30 15:33:28,560 - INFO - Extracted data for Abdul Samad: Runs=22, 4s=2, 6s=2, Fantasy Score=46
2025-04-30 15:33:28,560 - WARNING - Incorrect number of columns in batter row. Expected at least 4, got 0 for NA
2025-04-30 15:33:28,561 - WARNING - Incorrect number of columns in batter row. Expected at least 4, got 0 for NA
2025-04-30 15:33:28,561 - WARNING - Incorrect number of columns in batter row. Expected at least 4, got 0 for Shardul Thakur
2025-04-30 15:33:28,561 - INFO - Found 7 batter rows
2025-04-30 15:33:28,561 - INFO - Extracted data for Abhishek Sharma: Runs=2, 4s=0, 6s=0, Fantasy Score=2
2025-04-30 15:33:28,562 - INFO - Extracted data for Mohammed Shami: Runs=3, 4s=1, 6s=0, Fantasy Score=8
2025-04-30 15:33:28,562 - INFO - Extracted data for Simarjeet Singh: Runs=2, 4s=0, 6s=0, Fantasy Score=2
2025-04-30 15:33:28,562 - INFO - Extracted data for Pat Cummins (c): Runs=3, 4s=2, 6s=0, Fantasy Score=13
2025-04-30 15:33:28,562 - INFO - Extracted data for Adam Zampa: Runs=4, 4s=1, 6s=0, Fantasy Score=9
2025-04-30 15:33:28,563 - INFO - Extracted data for Harshal Patel: Runs=2, 4s=1, 6s=0, Fantasy Score=7
2025-04-30 15:33:28,563 - ERROR - Error parsing scorecard HTML: invalid literal for int() with base 10: '0.1'
2025-04-30 15:33:30,575 - INFO - Fetching scorecard link from: https://www.cricbuzz.com/cricket-scores/115012/rcb-vs-csk-8th-match-indian-premier-league-2025
2025-04-30 15:33:30,884 - INFO - Found scorecard link: https://www.cricbuzz.com/live-cricket-scorecard/115012/csk-vs-rcb-8th-match-indian-premier-league-2025
2025-04-30 15:33:30,884 - INFO - Processing scorecard for : https://www.cricbuzz.com/cricket-scores/115012/rcb-vs-csk-8th-match-indian-premier-league-2025
2025-04-30 15:33:30,884 - INFO - Scraping scorecard from: https://www.cricbuzz.com/live-cricket-scorecard/115012/csk-vs-rcb-8th-match-indian-premier-league-2025
2025-04-30 15:33:31,102 - INFO - Found 6 innings containers
2025-04-30 15:33:31,103 - INFO - Found 12 batter rows
2025-04-30 15:33:31,103 - INFO - Extracted data for Phil Salt: Runs=32, 4s=5, 6s=1, Fantasy Score=68
2025-04-30 15:33:31,103 - INFO - Extracted data for Kohli: Runs=31, 4s=2, 6s=1, Fantasy Score=52
2025-04-30 15:33:31,103 - INFO - Extracted data for Padikkal: Runs=27, 4s=2, 6s=2, Fantasy Score=55
2025-04-30 15:33:31,103 - INFO - Extracted data for Rajat Patidar (c): Runs=51, 4s=4, 6s=3, Fantasy Score=104
2025-04-30 15:33:31,103 - INFO - Extracted data for Livingstone: Runs=10, 4s=0, 6s=1, Fantasy Score=17
2025-04-30 15:33:31,103 - INFO - Extracted data for Jitesh Sharma (wk): Runs=12, 4s=1, 6s=1, Fantasy Score=24
2025-04-30 15:33:31,103 - INFO - Extracted data for Tim David: Runs=22, 4s=1, 6s=3, Fantasy Score=48
2025-04-30 15:33:31,103 - INFO - Extracted data for Krunal Pandya: Runs=0, 4s=0, 6s=0, Fantasy Score=-2
2025-04-30 15:33:31,103 - INFO - Extracted data for Bhuvneshwar: Runs=0, 4s=0, 6s=0, Fantasy Score=-2
2025-04-30 15:33:31,104 - WARNING - Incorrect number of columns in batter row. Expected at least 4, got 0 for NA
2025-04-30 15:33:31,104 - WARNING - Incorrect number of columns in batter row. Expected at least 4, got 0 for NA
2025-04-30 15:33:31,104 - WARNING - Incorrect number of columns in batter row. Expected at least 4, got 0 for Hazlewood
2025-04-30 15:33:31,104 - INFO - Found 6 batter rows
2025-04-30 15:33:31,104 - INFO - Extracted data for Khaleel Ahmed: Runs=4, 4s=1, 6s=0, Fantasy Score=9
2025-04-30 15:33:31,104 - INFO - Extracted data for Ashwin: Runs=2, 4s=1, 6s=0, Fantasy Score=7
2025-04-30 15:33:31,104 - INFO - Extracted data for Sam Curran: Runs=3, 4s=0, 6s=0, Fantasy Score=3
2025-04-30 15:33:31,104 - INFO - Extracted data for Noor Ahmad: Runs=4, 4s=3, 6s=0, Fantasy Score=19
2025-04-30 15:33:31,105 - INFO - Extracted data for Ravindra Jadeja: Runs=3, 4s=0, 6s=0, Fantasy Score=3
2025-04-30 15:33:31,105 - INFO - Extracted data for Matheesha Pathirana: Runs=4, 4s=2, 6s=0, Fantasy Score=14
2025-04-30 15:33:31,105 - INFO - Found 0 batter rows
2025-04-30 15:33:31,105 - INFO - Found 13 batter rows
2025-04-30 15:33:31,105 - INFO - Extracted data for Rachin Ravindra: Runs=41, 4s=5, 6s=0, Fantasy Score=70
2025-04-30 15:33:31,105 - INFO - Extracted data for Rahul Tripathi: Runs=5, 4s=1, 6s=0, Fantasy Score=10
2025-04-30 15:33:31,105 - INFO - Extracted data for Ruturaj Gaikwad (c): Runs=0, 4s=0, 6s=0, Fantasy Score=-2
2025-04-30 15:33:31,105 - INFO - Extracted data for Deepak Hooda: Runs=4, 4s=1, 6s=0, Fantasy Score=9
2025-04-30 15:33:31,105 - INFO - Extracted data for Sam Curran: Runs=8, 4s=0, 6s=0, Fantasy Score=8
2025-04-30 15:33:31,106 - INFO - Extracted data for Shivam Dube: Runs=19, 4s=2, 6s=1, Fantasy Score=36
2025-04-30 15:33:31,106 - INFO - Extracted data for Ravindra Jadeja: Runs=25, 4s=2, 6s=1, Fantasy Score=46
2025-04-30 15:33:31,106 - INFO - Extracted data for Ravichandran Ashwin: Runs=11, 4s=1, 6s=0, Fantasy Score=16
2025-04-30 15:33:31,106 - INFO - Extracted data for MS Dhoni (wk): Runs=30, 4s=3, 6s=2, Fantasy Score=63
2025-04-30 15:33:31,106 - INFO - Extracted data for Noor Ahmad: Runs=0, 4s=0, 6s=0, Fantasy Score=-2
2025-04-30 15:33:31,106 - WARNING - Incorrect number of columns in batter row. Expected at least 4, got 0 for NA
2025-04-30 15:33:31,106 - WARNING - Incorrect number of columns in batter row. Expected at least 4, got 0 for NA
2025-04-30 15:33:31,106 - WARNING - Incorrect number of columns in batter row. Expected at least 4, got 0 for Matheesha Pathirana
2025-04-30 15:33:31,106 - INFO - Found 6 batter rows
2025-04-30 15:33:31,107 - INFO - Extracted data for Bhuvneshwar Kumar: Runs=3, 4s=1, 6s=0, Fantasy Score=8
2025-04-30 15:33:31,107 - INFO - Extracted data for Josh Hazlewood: Runs=4, 4s=3, 6s=0, Fantasy Score=19
2025-04-30 15:33:31,107 - INFO - Extracted data for Yash Dayal: Runs=3, 4s=2, 6s=0, Fantasy Score=13
2025-04-30 15:33:31,107 - INFO - Extracted data for Liam Livingstone: Runs=4, 4s=2, 6s=0, Fantasy Score=14
2025-04-30 15:33:31,107 - INFO - Extracted data for Suyash Sharma: Runs=4, 4s=0, 6s=0, Fantasy Score=4
2025-04-30 15:33:31,107 - INFO - Extracted data for Krunal Pandya: Runs=2, 4s=0, 6s=0, Fantasy Score=2
2025-04-30 15:33:31,107 - INFO - Found 0 batter rows
2025-04-30 15:33:31,107 - INFO - Saving batting data to CSV file: batting_Fantasy.csv, write_header=False
2025-04-30 15:33:31,108 - INFO - Successfully saved batting data to batting_Fantasy.csv
2025-04-30 15:33:33,110 - INFO - Fetching scorecard link from: https://www.cricbuzz.com/cricket-scores/115014/gt-vs-mi-9th-match-indian-premier-league-2025
2025-04-30 15:33:33,367 - INFO - Found scorecard link: https://www.cricbuzz.com/live-cricket-scorecard/115014/gt-vs-mi-9th-match-indian-premier-league-2025
2025-04-30 15:33:33,368 - INFO - Processing scorecard for : https://www.cricbuzz.com/cricket-scores/115014/gt-vs-mi-9th-match-indian-premier-league-2025
2025-04-30 15:33:33,368 - INFO - Scraping scorecard from: https://www.cricbuzz.com/live-cricket-scorecard/115014/gt-vs-mi-9th-match-indian-premier-league-2025
2025-04-30 15:33:33,646 - INFO - Found 6 innings containers
2025-04-30 15:33:33,646 - INFO - Found 12 batter rows
2025-04-30 15:33:33,646 - INFO - Extracted data for Sai Sudharsan: Runs=63, 4s=4, 6s=2, Fantasy Score=109
2025-04-30 15:33:33,647 - INFO - Extracted data for Shubman Gill (c): Runs=38, 4s=4, 6s=1, Fantasy Score=69
2025-04-30 15:33:33,647 - INFO - Extracted data for Jos Buttler (wk): Runs=39, 4s=5, 6s=1, Fantasy Score=75
2025-04-30 15:33:33,647 - INFO - Extracted data for Shahrukh Khan: Runs=9, 4s=0, 6s=1, Fantasy Score=16
2025-04-30 15:33:33,647 - INFO - Extracted data for Sherfane Rutherford: Runs=18, 4s=0, 6s=2, Fantasy Score=32
2025-04-30 15:33:33,647 - INFO - Extracted data for Rahul Tewatia: Runs=0, 4s=0, 6s=0, Fantasy Score=-2
2025-04-30 15:33:33,647 - INFO - Extracted data for Rashid Khan: Runs=6, 4s=0, 6s=1, Fantasy Score=13
2025-04-30 15:33:33,647 - INFO - Extracted data for Rabada: Runs=7, 4s=0, 6s=1, Fantasy Score=14
2025-04-30 15:33:33,647 - INFO - Extracted data for Sai Kishore: Runs=1, 4s=0, 6s=0, Fantasy Score=1
2025-04-30 15:33:33,647 - WARNING - Incorrect number of columns in batter row. Expected at least 4, got 0 for NA
2025-04-30 15:33:33,647 - WARNING - Incorrect number of columns in batter row. Expected at least 4, got 0 for NA
2025-04-30 15:33:33,647 - WARNING - Incorrect number of columns in batter row. Expected at least 4, got 0 for Siraj
2025-04-30 15:33:33,648 - INFO - Found 6 batter rows
2025-04-30 15:33:33,648 - INFO - Extracted data for Boult: Runs=4, 4s=1, 6s=0, Fantasy Score=9
2025-04-30 15:33:33,648 - INFO - Extracted data for D Chahar: Runs=4, 4s=1, 6s=0, Fantasy Score=9
2025-04-30 15:33:33,648 - INFO - Extracted data for Mujeeb: Runs=2, 4s=1, 6s=0, Fantasy Score=7
2025-04-30 15:33:33,648 - INFO - Extracted data for Hardik Pandya (c): Runs=4, 4s=2, 6s=0, Fantasy Score=14
2025-04-30 15:33:33,648 - INFO - Extracted data for Santner: Runs=3, 4s=0, 6s=0, Fantasy Score=3
2025-04-30 15:33:33,648 - INFO - Extracted data for Satyanarayana Raju: Runs=3, 4s=1, 6s=0, Fantasy Score=8
2025-04-30 15:33:33,648 - INFO - Found 0 batter rows
2025-04-30 15:33:33,649 - INFO - Found 11 batter rows
2025-04-30 15:33:33,649 - INFO - Extracted data for Rohit Sharma: Runs=8, 4s=2, 6s=0, Fantasy Score=18
2025-04-30 15:33:33,649 - INFO - Extracted data for Ryan Rickelton (wk): Runs=6, 4s=1, 6s=0, Fantasy Score=11
2025-04-30 15:33:33,649 - INFO - Extracted data for Tilak Varma: Runs=39, 4s=3, 6s=1, Fantasy Score=65
2025-04-30 15:33:33,649 - INFO - Extracted data for Suryakumar Yadav: Runs=48, 4s=1, 6s=4, Fantasy Score=85
2025-04-30 15:33:33,649 - INFO - Extracted data for Robin Minz: Runs=3, 4s=0, 6s=0, Fantasy Score=3
2025-04-30 15:33:33,649 - INFO - Extracted data for Hardik Pandya (c): Runs=11, 4s=1, 6s=0, Fantasy Score=16
2025-04-30 15:33:33,649 - INFO - Extracted data for Naman Dhir: Runs=18, 4s=3, 6s=0, Fantasy Score=33
2025-04-30 15:33:33,649 - INFO - Extracted data for Mitchell Santner: Runs=18, 4s=1, 6s=2, Fantasy Score=37
2025-04-30 15:33:33,649 - WARNING - Incorrect number of columns in batter row. Expected at least 4, got 0 for NA
2025-04-30 15:33:33,650 - WARNING - Incorrect number of columns in batter row. Expected at least 4, got 0 for NA
2025-04-30 15:33:33,650 - WARNING - Incorrect number of columns in batter row. Expected at least 4, got 0 for Deepak Chahar
2025-04-30 15:33:33,650 - INFO - Found 6 batter rows
2025-04-30 15:33:33,650 - INFO - Extracted data for Mohammed Siraj: Runs=4, 4s=2, 6s=0, Fantasy Score=14
2025-04-30 15:33:33,650 - INFO - Extracted data for Kagiso Rabada: Runs=4, 4s=1, 6s=0, Fantasy Score=9
2025-04-30 15:33:33,650 - INFO - Extracted data for Ishant Sharma: Runs=2, 4s=0, 6s=0, Fantasy Score=2
2025-04-30 15:33:33,650 - INFO - Extracted data for Rashid Khan: Runs=2, 4s=0, 6s=0, Fantasy Score=2
2025-04-30 15:33:33,650 - INFO - Extracted data for Ravisrinivasan Sai Kishore: Runs=4, 4s=1, 6s=0, Fantasy Score=9
2025-04-30 15:33:33,651 - INFO - Extracted data for Prasidh Krishna: Runs=4, 4s=2, 6s=0, Fantasy Score=14
2025-04-30 15:33:33,651 - INFO - Found 0 batter rows
2025-04-30 15:33:33,651 - INFO - Saving batting data to CSV file: batting_Fantasy.csv, write_header=False
2025-04-30 15:33:33,651 - INFO - Successfully saved batting data to batting_Fantasy.csv
2025-04-30 15:33:35,653 - INFO - Fetching scorecard link from: https://www.cricbuzz.com/cricket-scores/115021/srh-vs-dc-10th-match-indian-premier-league-2025
2025-04-30 15:33:35,980 - INFO - Found scorecard link: https://www.cricbuzz.com/live-cricket-scorecard/115021/dc-vs-srh-10th-match-indian-premier-league-2025
2025-04-30 15:33:35,980 - INFO - Processing scorecard for : https://www.cricbuzz.com/cricket-scores/115021/srh-vs-dc-10th-match-indian-premier-league-2025
2025-04-30 15:33:35,981 - INFO - Scraping scorecard from: https://www.cricbuzz.com/live-cricket-scorecard/115021/dc-vs-srh-10th-match-indian-premier-league-2025
2025-04-30 15:33:36,369 - INFO - Found 6 innings containers
2025-04-30 15:33:36,370 - INFO - Found 14 batter rows
2025-04-30 15:33:36,370 - INFO - Extracted data for Abhishek Sharma: Runs=1, 4s=0, 6s=0, Fantasy Score=1
2025-04-30 15:33:36,370 - INFO - Extracted data for Head: Runs=22, 4s=4, 6s=0, Fantasy Score=42
2025-04-30 15:33:36,370 - INFO - Extracted data for Ishan Kishan: Runs=2, 4s=0, 6s=0, Fantasy Score=2
2025-04-30 15:33:36,370 - INFO - Extracted data for Nitish Reddy: Runs=0, 4s=0, 6s=0, Fantasy Score=-2
2025-04-30 15:33:36,370 - INFO - Extracted data for Aniket Verma: Runs=74, 4s=5, 6s=6, Fantasy Score=153
2025-04-30 15:33:36,370 - INFO - Extracted data for Klaasen (wk): Runs=32, 4s=2, 6s=2, Fantasy Score=60
2025-04-30 15:33:36,370 - INFO - Extracted data for Abhinav Manohar: Runs=4, 4s=0, 6s=0, Fantasy Score=4
2025-04-30 15:33:36,370 - INFO - Extracted data for Cummins (c): Runs=2, 4s=0, 6s=0, Fantasy Score=2
2025-04-30 15:33:36,370 - INFO - Extracted data for Mulder: Runs=9, 4s=1, 6s=0, Fantasy Score=14
2025-04-30 15:33:36,370 - INFO - Extracted data for Harshal Patel: Runs=5, 4s=0, 6s=0, Fantasy Score=5
2025-04-30 15:33:36,370 - INFO - Extracted data for Shami: Runs=1, 4s=0, 6s=0, Fantasy Score=1
2025-04-30 15:33:36,370 - WARNING - Incorrect number of columns in batter row. Expected at least 4, got 0 for NA
2025-04-30 15:33:36,371 - WARNING - Incorrect number of columns in batter row. Expected at least 4, got 0 for NA
2025-04-30 15:33:36,371 - WARNING - Incorrect number of columns in batter row. Expected at least 4, got 0 for Zeeshan Ansari
2025-04-30 15:33:36,371 - INFO - Found 6 batter rows
2025-04-30 15:33:36,371 - ERROR - Error parsing scorecard HTML: invalid literal for int() with base 10: '3.4'
2025-04-30 15:33:38,374 - INFO - Fetching scorecard link from: https://www.cricbuzz.com/cricket-scores/115030/rr-vs-csk-11th-match-indian-premier-league-2025
2025-04-30 15:33:38,640 - INFO - Found scorecard link: https://www.cricbuzz.com/live-cricket-scorecard/115030/rr-vs-csk-11th-match-indian-premier-league-2025
2025-04-30 15:33:38,640 - INFO - Processing scorecard for : https://www.cricbuzz.com/cricket-scores/115030/rr-vs-csk-11th-match-indian-premier-league-2025
2025-04-30 15:33:38,640 - INFO - Scraping scorecard from: https://www.cricbuzz.com/live-cricket-scorecard/115030/rr-vs-csk-11th-match-indian-premier-league-2025
2025-04-30 15:33:38,915 - INFO - Found 6 innings containers
2025-04-30 15:33:38,916 - INFO - Found 14 batter rows
2025-04-30 15:33:38,916 - INFO - Extracted data for Yashasvi Jaiswal: Runs=4, 4s=1, 6s=0, Fantasy Score=9
2025-04-30 15:33:38,916 - INFO - Extracted data for Samson: Runs=20, 4s=1, 6s=1, Fantasy Score=32
2025-04-30 15:33:38,916 - INFO - Extracted data for Nitish Rana: Runs=81, 4s=10, 6s=5, Fantasy Score=190
2025-04-30 15:33:38,916 - INFO - Extracted data for Riyan Parag (c): Runs=37, 4s=2, 6s=2, Fantasy Score=65
2025-04-30 15:33:38,916 - INFO - Extracted data for Dhruv Jurel (wk): Runs=3, 4s=0, 6s=0, Fantasy Score=3
2025-04-30 15:33:38,916 - INFO - Extracted data for W Hasaranga: Runs=4, 4s=0, 6s=0, Fantasy Score=4
2025-04-30 15:33:38,916 - INFO - Extracted data for Hetmyer: Runs=19, 4s=1, 6s=1, Fantasy Score=31
2025-04-30 15:33:38,917 - INFO - Extracted data for Jofra Archer: Runs=0, 4s=0, 6s=0, Fantasy Score=-2
2025-04-30 15:33:38,917 - INFO - Extracted data for Kumar Kartikeya: Runs=1, 4s=0, 6s=0, Fantasy Score=1
2025-04-30 15:33:38,917 - INFO - Extracted data for M Theekshana: Runs=2, 4s=0, 6s=0, Fantasy Score=2
2025-04-30 15:33:38,917 - INFO - Extracted data for Tushar Deshpande: Runs=1, 4s=0, 6s=0, Fantasy Score=1
2025-04-30 15:33:38,917 - WARNING - Incorrect number of columns in batter row. Expected at least 4, got 0 for NA
2025-04-30 15:33:38,917 - WARNING - Incorrect number of columns in batter row. Expected at least 4, got 0 for NA
2025-04-30 15:33:38,917 - WARNING - Incorrect number of columns in batter row. Expected at least 4, got 0 for Sandeep Sharma
2025-04-30 15:33:38,917 - INFO - Found 6 batter rows
2025-04-30 15:33:38,918 - INFO - Extracted data for Khaleel Ahmed: Runs=4, 4s=2, 6s=0, Fantasy Score=14
2025-04-30 15:33:38,918 - INFO - Extracted data for Jamie Overton: Runs=2, 4s=0, 6s=0, Fantasy Score=2
2025-04-30 15:33:38,918 - INFO - Extracted data for Ashwin: Runs=4, 4s=1, 6s=0, Fantasy Score=9
2025-04-30 15:33:38,918 - INFO - Extracted data for Noor Ahmad: Runs=4, 4s=2, 6s=0, Fantasy Score=14
2025-04-30 15:33:38,918 - INFO - Extracted data for Matheesha Pathirana: Runs=4, 4s=2, 6s=0, Fantasy Score=14
2025-04-30 15:33:38,918 - INFO - Extracted data for Ravindra Jadeja: Runs=2, 4s=1, 6s=0, Fantasy Score=7
2025-04-30 15:33:38,918 - INFO - Found 0 batter rows
2025-04-30 15:33:38,918 - INFO - Found 11 batter rows
2025-04-30 15:33:38,918 - INFO - Extracted data for Rachin Ravindra: Runs=0, 4s=0, 6s=0, Fantasy Score=-2
2025-04-30 15:33:38,919 - INFO - Extracted data for Rahul Tripathi: Runs=23, 4s=3, 6s=1, Fantasy Score=45
2025-04-30 15:33:38,919 - INFO - Extracted data for Ruturaj Gaikwad (c): Runs=63, 4s=7, 6s=1, Fantasy Score=117
2025-04-30 15:33:38,919 - INFO - Extracted data for Shivam Dube: Runs=18, 4s=1, 6s=2, Fantasy Score=37
2025-04-30 15:33:38,919 - INFO - Extracted data for Vijay Shankar: Runs=9, 4s=0, 6s=1, Fantasy Score=16
2025-04-30 15:33:38,919 - INFO - Extracted data for Ravindra Jadeja: Runs=32, 4s=2, 6s=1, Fantasy Score=53
2025-04-30 15:33:38,919 - INFO - Extracted data for MS Dhoni (wk): Runs=16, 4s=1, 6s=1, Fantasy Score=28
2025-04-30 15:33:38,919 - INFO - Extracted data for Jamie Overton: Runs=11, 4s=0, 6s=1, Fantasy Score=18
2025-04-30 15:33:38,919 - WARNING - Incorrect number of columns in batter row. Expected at least 4, got 0 for NA
2025-04-30 15:33:38,919 - WARNING - Incorrect number of columns in batter row. Expected at least 4, got 0 for NA
2025-04-30 15:33:38,919 - WARNING - Incorrect number of columns in batter row. Expected at least 4, got 0 for Ravichandran Ashwin
2025-04-30 15:33:38,920 - INFO - Found 6 batter rows
2025-04-30 15:33:38,920 - INFO - Extracted data for Jofra Archer: Runs=3, 4s=1, 6s=0, Fantasy Score=8
2025-04-30 15:33:38,920 - INFO - Extracted data for Tushar Deshpande: Runs=4, 4s=0, 6s=0, Fantasy Score=4
2025-04-30 15:33:38,920 - INFO - Extracted data for Sandeep Sharma: Runs=4, 4s=1, 6s=0, Fantasy Score=9
2025-04-30 15:33:38,920 - INFO - Extracted data for Maheesh Theekshana: Runs=4, 4s=0, 6s=0, Fantasy Score=4
2025-04-30 15:33:38,920 - INFO - Extracted data for Wanindu Hasaranga: Runs=4, 4s=4, 6s=0, Fantasy Score=24
2025-04-30 15:33:38,920 - INFO - Extracted data for Kumar Kartikeya: Runs=1, 4s=0, 6s=0, Fantasy Score=1
2025-04-30 15:33:38,920 - INFO - Found 0 batter rows
2025-04-30 15:33:38,921 - INFO - Saving batting data to CSV file: batting_Fantasy.csv, write_header=False
2025-04-30 15:33:38,921 - INFO - Successfully saved batting data to batting_Fantasy.csv
2025-04-30 15:33:40,928 - INFO - Fetching scorecard link from: https://www.cricbuzz.com/cricket-scores/115032/kkr-vs-mi-12th-match-indian-premier-league-2025
2025-04-30 15:33:41,284 - INFO - Found scorecard link: https://www.cricbuzz.com/live-cricket-scorecard/115032/mi-vs-kkr-12th-match-indian-premier-league-2025
2025-04-30 15:33:41,285 - INFO - Processing scorecard for : https://www.cricbuzz.com/cricket-scores/115032/kkr-vs-mi-12th-match-indian-premier-league-2025
2025-04-30 15:33:41,285 - INFO - Scraping scorecard from: https://www.cricbuzz.com/live-cricket-scorecard/115032/mi-vs-kkr-12th-match-indian-premier-league-2025
2025-04-30 15:33:41,519 - INFO - Found 6 innings containers
2025-04-30 15:33:41,519 - INFO - Found 14 batter rows
2025-04-30 15:33:41,519 - INFO - Extracted data for de Kock (wk): Runs=1, 4s=0, 6s=0, Fantasy Score=1
2025-04-30 15:33:41,519 - INFO - Extracted data for Narine: Runs=0, 4s=0, 6s=0, Fantasy Score=-2
2025-04-30 15:33:41,520 - INFO - Extracted data for Ajinkya Rahane (c): Runs=11, 4s=1, 6s=1, Fantasy Score=23
2025-04-30 15:33:41,520 - INFO - Extracted data for Angkrish Raghuvanshi: Runs=26, 4s=3, 6s=1, Fantasy Score=52
2025-04-30 15:33:41,520 - INFO - Extracted data for Venkatesh Iyer: Runs=3, 4s=0, 6s=0, Fantasy Score=3
2025-04-30 15:33:41,520 - INFO - Extracted data for Rinku Singh: Runs=17, 4s=1, 6s=1, Fantasy Score=29
2025-04-30 15:33:41,520 - INFO - Extracted data for Manish Pandey: Runs=19, 4s=2, 6s=1, Fantasy Score=36
2025-04-30 15:33:41,520 - INFO - Extracted data for Russell: Runs=5, 4s=1, 6s=0, Fantasy Score=10
2025-04-30 15:33:41,520 - INFO - Extracted data for Ramandeep Singh: Runs=22, 4s=1, 6s=2, Fantasy Score=41
2025-04-30 15:33:41,520 - INFO - Extracted data for Harshit Rana: Runs=4, 4s=0, 6s=0, Fantasy Score=4
2025-04-30 15:33:41,520 - INFO - Extracted data for Spencer Johnson: Runs=1, 4s=0, 6s=0, Fantasy Score=1
2025-04-30 15:33:41,520 - WARNING - Incorrect number of columns in batter row. Expected at least 4, got 0 for NA
2025-04-30 15:33:41,520 - WARNING - Incorrect number of columns in batter row. Expected at least 4, got 0 for NA
2025-04-30 15:33:41,520 - WARNING - Incorrect number of columns in batter row. Expected at least 4, got 0 for Varun Chakaravarthy
2025-04-30 15:33:41,521 - INFO - Found 6 batter rows
2025-04-30 15:33:41,521 - INFO - Extracted data for Boult: Runs=4, 4s=1, 6s=0, Fantasy Score=9
2025-04-30 15:33:41,521 - INFO - Extracted data for D Chahar: Runs=2, 4s=2, 6s=0, Fantasy Score=12
2025-04-30 15:33:41,521 - INFO - Extracted data for Ashwani Kumar: Runs=3, 4s=4, 6s=1, Fantasy Score=30
2025-04-30 15:33:41,521 - INFO - Extracted data for Hardik Pandya (c): Runs=2, 4s=1, 6s=0, Fantasy Score=7
2025-04-30 15:33:41,521 - INFO - Extracted data for Vignesh Puthur: Runs=2, 4s=1, 6s=0, Fantasy Score=7
2025-04-30 15:33:41,521 - ERROR - Error parsing scorecard HTML: invalid literal for int() with base 10: '3.2'
2025-04-30 15:33:43,536 - INFO - Fetching scorecard link from: https://www.cricbuzz.com/cricket-scores/115039/lsg-vs-pbks-13th-match-indian-premier-league-2025
2025-04-30 15:33:43,745 - INFO - Found scorecard link: https://www.cricbuzz.com/live-cricket-scorecard/115039/lsg-vs-pbks-13th-match-indian-premier-league-2025
2025-04-30 15:33:43,746 - INFO - Processing scorecard for : https://www.cricbuzz.com/cricket-scores/115039/lsg-vs-pbks-13th-match-indian-premier-league-2025
2025-04-30 15:33:43,746 - INFO - Scraping scorecard from: https://www.cricbuzz.com/live-cricket-scorecard/115039/lsg-vs-pbks-13th-match-indian-premier-league-2025
2025-04-30 15:33:43,976 - INFO - Found 6 innings containers
2025-04-30 15:33:43,977 - INFO - Found 12 batter rows
2025-04-30 15:33:43,977 - INFO - Extracted data for Markram: Runs=28, 4s=4, 6s=1, Fantasy Score=59
2025-04-30 15:33:43,977 - INFO - Extracted data for Mitchell Marsh: Runs=0, 4s=0, 6s=0, Fantasy Score=-2
2025-04-30 15:33:43,977 - INFO - Extracted data for Pooran: Runs=44, 4s=5, 6s=2, Fantasy Score=87
2025-04-30 15:33:43,977 - INFO - Extracted data for Pant (c & wk): Runs=2, 4s=0, 6s=0, Fantasy Score=2
2025-04-30 15:33:43,977 - INFO - Extracted data for Ayush Badoni: Runs=41, 4s=1, 6s=3, Fantasy Score=71
2025-04-30 15:33:43,977 - INFO - Extracted data for David Miller: Runs=19, 4s=3, 6s=0, Fantasy Score=34
2025-04-30 15:33:43,977 - INFO - Extracted data for Abdul Samad: Runs=27, 4s=2, 6s=2, Fantasy Score=55
2025-04-30 15:33:43,978 - INFO - Extracted data for Thakur: Runs=3, 4s=0, 6s=0, Fantasy Score=3
2025-04-30 15:33:43,978 - INFO - Extracted data for Avesh Khan: Runs=0, 4s=0, 6s=0, Fantasy Score=-2
2025-04-30 15:33:43,978 - WARNING - Incorrect number of columns in batter row. Expected at least 4, got 0 for NA
2025-04-30 15:33:43,978 - WARNING - Incorrect number of columns in batter row. Expected at least 4, got 0 for NA
2025-04-30 15:33:43,978 - WARNING - Incorrect number of columns in batter row. Expected at least 4, got 0 for Digvesh Rathi
2025-04-30 15:33:43,978 - INFO - Found 6 batter rows
2025-04-30 15:33:43,978 - INFO - Extracted data for Arshdeep Singh: Runs=4, 4s=3, 6s=0, Fantasy Score=19
2025-04-30 15:33:43,978 - INFO - Extracted data for Lockie Ferguson: Runs=3, 4s=1, 6s=0, Fantasy Score=8
2025-04-30 15:33:43,978 - INFO - Extracted data for Maxwell: Runs=3, 4s=1, 6s=0, Fantasy Score=8
2025-04-30 15:33:43,978 - INFO - Extracted data for Marco Jansen: Runs=4, 4s=1, 6s=0, Fantasy Score=9
2025-04-30 15:33:43,979 - INFO - Extracted data for Stoinis: Runs=2, 4s=0, 6s=0, Fantasy Score=2
2025-04-30 15:33:43,979 - INFO - Extracted data for Chahal: Runs=4, 4s=1, 6s=0, Fantasy Score=9
2025-04-30 15:33:43,979 - INFO - Found 0 batter rows
2025-04-30 15:33:43,979 - INFO - Found 7 batter rows
2025-04-30 15:33:43,979 - INFO - Extracted data for Priyansh Arya: Runs=8, 4s=1, 6s=0, Fantasy Score=13
2025-04-30 15:33:43,979 - INFO - Extracted data for Prabhsimran Singh (wk): Runs=69, 4s=9, 6s=3, Fantasy Score=147
2025-04-30 15:33:43,979 - INFO - Extracted data for Shreyas Iyer (c): Runs=52, 4s=3, 6s=4, Fantasy Score=107
2025-04-30 15:33:43,979 - INFO - Extracted data for Nehal Wadhera: Runs=43, 4s=3, 6s=4, Fantasy Score=90
2025-04-30 15:33:43,979 - WARNING - Incorrect number of columns in batter row. Expected at least 4, got 0 for NA
2025-04-30 15:33:43,979 - WARNING - Incorrect number of columns in batter row. Expected at least 4, got 0 for NA
2025-04-30 15:33:43,980 - WARNING - Incorrect number of columns in batter row. Expected at least 4, got 0 for Shashank Singh
2025-04-30 15:33:43,980 - INFO - Found 6 batter rows
2025-04-30 15:33:43,980 - INFO - Extracted data for Shardul Thakur: Runs=3, 4s=0, 6s=0, Fantasy Score=3
2025-04-30 15:33:43,980 - INFO - Extracted data for Avesh Khan: Runs=3, 4s=0, 6s=0, Fantasy Score=3
2025-04-30 15:33:43,980 - INFO - Extracted data for Digvesh Singh Rathi: Runs=4, 4s=2, 6s=0, Fantasy Score=14
2025-04-30 15:33:43,980 - INFO - Extracted data for Ravi Bishnoi: Runs=3, 4s=0, 6s=0, Fantasy Score=3
2025-04-30 15:33:43,980 - INFO - Extracted data for Manimaran Siddharth: Runs=3, 4s=0, 6s=0, Fantasy Score=3
2025-04-30 15:33:43,980 - ERROR - Error parsing scorecard HTML: invalid literal for int() with base 10: '0.2'
2025-04-30 15:33:45,994 - INFO - Fetching scorecard link from: https://www.cricbuzz.com/cricket-scores/115048/rcb-vs-gt-14th-match-indian-premier-league-2025
2025-04-30 15:33:46,343 - INFO - Found scorecard link: https://www.cricbuzz.com/live-cricket-scorecard/115048/rcb-vs-gt-14th-match-indian-premier-league-2025
2025-04-30 15:33:46,343 - INFO - Processing scorecard for : https://www.cricbuzz.com/cricket-scores/115048/rcb-vs-gt-14th-match-indian-premier-league-2025
2025-04-30 15:33:46,343 - INFO - Scraping scorecard from: https://www.cricbuzz.com/live-cricket-scorecard/115048/rcb-vs-gt-14th-match-indian-premier-league-2025
2025-04-30 15:33:46,611 - INFO - Found 6 innings containers
2025-04-30 15:33:46,612 - INFO - Found 12 batter rows
2025-04-30 15:33:46,612 - INFO - Extracted data for Phil Salt: Runs=14, 4s=1, 6s=1, Fantasy Score=26
2025-04-30 15:33:46,612 - INFO - Extracted data for Kohli: Runs=7, 4s=1, 6s=0, Fantasy Score=12
2025-04-30 15:33:46,612 - INFO - Extracted data for Padikkal: Runs=4, 4s=1, 6s=0, Fantasy Score=9
2025-04-30 15:33:46,612 - INFO - Extracted data for Rajat Patidar (c): Runs=12, 4s=2, 6s=0, Fantasy Score=22
2025-04-30 15:33:46,612 - INFO - Extracted data for Livingstone: Runs=54, 4s=1, 6s=5, Fantasy Score=106
2025-04-30 15:33:46,612 - INFO - Extracted data for Jitesh Sharma (wk): Runs=33, 4s=5, 6s=1, Fantasy Score=69
2025-04-30 15:33:46,613 - INFO - Extracted data for Krunal Pandya: Runs=5, 4s=1, 6s=0, Fantasy Score=10
2025-04-30 15:33:46,613 - INFO - Extracted data for Tim David: Runs=32, 4s=3, 6s=2, Fantasy Score=65
2025-04-30 15:33:46,613 - INFO - Extracted data for Bhuvneshwar: Runs=1, 4s=0, 6s=0, Fantasy Score=1
2025-04-30 15:33:46,613 - WARNING - Incorrect number of columns in batter row. Expected at least 4, got 0 for NA
2025-04-30 15:33:46,613 - WARNING - Incorrect number of columns in batter row. Expected at least 4, got 0 for NA
2025-04-30 15:33:46,613 - WARNING - Incorrect number of columns in batter row. Expected at least 4, got 0 for Hazlewood
2025-04-30 15:33:46,613 - INFO - Found 6 batter rows
2025-04-30 15:33:46,613 - INFO - Extracted data for Siraj: Runs=4, 4s=3, 6s=0, Fantasy Score=19
2025-04-30 15:33:46,613 - INFO - Extracted data for Arshad Khan: Runs=2, 4s=1, 6s=0, Fantasy Score=7
2025-04-30 15:33:46,614 - INFO - Extracted data for Prasidh: Runs=4, 4s=1, 6s=0, Fantasy Score=9
2025-04-30 15:33:46,614 - INFO - Extracted data for Ishant: Runs=2, 4s=1, 6s=0, Fantasy Score=7
2025-04-30 15:33:46,614 - INFO - Extracted data for Sai Kishore: Runs=4, 4s=2, 6s=0, Fantasy Score=14
2025-04-30 15:33:46,614 - INFO - Extracted data for Rashid Khan: Runs=4, 4s=0, 6s=0, Fantasy Score=4
2025-04-30 15:33:46,614 - INFO - Found 0 batter rows
2025-04-30 15:33:46,614 - INFO - Found 7 batter rows
2025-04-30 15:33:46,615 - INFO - Extracted data for Sai Sudharsan: Runs=49, 4s=7, 6s=1, Fantasy Score=95
2025-04-30 15:33:46,615 - INFO - Extracted data for Shubman Gill (c): Runs=14, 4s=1, 6s=1, Fantasy Score=26
2025-04-30 15:33:46,615 - INFO - Extracted data for Jos Buttler (wk): Runs=73, 4s=5, 6s=6, Fantasy Score=152
2025-04-30 15:33:46,615 - INFO - Extracted data for Sherfane Rutherford: Runs=30, 4s=1, 6s=3, Fantasy Score=60
2025-04-30 15:33:46,615 - WARNING - Incorrect number of columns in batter row. Expected at least 4, got 0 for NA
2025-04-30 15:33:46,615 - WARNING - Incorrect number of columns in batter row. Expected at least 4, got 0 for NA
2025-04-30 15:33:46,615 - WARNING - Incorrect number of columns in batter row. Expected at least 4, got 0 for Shahrukh Khan
2025-04-30 15:33:46,616 - INFO - Found 6 batter rows
2025-04-30 15:33:46,616 - INFO - Extracted data for Bhuvneshwar Kumar: Runs=4, 4s=1, 6s=0, Fantasy Score=9
2025-04-30 15:33:46,616 - ERROR - Error parsing scorecard HTML: invalid literal for int() with base 10: '3.5'
2025-04-30 15:33:48,632 - INFO - Fetching scorecard link from: https://www.cricbuzz.com/cricket-scores/115050/kkr-vs-srh-15th-match-indian-premier-league-2025
2025-04-30 15:33:48,932 - INFO - Found scorecard link: https://www.cricbuzz.com/live-cricket-scorecard/115050/kkr-vs-srh-15th-match-indian-premier-league-2025
2025-04-30 15:33:48,932 - INFO - Processing scorecard for : https://www.cricbuzz.com/cricket-scores/115050/kkr-vs-srh-15th-match-indian-premier-league-2025
2025-04-30 15:33:48,932 - INFO - Scraping scorecard from: https://www.cricbuzz.com/live-cricket-scorecard/115050/kkr-vs-srh-15th-match-indian-premier-league-2025
2025-04-30 15:33:49,203 - INFO - Found 6 innings containers
2025-04-30 15:33:49,204 - INFO - Found 10 batter rows
2025-04-30 15:33:49,204 - INFO - Extracted data for de Kock (wk): Runs=1, 4s=0, 6s=0, Fantasy Score=1
2025-04-30 15:33:49,204 - INFO - Extracted data for Narine: Runs=7, 4s=0, 6s=1, Fantasy Score=14
2025-04-30 15:33:49,204 - INFO - Extracted data for Ajinkya Rahane (c): Runs=38, 4s=1, 6s=4, Fantasy Score=75
2025-04-30 15:33:49,204 - INFO - Extracted data for Angkrish Raghuvanshi: Runs=50, 4s=5, 6s=2, Fantasy Score=101
2025-04-30 15:33:49,204 - INFO - Extracted data for Venkatesh Iyer: Runs=60, 4s=7, 6s=3, Fantasy Score=128
2025-04-30 15:33:49,204 - INFO - Extracted data for Rinku Singh: Runs=32, 4s=4, 6s=1, Fantasy Score=63
2025-04-30 15:33:49,204 - INFO - Extracted data for Russell: Runs=1, 4s=0, 6s=0, Fantasy Score=1
2025-04-30 15:33:49,204 - WARNING - Incorrect number of columns in batter row. Expected at least 4, got 0 for NA
2025-04-30 15:33:49,204 - WARNING - Incorrect number of columns in batter row. Expected at least 4, got 0 for NA
2025-04-30 15:33:49,205 - WARNING - Incorrect number of columns in batter row. Expected at least 4, got 0 for Moeen
2025-04-30 15:33:49,205 - INFO - Found 6 batter rows
2025-04-30 15:33:49,205 - INFO - Extracted data for Shami: Runs=4, 4s=1, 6s=0, Fantasy Score=9
2025-04-30 15:33:49,205 - INFO - Extracted data for Cummins (c): Runs=4, 4s=1, 6s=0, Fantasy Score=9
2025-04-30 15:33:49,205 - INFO - Extracted data for Simarjeet Singh: Runs=4, 4s=0, 6s=0, Fantasy Score=4
2025-04-30 15:33:49,205 - INFO - Extracted data for Zeeshan Ansari: Runs=3, 4s=1, 6s=0, Fantasy Score=8
2025-04-30 15:33:49,205 - INFO - Extracted data for Harshal Patel: Runs=4, 4s=1, 6s=0, Fantasy Score=9
2025-04-30 15:33:49,205 - INFO - Extracted data for Kamindu Mendis: Runs=1, 4s=1, 6s=0, Fantasy Score=6
2025-04-30 15:33:49,205 - INFO - Found 0 batter rows
2025-04-30 15:33:49,206 - INFO - Found 14 batter rows
2025-04-30 15:33:49,206 - INFO - Extracted data for Travis Head: Runs=4, 4s=1, 6s=0, Fantasy Score=9
2025-04-30 15:33:49,206 - INFO - Extracted data for Abhishek Sharma: Runs=2, 4s=0, 6s=0, Fantasy Score=2
2025-04-30 15:33:49,206 - INFO - Extracted data for Ishan Kishan: Runs=2, 4s=0, 6s=0, Fantasy Score=2
2025-04-30 15:33:49,206 - INFO - Extracted data for Nitish Kumar Reddy: Runs=19, 4s=2, 6s=1, Fantasy Score=36
2025-04-30 15:33:49,206 - INFO - Extracted data for Kamindu Mendis: Runs=27, 4s=1, 6s=2, Fantasy Score=50
2025-04-30 15:33:49,206 - INFO - Extracted data for Heinrich Klaasen (wk): Runs=33, 4s=2, 6s=2, Fantasy Score=61
2025-04-30 15:33:49,206 - INFO - Extracted data for Aniket Verma: Runs=6, 4s=1, 6s=0, Fantasy Score=11
2025-04-30 15:33:49,207 - INFO - Extracted data for Pat Cummins (c): Runs=14, 4s=2, 6s=0, Fantasy Score=24
2025-04-30 15:33:49,207 - INFO - Extracted data for Harshal Patel: Runs=3, 4s=0, 6s=0, Fantasy Score=3
2025-04-30 15:33:49,207 - INFO - Extracted data for Simarjeet Singh: Runs=0, 4s=0, 6s=0, Fantasy Score=-2
2025-04-30 15:33:49,207 - INFO - Extracted data for Mohammed Shami: Runs=2, 4s=0, 6s=0, Fantasy Score=2
2025-04-30 15:33:49,207 - WARNING - Incorrect number of columns in batter row. Expected at least 4, got 0 for NA
2025-04-30 15:33:49,207 - WARNING - Incorrect number of columns in batter row. Expected at least 4, got 0 for NA
2025-04-30 15:33:49,207 - WARNING - Incorrect number of columns in batter row. Expected at least 4, got 0 for Zeeshan Ansari
2025-04-30 15:33:49,207 - INFO - Found 5 batter rows
2025-04-30 15:33:49,207 - INFO - Extracted data for Vaibhav Arora: Runs=4, 4s=3, 6s=0, Fantasy Score=19
2025-04-30 15:33:49,207 - INFO - Extracted data for Harshit Rana: Runs=3, 4s=1, 6s=0, Fantasy Score=8
2025-04-30 15:33:49,207 - INFO - Extracted data for Varun Chakaravarthy: Runs=4, 4s=3, 6s=0, Fantasy Score=19
2025-04-30 15:33:49,208 - ERROR - Error parsing scorecard HTML: invalid literal for int() with base 10: '1.4'
2025-04-30 15:33:51,214 - INFO - Fetching scorecard link from: https://www.cricbuzz.com/cricket-scores/115059/lsg-vs-mi-16th-match-indian-premier-league-2025
2025-04-30 15:33:51,467 - INFO - Found scorecard link: https://www.cricbuzz.com/live-cricket-scorecard/115059/lsg-vs-mi-16th-match-indian-premier-league-2025
2025-04-30 15:33:51,467 - INFO - Processing scorecard for : https://www.cricbuzz.com/cricket-scores/115059/lsg-vs-mi-16th-match-indian-premier-league-2025
2025-04-30 15:33:51,467 - INFO - Scraping scorecard from: https://www.cricbuzz.com/live-cricket-scorecard/115059/lsg-vs-mi-16th-match-indian-premier-league-2025
2025-04-30 15:33:51,741 - INFO - Found 6 innings containers
2025-04-30 15:33:51,741 - INFO - Found 13 batter rows
2025-04-30 15:33:51,741 - INFO - Extracted data for Mitchell Marsh: Runs=60, 4s=9, 6s=2, Fantasy Score=131
2025-04-30 15:33:51,741 - INFO - Extracted data for Markram: Runs=53, 4s=2, 6s=4, Fantasy Score=103
2025-04-30 15:33:51,741 - INFO - Extracted data for Pooran: Runs=12, 4s=1, 6s=1, Fantasy Score=24
2025-04-30 15:33:51,742 - INFO - Extracted data for Pant (c & wk): Runs=2, 4s=0, 6s=0, Fantasy Score=2
2025-04-30 15:33:51,742 - INFO - Extracted data for Ayush Badoni: Runs=30, 4s=4, 6s=0, Fantasy Score=54
2025-04-30 15:33:51,742 - INFO - Extracted data for David Miller: Runs=27, 4s=3, 6s=1, Fantasy Score=53
2025-04-30 15:33:51,742 - INFO - Extracted data for Abdul Samad: Runs=4, 4s=1, 6s=0, Fantasy Score=9
2025-04-30 15:33:51,742 - INFO - Extracted data for Thakur: Runs=5, 4s=1, 6s=0, Fantasy Score=10
2025-04-30 15:33:51,742 - INFO - Extracted data for Akash Deep: Runs=0, 4s=0, 6s=0, Fantasy Score=-2
2025-04-30 15:33:51,742 - INFO - Extracted data for Avesh Khan: Runs=2, 4s=0, 6s=0, Fantasy Score=2
2025-04-30 15:33:51,742 - WARNING - Incorrect number of columns in batter row. Expected at least 4, got 0 for NA
2025-04-30 15:33:51,742 - WARNING - Incorrect number of columns in batter row. Expected at least 4, got 0 for NA
2025-04-30 15:33:51,742 - WARNING - Incorrect number of columns in batter row. Expected at least 4, got 0 for Digvesh Rathi
2025-04-30 15:33:51,743 - INFO - Found 6 batter rows
2025-04-30 15:33:51,743 - INFO - Extracted data for Boult: Runs=3, 4s=1, 6s=0, Fantasy Score=8
2025-04-30 15:33:51,743 - INFO - Extracted data for D Chahar: Runs=2, 4s=0, 6s=0, Fantasy Score=2
2025-04-30 15:33:51,743 - INFO - Extracted data for Ashwani Kumar: Runs=3, 4s=1, 6s=0, Fantasy Score=8
2025-04-30 15:33:51,743 - INFO - Extracted data for Santner: Runs=4, 4s=0, 6s=0, Fantasy Score=4
2025-04-30 15:33:51,743 - INFO - Extracted data for Vignesh Puthur: Runs=4, 4s=1, 6s=0, Fantasy Score=9
2025-04-30 15:33:51,743 - INFO - Extracted data for Hardik Pandya (c): Runs=4, 4s=5, 6s=0, Fantasy Score=29
2025-04-30 15:33:51,743 - INFO - Found 0 batter rows
2025-04-30 15:33:51,744 - INFO - Found 10 batter rows
2025-04-30 15:33:51,744 - INFO - Extracted data for Will Jacks: Runs=5, 4s=0, 6s=0, Fantasy Score=5
2025-04-30 15:33:51,744 - INFO - Extracted data for Ryan Rickelton (wk): Runs=10, 4s=2, 6s=0, Fantasy Score=20
2025-04-30 15:33:51,744 - INFO - Extracted data for Naman Dhir: Runs=46, 4s=4, 6s=3, Fantasy Score=91
2025-04-30 15:33:51,744 - INFO - Extracted data for Suryakumar Yadav: Runs=67, 4s=9, 6s=1, Fantasy Score=131
2025-04-30 15:33:51,744 - INFO - Extracted data for Tilak Varma: Runs=25, 4s=2, 6s=0, Fantasy Score=39
2025-04-30 15:33:51,744 - INFO - Extracted data for Hardik Pandya (c): Runs=28, 4s=2, 6s=1, Fantasy Score=49
2025-04-30 15:33:51,744 - INFO - Extracted data for Mitchell Santner: Runs=2, 4s=0, 6s=0, Fantasy Score=2
2025-04-30 15:33:51,744 - WARNING - Incorrect number of columns in batter row. Expected at least 4, got 0 for NA
2025-04-30 15:33:51,745 - WARNING - Incorrect number of columns in batter row. Expected at least 4, got 0 for NA
2025-04-30 15:33:51,745 - WARNING - Incorrect number of columns in batter row. Expected at least 4, got 0 for Raj Bawa
2025-04-30 15:33:51,745 - INFO - Found 5 batter rows
2025-04-30 15:33:51,745 - INFO - Extracted data for Shardul Thakur: Runs=4, 4s=1, 6s=0, Fantasy Score=9
2025-04-30 15:33:51,745 - INFO - Extracted data for Akash Deep: Runs=4, 4s=1, 6s=0, Fantasy Score=9
2025-04-30 15:33:51,745 - INFO - Extracted data for Avesh Khan: Runs=4, 4s=1, 6s=0, Fantasy Score=9
2025-04-30 15:33:51,745 - INFO - Extracted data for Digvesh Singh Rathi: Runs=4, 4s=1, 6s=0, Fantasy Score=9
2025-04-30 15:33:51,745 - INFO - Extracted data for Ravi Bishnoi: Runs=4, 4s=0, 6s=0, Fantasy Score=4
2025-04-30 15:33:51,745 - INFO - Found 0 batter rows
2025-04-30 15:33:51,745 - INFO - Saving batting data to CSV file: batting_Fantasy.csv, write_header=False
2025-04-30 15:33:51,746 - INFO - Successfully saved batting data to batting_Fantasy.csv
2025-04-30 15:33:53,757 - INFO - Fetching scorecard link from: https://www.cricbuzz.com/cricket-scores/115068/dc-vs-csk-17th-match-indian-premier-league-2025
2025-04-30 15:33:54,025 - INFO - Found scorecard link: https://www.cricbuzz.com/live-cricket-scorecard/115068/csk-vs-dc-17th-match-indian-premier-league-2025
2025-04-30 15:33:54,025 - INFO - Processing scorecard for : https://www.cricbuzz.com/cricket-scores/115068/dc-vs-csk-17th-match-indian-premier-league-2025
2025-04-30 15:33:54,025 - INFO - Scraping scorecard from: https://www.cricbuzz.com/live-cricket-scorecard/115068/csk-vs-dc-17th-match-indian-premier-league-2025
2025-04-30 15:33:54,240 - INFO - Found 6 innings containers
2025-04-30 15:33:54,240 - INFO - Found 11 batter rows
2025-04-30 15:33:54,240 - INFO - Extracted data for Jake Fraser-McGurk: Runs=0, 4s=0, 6s=0, Fantasy Score=-2
2025-04-30 15:33:54,240 - INFO - Extracted data for Rahul (wk): Runs=77, 4s=6, 6s=3, Fantasy Score=152
2025-04-30 15:33:54,241 - INFO - Extracted data for Abishek Porel: Runs=33, 4s=4, 6s=1, Fantasy Score=64
2025-04-30 15:33:54,241 - INFO - Extracted data for Axar (c): Runs=21, 4s=2, 6s=1, Fantasy Score=38
2025-04-30 15:33:54,241 - INFO - Extracted data for Sameer Rizvi: Runs=20, 4s=1, 6s=1, Fantasy Score=32
2025-04-30 15:33:54,241 - INFO - Extracted data for Stubbs: Runs=24, 4s=2, 6s=1, Fantasy Score=41
2025-04-30 15:33:54,241 - INFO - Extracted data for Ashutosh Sharma: Runs=1, 4s=0, 6s=0, Fantasy Score=1
2025-04-30 15:33:54,242 - INFO - Extracted data for Vipraj Nigam: Runs=1, 4s=0, 6s=0, Fantasy Score=1
2025-04-30 15:33:54,242 - WARNING - Incorrect number of columns in batter row. Expected at least 4, got 0 for NA
2025-04-30 15:33:54,242 - WARNING - Incorrect number of columns in batter row. Expected at least 4, got 0 for NA
2025-04-30 15:33:54,242 - WARNING - Incorrect number of columns in batter row. Expected at least 4, got 0 for Mitchell Starc
2025-04-30 15:33:54,242 - INFO - Found 6 batter rows
2025-04-30 15:33:54,243 - INFO - Extracted data for Khaleel Ahmed: Runs=4, 4s=2, 6s=0, Fantasy Score=14
2025-04-30 15:33:54,243 - INFO - Extracted data for Mukesh Choudhary: Runs=4, 4s=0, 6s=0, Fantasy Score=4
2025-04-30 15:33:54,243 - INFO - Extracted data for Ashwin: Runs=3, 4s=0, 6s=0, Fantasy Score=3
2025-04-30 15:33:54,243 - INFO - Extracted data for Ravindra Jadeja: Runs=2, 4s=1, 6s=0, Fantasy Score=7
2025-04-30 15:33:54,243 - INFO - Extracted data for Noor Ahmad: Runs=3, 4s=1, 6s=0, Fantasy Score=8
2025-04-30 15:33:54,243 - INFO - Extracted data for Matheesha Pathirana: Runs=4, 4s=1, 6s=0, Fantasy Score=9
2025-04-30 15:33:54,243 - INFO - Found 0 batter rows
2025-04-30 15:33:54,244 - INFO - Found 10 batter rows
2025-04-30 15:33:54,244 - INFO - Extracted data for Rachin Ravindra: Runs=3, 4s=0, 6s=0, Fantasy Score=3
2025-04-30 15:33:54,244 - INFO - Extracted data for Devon Conway: Runs=13, 4s=1, 6s=0, Fantasy Score=18
2025-04-30 15:33:54,244 - INFO - Extracted data for Ruturaj Gaikwad (c): Runs=5, 4s=1, 6s=0, Fantasy Score=10
2025-04-30 15:33:54,244 - INFO - Extracted data for Vijay Shankar: Runs=69, 4s=5, 6s=1, Fantasy Score=113
2025-04-30 15:33:54,244 - INFO - Extracted data for Shivam Dube: Runs=18, 4s=1, 6s=1, Fantasy Score=30
2025-04-30 15:33:54,244 - INFO - Extracted data for Ravindra Jadeja: Runs=2, 4s=0, 6s=0, Fantasy Score=2
2025-04-30 15:33:54,244 - INFO - Extracted data for MS Dhoni (wk): Runs=30, 4s=1, 6s=1, Fantasy Score=46
2025-04-30 15:33:54,244 - WARNING - Incorrect number of columns in batter row. Expected at least 4, got 0 for NA
2025-04-30 15:33:54,244 - WARNING - Incorrect number of columns in batter row. Expected at least 4, got 0 for NA
2025-04-30 15:33:54,245 - WARNING - Incorrect number of columns in batter row. Expected at least 4, got 0 for Ravichandran Ashwin
2025-04-30 15:33:54,245 - INFO - Found 6 batter rows
2025-04-30 15:33:54,245 - INFO - Extracted data for Mitchell Starc: Runs=4, 4s=1, 6s=1, Fantasy Score=16
2025-04-30 15:33:54,245 - INFO - Extracted data for Mukesh Kumar: Runs=4, 4s=1, 6s=0, Fantasy Score=9
2025-04-30 15:33:54,245 - INFO - Extracted data for Mohit Sharma: Runs=3, 4s=0, 6s=1, Fantasy Score=10
2025-04-30 15:33:54,245 - INFO - Extracted data for Vipraj Nigam: Runs=4, 4s=2, 6s=0, Fantasy Score=14
2025-04-30 15:33:54,245 - INFO - Extracted data for Kuldeep Yadav: Runs=4, 4s=1, 6s=0, Fantasy Score=9
2025-04-30 15:33:54,245 - INFO - Extracted data for Axar Patel (c): Runs=1, 4s=0, 6s=0, Fantasy Score=1
2025-04-30 15:33:54,245 - INFO - Found 0 batter rows
2025-04-30 15:33:54,246 - INFO - Saving batting data to CSV file: batting_Fantasy.csv, write_header=False
2025-04-30 15:33:54,246 - INFO - Successfully saved batting data to batting_Fantasy.csv
2025-04-30 15:33:56,248 - INFO - Fetching scorecard link from: https://www.cricbuzz.com/cricket-scores/115075/rr-vs-pbks-18th-match-indian-premier-league-2025
2025-04-30 15:33:56,514 - INFO - Found scorecard link: https://www.cricbuzz.com/live-cricket-scorecard/115075/pbks-vs-rr-18th-match-indian-premier-league-2025
2025-04-30 15:33:56,514 - INFO - Processing scorecard for : https://www.cricbuzz.com/cricket-scores/115075/rr-vs-pbks-18th-match-indian-premier-league-2025
2025-04-30 15:33:56,514 - INFO - Scraping scorecard from: https://www.cricbuzz.com/live-cricket-scorecard/115075/pbks-vs-rr-18th-match-indian-premier-league-2025
2025-04-30 15:33:56,744 - INFO - Found 6 innings containers
2025-04-30 15:33:56,745 - INFO - Found 9 batter rows
2025-04-30 15:33:56,745 - INFO - Extracted data for Yashasvi Jaiswal: Runs=67, 4s=3, 6s=5, Fantasy Score=129
2025-04-30 15:33:56,745 - INFO - Extracted data for Samson (c & wk): Runs=38, 4s=6, 6s=0, Fantasy Score=72
2025-04-30 15:33:56,745 - INFO - Extracted data for Riyan Parag: Runs=43, 4s=3, 6s=3, Fantasy Score=83
2025-04-30 15:33:56,745 - INFO - Extracted data for Nitish Rana: Runs=12, 4s=2, 6s=0, Fantasy Score=22
2025-04-30 15:33:56,745 - INFO - Extracted data for Hetmyer: Runs=20, 4s=2, 6s=1, Fantasy Score=37
2025-04-30 15:33:56,745 - INFO - Extracted data for Dhruv Jurel: Runs=13, 4s=1, 6s=1, Fantasy Score=25
2025-04-30 15:33:56,745 - WARNING - Incorrect number of columns in batter row. Expected at least 4, got 0 for NA
2025-04-30 15:33:56,745 - WARNING - Incorrect number of columns in batter row. Expected at least 4, got 0 for NA
2025-04-30 15:33:56,745 - WARNING - Incorrect number of columns in batter row. Expected at least 4, got 0 for W Hasaranga
2025-04-30 15:33:56,746 - INFO - Found 6 batter rows
2025-04-30 15:33:56,746 - INFO - Extracted data for Arshdeep Singh: Runs=4, 4s=1, 6s=0, Fantasy Score=9
2025-04-30 15:33:56,746 - INFO - Extracted data for Marco Jansen: Runs=4, 4s=1, 6s=0, Fantasy Score=9
2025-04-30 15:33:56,746 - INFO - Extracted data for Lockie Ferguson: Runs=4, 4s=2, 6s=0, Fantasy Score=14
2025-04-30 15:33:56,746 - INFO - Extracted data for Maxwell: Runs=1, 4s=0, 6s=0, Fantasy Score=1
2025-04-30 15:33:56,746 - INFO - Extracted data for Chahal: Runs=3, 4s=0, 6s=0, Fantasy Score=3
2025-04-30 15:33:56,746 - INFO - Extracted data for Stoinis: Runs=4, 4s=0, 6s=0, Fantasy Score=4
2025-04-30 15:33:56,746 - INFO - Found 0 batter rows
2025-04-30 15:33:56,747 - INFO - Found 14 batter rows
2025-04-30 15:33:56,747 - INFO - Extracted data for Priyansh Arya: Runs=0, 4s=0, 6s=0, Fantasy Score=-2
2025-04-30 15:33:56,747 - INFO - Extracted data for Prabhsimran Singh (wk): Runs=17, 4s=2, 6s=0, Fantasy Score=27
2025-04-30 15:33:56,747 - INFO - Extracted data for Shreyas Iyer (c): Runs=10, 4s=2, 6s=0, Fantasy Score=20
2025-04-30 15:33:56,747 - INFO - Extracted data for Marcus Stoinis: Runs=1, 4s=0, 6s=0, Fantasy Score=1
2025-04-30 15:33:56,747 - INFO - Extracted data for Nehal Wadhera: Runs=62, 4s=4, 6s=3, Fantasy Score=115
2025-04-30 15:33:56,747 - INFO - Extracted data for Glenn Maxwell: Runs=30, 4s=3, 6s=1, Fantasy Score=56
2025-04-30 15:33:56,747 - INFO - Extracted data for Shashank Singh: Runs=10, 4s=0, 6s=0, Fantasy Score=10
2025-04-30 15:33:56,748 - INFO - Extracted data for Suryansh Shedge: Runs=2, 4s=0, 6s=0, Fantasy Score=2
2025-04-30 15:33:56,748 - INFO - Extracted data for Marco Jansen: Runs=3, 4s=0, 6s=0, Fantasy Score=3
2025-04-30 15:33:56,748 - INFO - Extracted data for Arshdeep Singh: Runs=1, 4s=0, 6s=0, Fantasy Score=1
2025-04-30 15:33:56,748 - INFO - Extracted data for Lockie Ferguson: Runs=4, 4s=1, 6s=0, Fantasy Score=9
2025-04-30 15:33:56,748 - WARNING - Incorrect number of columns in batter row. Expected at least 4, got 0 for NA
2025-04-30 15:33:56,748 - WARNING - Incorrect number of columns in batter row. Expected at least 4, got 0 for NA
2025-04-30 15:33:56,748 - WARNING - Incorrect number of columns in batter row. Expected at least 4, got 0 for Yuzvendra Chahal
2025-04-30 15:33:56,748 - INFO - Found 6 batter rows
2025-04-30 15:33:56,748 - INFO - Extracted data for Jofra Archer: Runs=4, 4s=3, 6s=0, Fantasy Score=19
2025-04-30 15:33:56,748 - INFO - Extracted data for Yudhvir Singh Charak: Runs=2, 4s=0, 6s=0, Fantasy Score=2
2025-04-30 15:33:56,749 - INFO - Extracted data for Sandeep Sharma: Runs=4, 4s=2, 6s=0, Fantasy Score=14
2025-04-30 15:33:56,749 - INFO - Extracted data for Maheesh Theekshana: Runs=4, 4s=2, 6s=0, Fantasy Score=14
2025-04-30 15:33:56,749 - INFO - Extracted data for Kumar Kartikeya: Runs=2, 4s=1, 6s=0, Fantasy Score=7
2025-04-30 15:33:56,749 - INFO - Extracted data for Wanindu Hasaranga: Runs=4, 4s=1, 6s=0, Fantasy Score=9
2025-04-30 15:33:56,749 - INFO - Found 0 batter rows
2025-04-30 15:33:56,749 - INFO - Saving batting data to CSV file: batting_Fantasy.csv, write_header=False
2025-04-30 15:33:56,750 - INFO - Successfully saved batting data to batting_Fantasy.csv
2025-04-30 15:33:58,760 - INFO - Fetching scorecard link from: https://www.cricbuzz.com/cricket-scores/115093/srh-vs-gt-19th-match-indian-premier-league-2025
2025-04-30 15:33:59,068 - INFO - Found scorecard link: https://www.cricbuzz.com/live-cricket-scorecard/115093/srh-vs-gt-19th-match-indian-premier-league-2025
2025-04-30 15:33:59,068 - INFO - Processing scorecard for : https://www.cricbuzz.com/cricket-scores/115093/srh-vs-gt-19th-match-indian-premier-league-2025
2025-04-30 15:33:59,068 - INFO - Scraping scorecard from: https://www.cricbuzz.com/live-cricket-scorecard/115093/srh-vs-gt-19th-match-indian-premier-league-2025
2025-04-30 15:33:59,483 - INFO - Found 6 innings containers
2025-04-30 15:33:59,484 - INFO - Found 13 batter rows
2025-04-30 15:33:59,484 - INFO - Extracted data for Abhishek Sharma: Runs=18, 4s=4, 6s=0, Fantasy Score=38
2025-04-30 15:33:59,484 - INFO - Extracted data for Head: Runs=8, 4s=2, 6s=0, Fantasy Score=18
2025-04-30 15:33:59,484 - INFO - Extracted data for Ishan Kishan: Runs=17, 4s=2, 6s=0, Fantasy Score=27
2025-04-30 15:33:59,484 - INFO - Extracted data for Nitish Reddy: Runs=31, 4s=3, 6s=0, Fantasy Score=50
2025-04-30 15:33:59,484 - INFO - Extracted data for Klaasen (wk): Runs=27, 4s=2, 6s=1, Fantasy Score=48
2025-04-30 15:33:59,484 - INFO - Extracted data for Aniket Verma: Runs=18, 4s=2, 6s=0, Fantasy Score=28
2025-04-30 15:33:59,484 - INFO - Extracted data for Kamindu Mendis: Runs=1, 4s=0, 6s=0, Fantasy Score=1
2025-04-30 15:33:59,484 - INFO - Extracted data for Cummins (c): Runs=22, 4s=3, 6s=1, Fantasy Score=44
2025-04-30 15:33:59,484 - INFO - Extracted data for Simarjeet Singh: Runs=0, 4s=0, 6s=0, Fantasy Score=-2
2025-04-30 15:33:59,484 - INFO - Extracted data for Shami: Runs=6, 4s=1, 6s=0, Fantasy Score=11
2025-04-30 15:33:59,484 - WARNING - Incorrect number of columns in batter row. Expected at least 4, got 0 for NA
2025-04-30 15:33:59,485 - WARNING - Incorrect number of columns in batter row. Expected at least 4, got 0 for NA
2025-04-30 15:33:59,485 - WARNING - Incorrect number of columns in batter row. Expected at least 4, got 0 for Zeeshan Ansari
2025-04-30 15:33:59,485 - INFO - Found 5 batter rows
2025-04-30 15:33:59,485 - INFO - Extracted data for Siraj: Runs=4, 4s=4, 6s=0, Fantasy Score=24
2025-04-30 15:33:59,485 - INFO - Extracted data for Ishant: Runs=4, 4s=0, 6s=0, Fantasy Score=4
2025-04-30 15:33:59,486 - INFO - Extracted data for Prasidh: Runs=4, 4s=2, 6s=0, Fantasy Score=14
2025-04-30 15:33:59,486 - INFO - Extracted data for Rashid Khan: Runs=4, 4s=0, 6s=0, Fantasy Score=4
2025-04-30 15:33:59,486 - INFO - Extracted data for Sai Kishore: Runs=4, 4s=2, 6s=0, Fantasy Score=14
2025-04-30 15:33:59,486 - INFO - Found 0 batter rows
2025-04-30 15:33:59,486 - INFO - Found 8 batter rows
2025-04-30 15:33:59,486 - INFO - Extracted data for Sai Sudharsan: Runs=5, 4s=0, 6s=0, Fantasy Score=5
2025-04-30 15:33:59,487 - INFO - Extracted data for Shubman Gill (c): Runs=61, 4s=9, 6s=0, Fantasy Score=118
2025-04-30 15:33:59,487 - INFO - Extracted data for Jos Buttler (wk): Runs=0, 4s=0, 6s=0, Fantasy Score=-2
2025-04-30 15:33:59,487 - INFO - Extracted data for Washington Sundar: Runs=49, 4s=5, 6s=2, Fantasy Score=92
2025-04-30 15:33:59,487 - INFO - Extracted data for Sherfane Rutherford: Runs=35, 4s=6, 6s=1, Fantasy Score=76
2025-04-30 15:33:59,487 - WARNING - Incorrect number of columns in batter row. Expected at least 4, got 0 for NA
2025-04-30 15:33:59,487 - WARNING - Incorrect number of columns in batter row. Expected at least 4, got 0 for NA
2025-04-30 15:33:59,487 - WARNING - Incorrect number of columns in batter row. Expected at least 4, got 0 for Shahrukh Khan
2025-04-30 15:33:59,487 - INFO - Found 7 batter rows
2025-04-30 15:33:59,488 - INFO - Extracted data for Mohammed Shami: Runs=4, 4s=2, 6s=0, Fantasy Score=14
2025-04-30 15:33:59,488 - ERROR - Error parsing scorecard HTML: invalid literal for int() with base 10: '3.4'
2025-04-30 15:34:01,503 - INFO - Fetching scorecard link from: https://www.cricbuzz.com/cricket-scores/115095/rcb-vs-mi-20th-match-indian-premier-league-2025
2025-04-30 15:34:01,975 - INFO - Found scorecard link: https://www.cricbuzz.com/live-cricket-scorecard/115095/mi-vs-rcb-20th-match-indian-premier-league-2025
2025-04-30 15:34:01,975 - INFO - Processing scorecard for : https://www.cricbuzz.com/cricket-scores/115095/rcb-vs-mi-20th-match-indian-premier-league-2025
2025-04-30 15:34:01,976 - INFO - Scraping scorecard from: https://www.cricbuzz.com/live-cricket-scorecard/115095/mi-vs-rcb-20th-match-indian-premier-league-2025
2025-04-30 15:34:02,248 - INFO - Found 6 innings containers
2025-04-30 15:34:02,249 - INFO - Found 10 batter rows
2025-04-30 15:34:02,249 - INFO - Extracted data for Phil Salt: Runs=4, 4s=1, 6s=0, Fantasy Score=9
2025-04-30 15:34:02,249 - INFO - Extracted data for Kohli: Runs=67, 4s=8, 6s=2, Fantasy Score=133
2025-04-30 15:34:02,249 - INFO - Extracted data for Padikkal: Runs=37, 4s=2, 6s=3, Fantasy Score=72
2025-04-30 15:34:02,249 - INFO - Extracted data for Rajat Patidar (c): Runs=64, 4s=5, 6s=4, Fantasy Score=129
2025-04-30 15:34:02,249 - INFO - Extracted data for Livingstone: Runs=0, 4s=0, 6s=0, Fantasy Score=-2
2025-04-30 15:34:02,249 - INFO - Extracted data for Jitesh Sharma (wk): Runs=40, 4s=2, 6s=4, Fantasy Score=82
2025-04-30 15:34:02,249 - INFO - Extracted data for Tim David: Runs=1, 4s=0, 6s=0, Fantasy Score=1
2025-04-30 15:34:02,250 - WARNING - Incorrect number of columns in batter row. Expected at least 4, got 0 for NA
2025-04-30 15:34:02,250 - WARNING - Incorrect number of columns in batter row. Expected at least 4, got 0 for NA
2025-04-30 15:34:02,250 - WARNING - Incorrect number of columns in batter row. Expected at least 4, got 0 for Krunal Pandya
2025-04-30 15:34:02,250 - INFO - Found 7 batter rows
2025-04-30 15:34:02,250 - INFO - Extracted data for Boult: Runs=4, 4s=2, 6s=0, Fantasy Score=14
2025-04-30 15:34:02,250 - INFO - Extracted data for D Chahar: Runs=2, 4s=0, 6s=0, Fantasy Score=2
2025-04-30 15:34:02,250 - INFO - Extracted data for Bumrah: Runs=4, 4s=0, 6s=0, Fantasy Score=4
2025-04-30 15:34:02,250 - INFO - Extracted data for Will Jacks: Runs=1, 4s=0, 6s=0, Fantasy Score=1
2025-04-30 15:34:02,251 - INFO - Extracted data for Santner: Runs=4, 4s=0, 6s=0, Fantasy Score=4
2025-04-30 15:34:02,251 - INFO - Extracted data for Hardik Pandya (c): Runs=4, 4s=2, 6s=0, Fantasy Score=14
2025-04-30 15:34:02,251 - INFO - Extracted data for Vignesh Puthur: Runs=1, 4s=1, 6s=0, Fantasy Score=6
2025-04-30 15:34:02,251 - INFO - Found 0 batter rows
2025-04-30 15:34:02,252 - INFO - Found 14 batter rows
2025-04-30 15:34:02,252 - INFO - Extracted data for Rohit Sharma: Runs=17, 4s=2, 6s=1, Fantasy Score=34
2025-04-30 15:34:02,252 - INFO - Extracted data for Ryan Rickelton (wk): Runs=17, 4s=4, 6s=0, Fantasy Score=37
2025-04-30 15:34:02,252 - INFO - Extracted data for Will Jacks: Runs=22, 4s=2, 6s=1, Fantasy Score=39
2025-04-30 15:34:02,252 - INFO - Extracted data for Suryakumar Yadav: Runs=28, 4s=5, 6s=0, Fantasy Score=57
2025-04-30 15:34:02,252 - INFO - Extracted data for Tilak Varma: Runs=56, 4s=4, 6s=4, Fantasy Score=116
2025-04-30 15:34:02,252 - INFO - Extracted data for Hardik Pandya (c): Runs=42, 4s=3, 6s=4, Fantasy Score=89
2025-04-30 15:34:02,252 - INFO - Extracted data for Naman Dhir: Runs=11, 4s=1, 6s=1, Fantasy Score=23
2025-04-30 15:34:02,253 - INFO - Extracted data for Mitchell Santner: Runs=8, 4s=0, 6s=1, Fantasy Score=15
2025-04-30 15:34:02,253 - INFO - Extracted data for Deepak Chahar: Runs=0, 4s=0, 6s=0, Fantasy Score=-2
2025-04-30 15:34:02,253 - INFO - Extracted data for Trent Boult: Runs=1, 4s=0, 6s=0, Fantasy Score=1
2025-04-30 15:34:02,253 - INFO - Extracted data for Jasprit Bumrah: Runs=0, 4s=0, 6s=0, Fantasy Score=-2
2025-04-30 15:34:02,253 - WARNING - Incorrect number of columns in batter row. Expected at least 4, got 0 for NA
2025-04-30 15:34:02,253 - WARNING - Incorrect number of columns in batter row. Expected at least 4, got 0 for NA
2025-04-30 15:34:02,253 - WARNING - Incorrect number of columns in batter row. Expected at least 4, got 0 for Vignesh Puthur
2025-04-30 15:34:02,253 - INFO - Found 5 batter rows
2025-04-30 15:34:02,253 - INFO - Extracted data for Bhuvneshwar Kumar: Runs=4, 4s=1, 6s=0, Fantasy Score=9
2025-04-30 15:34:02,254 - INFO - Extracted data for Yash Dayal: Runs=4, 4s=2, 6s=0, Fantasy Score=14
2025-04-30 15:34:02,254 - INFO - Extracted data for Josh Hazlewood: Runs=4, 4s=2, 6s=0, Fantasy Score=14
2025-04-30 15:34:02,254 - INFO - Extracted data for Suyash Sharma: Runs=4, 4s=0, 6s=0, Fantasy Score=4
2025-04-30 15:34:02,254 - INFO - Extracted data for Krunal Pandya: Runs=4, 4s=4, 6s=0, Fantasy Score=24
2025-04-30 15:34:02,254 - INFO - Found 0 batter rows
2025-04-30 15:34:02,254 - INFO - Saving batting data to CSV file: batting_Fantasy.csv, write_header=False
2025-04-30 15:34:02,255 - INFO - Successfully saved batting data to batting_Fantasy.csv
2025-04-30 15:34:04,255 - INFO - Fetching scorecard link from: https://www.cricbuzz.com/cricket-scores/115084/lsg-vs-kkr-21st-match-indian-premier-league-2025
2025-04-30 15:34:04,827 - INFO - Found scorecard link: https://www.cricbuzz.com/live-cricket-scorecard/115084/kkr-vs-lsg-21st-match-indian-premier-league-2025
2025-04-30 15:34:04,827 - INFO - Processing scorecard for : https://www.cricbuzz.com/cricket-scores/115084/lsg-vs-kkr-21st-match-indian-premier-league-2025
2025-04-30 15:34:04,827 - INFO - Scraping scorecard from: https://www.cricbuzz.com/live-cricket-scorecard/115084/kkr-vs-lsg-21st-match-indian-premier-league-2025
2025-04-30 15:34:05,877 - INFO - Found 6 innings containers
2025-04-30 15:34:05,878 - INFO - Found 8 batter rows
2025-04-30 15:34:05,878 - INFO - Extracted data for Markram: Runs=47, 4s=4, 6s=2, Fantasy Score=85
2025-04-30 15:34:05,878 - INFO - Extracted data for Mitchell Marsh: Runs=81, 4s=6, 6s=5, Fantasy Score=170
2025-04-30 15:34:05,878 - INFO - Extracted data for Pooran: Runs=87, 4s=7, 6s=8, Fantasy Score=202
2025-04-30 15:34:05,878 - INFO - Extracted data for Abdul Samad: Runs=6, 4s=1, 6s=0, Fantasy Score=11
2025-04-30 15:34:05,878 - INFO - Extracted data for David Miller: Runs=4, 4s=0, 6s=0, Fantasy Score=4
2025-04-30 15:34:05,878 - WARNING - Incorrect number of columns in batter row. Expected at least 4, got 0 for NA
2025-04-30 15:34:05,878 - WARNING - Incorrect number of columns in batter row. Expected at least 4, got 0 for NA
2025-04-30 15:34:05,878 - WARNING - Incorrect number of columns in batter row. Expected at least 4, got 0 for Pant (c & wk)
2025-04-30 15:34:05,879 - INFO - Found 6 batter rows
2025-04-30 15:34:05,879 - INFO - Extracted data for Vaibhav Arora: Runs=4, 4s=0, 6s=0, Fantasy Score=4
2025-04-30 15:34:05,879 - INFO - Extracted data for Spencer Johnson: Runs=3, 4s=0, 6s=0, Fantasy Score=3
2025-04-30 15:34:05,879 - INFO - Extracted data for Varun Chakaravarthy: Runs=4, 4s=0, 6s=0, Fantasy Score=4
2025-04-30 15:34:05,879 - INFO - Extracted data for Harshit Rana: Runs=4, 4s=2, 6s=0, Fantasy Score=14
2025-04-30 15:34:05,879 - INFO - Extracted data for Narine: Runs=3, 4s=0, 6s=0, Fantasy Score=3
2025-04-30 15:34:05,879 - INFO - Extracted data for Russell: Runs=2, 4s=1, 6s=0, Fantasy Score=7
2025-04-30 15:34:05,879 - INFO - Found 0 batter rows
2025-04-30 15:34:05,880 - INFO - Found 12 batter rows
2025-04-30 15:34:05,880 - INFO - Extracted data for Quinton de Kock (wk): Runs=15, 4s=0, 6s=2, Fantasy Score=29
2025-04-30 15:34:05,880 - INFO - Extracted data for Sunil Narine: Runs=30, 4s=4, 6s=2, Fantasy Score=68
2025-04-30 15:34:05,880 - INFO - Extracted data for Ajinkya Rahane (c): Runs=61, 4s=8, 6s=2, Fantasy Score=127
2025-04-30 15:34:05,880 - INFO - Extracted data for Venkatesh Iyer: Runs=45, 4s=6, 6s=1, Fantasy Score=86
2025-04-30 15:34:05,880 - INFO - Extracted data for Ramandeep Singh: Runs=1, 4s=0, 6s=0, Fantasy Score=1
2025-04-30 15:34:05,880 - INFO - Extracted data for Angkrish Raghuvanshi: Runs=5, 4s=1, 6s=0, Fantasy Score=10
2025-04-30 15:34:05,880 - INFO - Extracted data for Andre Russell: Runs=7, 4s=0, 6s=1, Fantasy Score=14
2025-04-30 15:34:05,880 - INFO - Extracted data for Rinku Singh: Runs=38, 4s=6, 6s=2, Fantasy Score=86
2025-04-30 15:34:05,881 - INFO - Extracted data for Harshit Rana: Runs=10, 4s=2, 6s=0, Fantasy Score=20
2025-04-30 15:34:05,881 - WARNING - Incorrect number of columns in batter row. Expected at least 4, got 0 for NA
2025-04-30 15:34:05,881 - WARNING - Incorrect number of columns in batter row. Expected at least 4, got 0 for NA
2025-04-30 15:34:05,881 - WARNING - Incorrect number of columns in batter row. Expected at least 4, got 0 for Spencer Johnson
2025-04-30 15:34:05,881 - INFO - Found 5 batter rows
2025-04-30 15:34:05,881 - INFO - Extracted data for Akash Deep: Runs=4, 4s=2, 6s=0, Fantasy Score=14
2025-04-30 15:34:05,881 - INFO - Extracted data for Shardul Thakur: Runs=4, 4s=2, 6s=0, Fantasy Score=14
2025-04-30 15:34:05,881 - INFO - Extracted data for Avesh Khan: Runs=4, 4s=1, 6s=0, Fantasy Score=9
2025-04-30 15:34:05,881 - INFO - Extracted data for Digvesh Singh Rathi: Runs=4, 4s=1, 6s=0, Fantasy Score=9
2025-04-30 15:34:05,882 - INFO - Extracted data for Ravi Bishnoi: Runs=4, 4s=1, 6s=0, Fantasy Score=9
2025-04-30 15:34:05,882 - INFO - Found 0 batter rows
2025-04-30 15:34:05,882 - INFO - Saving batting data to CSV file: batting_Fantasy.csv, write_header=False
2025-04-30 15:34:05,882 - INFO - Successfully saved batting data to batting_Fantasy.csv
2025-04-30 15:34:07,893 - INFO - Fetching scorecard link from: https://www.cricbuzz.com/cricket-scores/115102/pbks-vs-csk-22nd-match-indian-premier-league-2025
2025-04-30 15:34:08,210 - INFO - Found scorecard link: https://www.cricbuzz.com/live-cricket-scorecard/115102/pbks-vs-csk-22nd-match-indian-premier-league-2025
2025-04-30 15:34:08,210 - INFO - Processing scorecard for : https://www.cricbuzz.com/cricket-scores/115102/pbks-vs-csk-22nd-match-indian-premier-league-2025
2025-04-30 15:34:08,210 - INFO - Scraping scorecard from: https://www.cricbuzz.com/live-cricket-scorecard/115102/pbks-vs-csk-22nd-match-indian-premier-league-2025
2025-04-30 15:34:08,405 - INFO - Found 6 innings containers
2025-04-30 15:34:08,405 - INFO - Found 11 batter rows
2025-04-30 15:34:08,405 - INFO - Extracted data for Priyansh Arya: Runs=103, 4s=7, 6s=9, Fantasy Score=241
2025-04-30 15:34:08,406 - INFO - Extracted data for Prabhsimran (wk): Runs=0, 4s=0, 6s=0, Fantasy Score=-2
2025-04-30 15:34:08,406 - INFO - Extracted data for Shreyas Iyer (c): Runs=9, 4s=0, 6s=1, Fantasy Score=16
2025-04-30 15:34:08,406 - INFO - Extracted data for Stoinis: Runs=4, 4s=0, 6s=0, Fantasy Score=4
2025-04-30 15:34:08,406 - INFO - Extracted data for Nehal Wadhera: Runs=9, 4s=0, 6s=1, Fantasy Score=16
2025-04-30 15:34:08,406 - INFO - Extracted data for Maxwell: Runs=1, 4s=0, 6s=0, Fantasy Score=1
2025-04-30 15:34:08,406 - INFO - Extracted data for Shashank Singh: Runs=52, 4s=2, 6s=3, Fantasy Score=95
2025-04-30 15:34:08,406 - INFO - Extracted data for Marco Jansen: Runs=34, 4s=2, 6s=2, Fantasy Score=62
2025-04-30 15:34:08,406 - WARNING - Incorrect number of columns in batter row. Expected at least 4, got 0 for NA
2025-04-30 15:34:08,406 - WARNING - Incorrect number of columns in batter row. Expected at least 4, got 0 for NA
2025-04-30 15:34:08,406 - WARNING - Incorrect number of columns in batter row. Expected at least 4, got 0 for Arshdeep Singh
2025-04-30 15:34:08,407 - INFO - Found 6 batter rows
2025-04-30 15:34:08,407 - INFO - Extracted data for Khaleel Ahmed: Runs=4, 4s=2, 6s=1, Fantasy Score=21
2025-04-30 15:34:08,407 - INFO - Extracted data for Mukesh Choudhary: Runs=2, 4s=1, 6s=0, Fantasy Score=7
2025-04-30 15:34:08,407 - INFO - Extracted data for Ashwin: Runs=4, 4s=2, 6s=0, Fantasy Score=14
2025-04-30 15:34:08,407 - INFO - Extracted data for Ravindra Jadeja: Runs=3, 4s=0, 6s=1, Fantasy Score=10
2025-04-30 15:34:08,407 - INFO - Extracted data for Noor Ahmad: Runs=3, 4s=1, 6s=0, Fantasy Score=8
2025-04-30 15:34:08,407 - INFO - Extracted data for Matheesha Pathirana: Runs=4, 4s=0, 6s=0, Fantasy Score=4
2025-04-30 15:34:08,407 - INFO - Found 0 batter rows
2025-04-30 15:34:08,407 - INFO - Found 10 batter rows
2025-04-30 15:34:08,408 - INFO - Extracted data for Rachin Ravindra: Runs=36, 4s=6, 6s=0, Fantasy Score=70
2025-04-30 15:34:08,408 - INFO - Extracted data for Devon Conway: Runs=69, 4s=6, 6s=2, Fantasy Score=125
2025-04-30 15:34:08,408 - INFO - Extracted data for Ruturaj Gaikwad (c): Runs=1, 4s=0, 6s=0, Fantasy Score=1
2025-04-30 15:34:08,408 - INFO - Extracted data for Shivam Dube: Runs=42, 4s=3, 6s=2, Fantasy Score=75
2025-04-30 15:34:08,408 - INFO - Extracted data for MS Dhoni (wk): Runs=27, 4s=1, 6s=3, Fantasy Score=57
2025-04-30 15:34:08,408 - INFO - Extracted data for Ravindra Jadeja: Runs=9, 4s=0, 6s=1, Fantasy Score=16
2025-04-30 15:34:08,409 - INFO - Extracted data for Vijay Shankar: Runs=2, 4s=0, 6s=0, Fantasy Score=2
2025-04-30 15:34:08,409 - WARNING - Incorrect number of columns in batter row. Expected at least 4, got 0 for NA
2025-04-30 15:34:08,409 - WARNING - Incorrect number of columns in batter row. Expected at least 4, got 0 for NA
2025-04-30 15:34:08,409 - WARNING - Incorrect number of columns in batter row. Expected at least 4, got 0 for Ravichandran Ashwin
2025-04-30 15:34:08,409 - INFO - Found 7 batter rows
2025-04-30 15:34:08,409 - INFO - Extracted data for Arshdeep Singh: Runs=4, 4s=0, 6s=0, Fantasy Score=4
2025-04-30 15:34:08,409 - INFO - Extracted data for Yash Thakur: Runs=4, 4s=1, 6s=0, Fantasy Score=9
2025-04-30 15:34:08,409 - INFO - Extracted data for Glenn Maxwell: Runs=2, 4s=1, 6s=0, Fantasy Score=7
2025-04-30 15:34:08,409 - INFO - Extracted data for Marco Jansen: Runs=4, 4s=0, 6s=1, Fantasy Score=11
2025-04-30 15:34:08,409 - INFO - Extracted data for Lockie Ferguson: Runs=4, 4s=2, 6s=0, Fantasy Score=14
2025-04-30 15:34:08,410 - INFO - Extracted data for Marcus Stoinis: Runs=1, 4s=0, 6s=0, Fantasy Score=1
2025-04-30 15:34:08,410 - INFO - Extracted data for Yuzvendra Chahal: Runs=1, 4s=0, 6s=0, Fantasy Score=1
2025-04-30 15:34:08,410 - INFO - Found 0 batter rows
2025-04-30 15:34:08,410 - INFO - Saving batting data to CSV file: batting_Fantasy.csv, write_header=False
2025-04-30 15:34:08,410 - INFO - Successfully saved batting data to batting_Fantasy.csv
2025-04-30 15:34:10,422 - INFO - Fetching scorecard link from: https://www.cricbuzz.com/cricket-scores/115104/gt-vs-rr-23rd-match-indian-premier-league-2025
2025-04-30 15:34:10,797 - INFO - Found scorecard link: https://www.cricbuzz.com/live-cricket-scorecard/115104/gt-vs-rr-23rd-match-indian-premier-league-2025
2025-04-30 15:34:10,798 - INFO - Processing scorecard for : https://www.cricbuzz.com/cricket-scores/115104/gt-vs-rr-23rd-match-indian-premier-league-2025
2025-04-30 15:34:10,798 - INFO - Scraping scorecard from: https://www.cricbuzz.com/live-cricket-scorecard/115104/gt-vs-rr-23rd-match-indian-premier-league-2025
2025-04-30 15:34:11,205 - INFO - Found 6 innings containers
2025-04-30 15:34:11,205 - INFO - Found 11 batter rows
2025-04-30 15:34:11,205 - INFO - Extracted data for Sai Sudharsan: Runs=82, 4s=8, 6s=3, Fantasy Score=167
2025-04-30 15:34:11,206 - INFO - Extracted data for Shubman Gill (c): Runs=2, 4s=0, 6s=0, Fantasy Score=2
2025-04-30 15:34:11,206 - INFO - Extracted data for Jos Buttler (wk): Runs=36, 4s=5, 6s=0, Fantasy Score=65
2025-04-30 15:34:11,206 - INFO - Extracted data for Shahrukh Khan: Runs=36, 4s=4, 6s=2, Fantasy Score=74
2025-04-30 15:34:11,206 - INFO - Extracted data for Sherfane Rutherford: Runs=7, 4s=0, 6s=1, Fantasy Score=14
2025-04-30 15:34:11,206 - INFO - Extracted data for Rahul Tewatia: Runs=24, 4s=2, 6s=2, Fantasy Score=48
2025-04-30 15:34:11,206 - INFO - Extracted data for Rashid Khan: Runs=12, 4s=1, 6s=1, Fantasy Score=24
2025-04-30 15:34:11,206 - INFO - Extracted data for Arshad Khan: Runs=0, 4s=0, 6s=0, Fantasy Score=-2
2025-04-30 15:34:11,206 - WARNING - Incorrect number of columns in batter row. Expected at least 4, got 0 for NA
2025-04-30 15:34:11,206 - WARNING - Incorrect number of columns in batter row. Expected at least 4, got 0 for NA
2025-04-30 15:34:11,206 - WARNING - Incorrect number of columns in batter row. Expected at least 4, got 0 for Sai Kishore
2025-04-30 15:34:11,207 - INFO - Found 5 batter rows
2025-04-30 15:34:11,207 - INFO - Extracted data for Jofra Archer: Runs=4, 4s=1, 6s=0, Fantasy Score=9
2025-04-30 15:34:11,207 - INFO - Extracted data for Fazalhaq Farooqi: Runs=4, 4s=0, 6s=0, Fantasy Score=4
2025-04-30 15:34:11,207 - INFO - Extracted data for Tushar Deshpande: Runs=4, 4s=2, 6s=0, Fantasy Score=14
2025-04-30 15:34:11,207 - INFO - Extracted data for Sandeep Sharma: Runs=4, 4s=1, 6s=0, Fantasy Score=9
2025-04-30 15:34:11,207 - INFO - Extracted data for M Theekshana: Runs=4, 4s=2, 6s=0, Fantasy Score=14
2025-04-30 15:34:11,207 - INFO - Found 0 batter rows
2025-04-30 15:34:11,208 - INFO - Found 14 batter rows
2025-04-30 15:34:11,208 - INFO - Extracted data for Yashasvi Jaiswal: Runs=6, 4s=1, 6s=0, Fantasy Score=11
2025-04-30 15:34:11,208 - INFO - Extracted data for Sanju Samson (c & wk): Runs=41, 4s=4, 6s=2, Fantasy Score=79
2025-04-30 15:34:11,208 - INFO - Extracted data for Nitish Rana: Runs=1, 4s=0, 6s=0, Fantasy Score=1
2025-04-30 15:34:11,208 - INFO - Extracted data for Riyan Parag: Runs=26, 4s=1, 6s=3, Fantasy Score=56
2025-04-30 15:34:11,208 - INFO - Extracted data for Dhruv Jurel: Runs=5, 4s=1, 6s=0, Fantasy Score=10
2025-04-30 15:34:11,208 - INFO - Extracted data for Shimron Hetmyer: Runs=52, 4s=4, 6s=3, Fantasy Score=105
2025-04-30 15:34:11,208 - INFO - Extracted data for Shubham Dubey: Runs=1, 4s=0, 6s=0, Fantasy Score=1
2025-04-30 15:34:11,208 - INFO - Extracted data for Jofra Archer: Runs=4, 4s=0, 6s=0, Fantasy Score=4
2025-04-30 15:34:11,208 - INFO - Extracted data for Maheesh Theekshana: Runs=5, 4s=0, 6s=0, Fantasy Score=5
2025-04-30 15:34:11,209 - INFO - Extracted data for Tushar Deshpande: Runs=3, 4s=0, 6s=0, Fantasy Score=3
2025-04-30 15:34:11,209 - INFO - Extracted data for Sandeep Sharma: Runs=6, 4s=0, 6s=0, Fantasy Score=6
2025-04-30 15:34:11,209 - WARNING - Incorrect number of columns in batter row. Expected at least 4, got 0 for NA
2025-04-30 15:34:11,209 - WARNING - Incorrect number of columns in batter row. Expected at least 4, got 0 for NA
2025-04-30 15:34:11,209 - WARNING - Incorrect number of columns in batter row. Expected at least 4, got 0 for Fazalhaq Farooqi
2025-04-30 15:34:11,209 - INFO - Found 6 batter rows
2025-04-30 15:34:11,209 - INFO - Extracted data for Mohammed Siraj: Runs=4, 4s=1, 6s=0, Fantasy Score=9
2025-04-30 15:34:11,209 - INFO - Extracted data for Arshad Khan: Runs=2, 4s=1, 6s=0, Fantasy Score=7
2025-04-30 15:34:11,209 - INFO - Extracted data for Prasidh Krishna: Runs=4, 4s=3, 6s=0, Fantasy Score=19
2025-04-30 15:34:11,209 - INFO - Extracted data for Kulwant Khejroliya: Runs=3, 4s=1, 6s=0, Fantasy Score=8
2025-04-30 15:34:11,210 - INFO - Extracted data for Rashid Khan: Runs=4, 4s=2, 6s=0, Fantasy Score=14
2025-04-30 15:34:11,210 - ERROR - Error parsing scorecard HTML: invalid literal for int() with base 10: '2.2'
2025-04-30 15:34:13,213 - INFO - Fetching scorecard link from: https://www.cricbuzz.com/cricket-scores/115111/rcb-vs-dc-24th-match-indian-premier-league-2025
2025-04-30 15:34:13,663 - INFO - Found scorecard link: https://www.cricbuzz.com/live-cricket-scorecard/115111/rcb-vs-dc-24th-match-indian-premier-league-2025
2025-04-30 15:34:13,663 - INFO - Processing scorecard for : https://www.cricbuzz.com/cricket-scores/115111/rcb-vs-dc-24th-match-indian-premier-league-2025
2025-04-30 15:34:13,663 - INFO - Scraping scorecard from: https://www.cricbuzz.com/live-cricket-scorecard/115111/rcb-vs-dc-24th-match-indian-premier-league-2025
2025-04-30 15:34:14,084 - INFO - Found 6 innings containers
2025-04-30 15:34:14,084 - INFO - Found 12 batter rows
2025-04-30 15:34:14,084 - INFO - Extracted data for Phil Salt: Runs=37, 4s=4, 6s=3, Fantasy Score=82
2025-04-30 15:34:14,085 - INFO - Extracted data for Kohli: Runs=22, 4s=1, 6s=2, Fantasy Score=41
2025-04-30 15:34:14,085 - INFO - Extracted data for Padikkal: Runs=1, 4s=0, 6s=0, Fantasy Score=1
2025-04-30 15:34:14,085 - INFO - Extracted data for Rajat Patidar (c): Runs=25, 4s=1, 6s=1, Fantasy Score=41
2025-04-30 15:34:14,085 - INFO - Extracted data for Livingstone: Runs=4, 4s=0, 6s=0, Fantasy Score=4
2025-04-30 15:34:14,085 - INFO - Extracted data for Jitesh Sharma (wk): Runs=3, 4s=0, 6s=0, Fantasy Score=3
2025-04-30 15:34:14,085 - INFO - Extracted data for Krunal Pandya: Runs=18, 4s=1, 6s=0, Fantasy Score=23
2025-04-30 15:34:14,085 - INFO - Extracted data for Tim David: Runs=37, 4s=2, 6s=4, Fantasy Score=79
2025-04-30 15:34:14,085 - INFO - Extracted data for Bhuvneshwar: Runs=1, 4s=0, 6s=0, Fantasy Score=1
2025-04-30 15:34:14,085 - WARNING - Incorrect number of columns in batter row. Expected at least 4, got 0 for NA
2025-04-30 15:34:14,085 - WARNING - Incorrect number of columns in batter row. Expected at least 4, got 0 for NA
2025-04-30 15:34:14,085 - WARNING - Incorrect number of columns in batter row. Expected at least 4, got 0 for Hazlewood
2025-04-30 15:34:14,086 - INFO - Found 6 batter rows
2025-04-30 15:34:14,086 - INFO - Extracted data for Mitchell Starc: Runs=3, 4s=0, 6s=1, Fantasy Score=10
2025-04-30 15:34:14,086 - INFO - Extracted data for Axar (c): Runs=4, 4s=0, 6s=0, Fantasy Score=4
2025-04-30 15:34:14,086 - INFO - Extracted data for Vipraj Nigam: Runs=4, 4s=2, 6s=0, Fantasy Score=14
2025-04-30 15:34:14,086 - INFO - Extracted data for Mukesh Kumar: Runs=3, 4s=1, 6s=0, Fantasy Score=8
2025-04-30 15:34:14,086 - INFO - Extracted data for Kuldeep Yadav: Runs=4, 4s=2, 6s=0, Fantasy Score=14
2025-04-30 15:34:14,086 - INFO - Extracted data for Mohit Sharma: Runs=2, 4s=1, 6s=0, Fantasy Score=7
2025-04-30 15:34:14,086 - INFO - Found 0 batter rows
2025-04-30 15:34:14,087 - INFO - Found 9 batter rows
2025-04-30 15:34:14,087 - INFO - Extracted data for Faf du Plessis: Runs=2, 4s=0, 6s=0, Fantasy Score=2
2025-04-30 15:34:14,087 - INFO - Extracted data for Jake Fraser-McGurk: Runs=7, 4s=1, 6s=0, Fantasy Score=12
2025-04-30 15:34:14,087 - INFO - Extracted data for Abishek Porel: Runs=7, 4s=1, 6s=0, Fantasy Score=12
2025-04-30 15:34:14,087 - INFO - Extracted data for KL Rahul (wk): Runs=93, 4s=7, 6s=6, Fantasy Score=194
2025-04-30 15:34:14,087 - INFO - Extracted data for Axar Patel (c): Runs=15, 4s=2, 6s=0, Fantasy Score=25
2025-04-30 15:34:14,087 - INFO - Extracted data for Tristan Stubbs: Runs=38, 4s=4, 6s=1, Fantasy Score=69
2025-04-30 15:34:14,087 - WARNING - Incorrect number of columns in batter row. Expected at least 4, got 0 for NA
2025-04-30 15:34:14,087 - WARNING - Incorrect number of columns in batter row. Expected at least 4, got 0 for NA
2025-04-30 15:34:14,087 - WARNING - Incorrect number of columns in batter row. Expected at least 4, got 0 for Ashutosh Sharma
2025-04-30 15:34:14,088 - INFO - Found 6 batter rows
2025-04-30 15:34:14,088 - INFO - Extracted data for Bhuvneshwar Kumar: Runs=4, 4s=2, 6s=0, Fantasy Score=14
2025-04-30 15:34:14,088 - ERROR - Error parsing scorecard HTML: invalid literal for int() with base 10: '3.5'
2025-04-30 15:34:16,092 - INFO - Fetching scorecard link from: https://www.cricbuzz.com/cricket-scores/115113/csk-vs-kkr-25th-match-indian-premier-league-2025
2025-04-30 15:34:16,309 - INFO - Found scorecard link: https://www.cricbuzz.com/live-cricket-scorecard/115113/csk-vs-kkr-25th-match-indian-premier-league-2025
2025-04-30 15:34:16,309 - INFO - Processing scorecard for : https://www.cricbuzz.com/cricket-scores/115113/csk-vs-kkr-25th-match-indian-premier-league-2025
2025-04-30 15:34:16,309 - INFO - Scraping scorecard from: https://www.cricbuzz.com/live-cricket-scorecard/115113/csk-vs-kkr-25th-match-indian-premier-league-2025
2025-04-30 15:34:16,566 - INFO - Found 6 innings containers
2025-04-30 15:34:16,566 - INFO - Found 14 batter rows
2025-04-30 15:34:16,566 - INFO - Extracted data for Rachin Ravindra: Runs=4, 4s=0, 6s=0, Fantasy Score=4
2025-04-30 15:34:16,566 - INFO - Extracted data for Conway: Runs=12, 4s=2, 6s=0, Fantasy Score=22
2025-04-30 15:34:16,567 - INFO - Extracted data for Tripathi: Runs=16, 4s=1, 6s=0, Fantasy Score=21
2025-04-30 15:34:16,567 - INFO - Extracted data for Vijay Shankar: Runs=29, 4s=2, 6s=1, Fantasy Score=50
2025-04-30 15:34:16,567 - INFO - Extracted data for Shivam Dube: Runs=31, 4s=3, 6s=0, Fantasy Score=50
2025-04-30 15:34:16,567 - INFO - Extracted data for Ashwin: Runs=1, 4s=0, 6s=0, Fantasy Score=1
2025-04-30 15:34:16,567 - INFO - Extracted data for Ravindra Jadeja: Runs=0, 4s=0, 6s=0, Fantasy Score=-2
2025-04-30 15:34:16,567 - INFO - Extracted data for Deepak Hooda: Runs=0, 4s=0, 6s=0, Fantasy Score=-2
2025-04-30 15:34:16,567 - INFO - Extracted data for Dhoni (c & wk): Runs=1, 4s=0, 6s=0, Fantasy Score=1
2025-04-30 15:34:16,567 - INFO - Extracted data for Noor Ahmad: Runs=1, 4s=0, 6s=0, Fantasy Score=1
2025-04-30 15:34:16,567 - INFO - Extracted data for Anshul Kamboj: Runs=3, 4s=0, 6s=0, Fantasy Score=3
2025-04-30 15:34:16,567 - WARNING - Incorrect number of columns in batter row. Expected at least 4, got 0 for NA
2025-04-30 15:34:16,567 - WARNING - Incorrect number of columns in batter row. Expected at least 4, got 0 for NA
2025-04-30 15:34:16,568 - WARNING - Incorrect number of columns in batter row. Expected at least 4, got 0 for Khaleel Ahmed
2025-04-30 15:34:16,568 - INFO - Found 5 batter rows
2025-04-30 15:34:16,568 - INFO - Extracted data for Vaibhav Arora: Runs=4, 4s=1, 6s=0, Fantasy Score=9
2025-04-30 15:34:16,568 - INFO - Extracted data for Moeen: Runs=4, 4s=1, 6s=0, Fantasy Score=9
2025-04-30 15:34:16,568 - INFO - Extracted data for Harshit Rana: Runs=4, 4s=2, 6s=0, Fantasy Score=14
2025-04-30 15:34:16,568 - INFO - Extracted data for Varun Chakaravarthy: Runs=4, 4s=2, 6s=0, Fantasy Score=14
2025-04-30 15:34:16,568 - INFO - Extracted data for Narine: Runs=4, 4s=3, 6s=0, Fantasy Score=19
2025-04-30 15:34:16,568 - INFO - Found 0 batter rows
2025-04-30 15:34:16,569 - INFO - Found 7 batter rows
2025-04-30 15:34:16,569 - INFO - Extracted data for Quinton de Kock (wk): Runs=23, 4s=0, 6s=3, Fantasy Score=44
2025-04-30 15:34:16,569 - INFO - Extracted data for Sunil Narine: Runs=44, 4s=2, 6s=5, Fantasy Score=93
2025-04-30 15:34:16,569 - INFO - Extracted data for Ajinkya Rahane (c): Runs=20, 4s=1, 6s=1, Fantasy Score=32
2025-04-30 15:34:16,569 - INFO - Extracted data for Rinku Singh: Runs=15, 4s=1, 6s=1, Fantasy Score=27
2025-04-30 15:34:16,569 - WARNING - Incorrect number of columns in batter row. Expected at least 4, got 0 for NA
2025-04-30 15:34:16,569 - WARNING - Incorrect number of columns in batter row. Expected at least 4, got 0 for NA
2025-04-30 15:34:16,569 - WARNING - Incorrect number of columns in batter row. Expected at least 4, got 0 for Venkatesh Iyer
2025-04-30 15:34:16,569 - INFO - Found 5 batter rows
2025-04-30 15:34:16,569 - INFO - Extracted data for Khaleel Ahmed: Runs=3, 4s=0, 6s=0, Fantasy Score=3
2025-04-30 15:34:16,569 - INFO - Extracted data for Anshul Kamboj: Runs=2, 4s=1, 6s=1, Fantasy Score=14
2025-04-30 15:34:16,570 - INFO - Extracted data for Ravichandran Ashwin: Runs=3, 4s=0, 6s=0, Fantasy Score=3
2025-04-30 15:34:16,570 - INFO - Extracted data for Noor Ahmad: Runs=2, 4s=1, 6s=0, Fantasy Score=7
2025-04-30 15:34:16,570 - ERROR - Error parsing scorecard HTML: invalid literal for int() with base 10: '0.1'
2025-04-30 15:34:18,582 - INFO - Fetching scorecard link from: https://www.cricbuzz.com/cricket-scores/115122/gt-vs-lsg-26th-match-indian-premier-league-2025
2025-04-30 15:34:19,019 - INFO - Found scorecard link: https://www.cricbuzz.com/live-cricket-scorecard/115122/lsg-vs-gt-26th-match-indian-premier-league-2025
2025-04-30 15:34:19,019 - INFO - Processing scorecard for : https://www.cricbuzz.com/cricket-scores/115122/gt-vs-lsg-26th-match-indian-premier-league-2025
2025-04-30 15:34:19,020 - INFO - Scraping scorecard from: https://www.cricbuzz.com/live-cricket-scorecard/115122/lsg-vs-gt-26th-match-indian-premier-league-2025
2025-04-30 15:34:19,310 - INFO - Found 6 innings containers
2025-04-30 15:34:19,310 - INFO - Found 11 batter rows
2025-04-30 15:34:19,311 - INFO - Extracted data for Sai Sudharsan: Runs=56, 4s=7, 6s=1, Fantasy Score=110
2025-04-30 15:34:19,311 - INFO - Extracted data for Shubman Gill (c): Runs=60, 4s=6, 6s=1, Fantasy Score=109
2025-04-30 15:34:19,311 - INFO - Extracted data for Jos Buttler (wk): Runs=16, 4s=2, 6s=0, Fantasy Score=26
2025-04-30 15:34:19,311 - INFO - Extracted data for Washington Sundar: Runs=2, 4s=0, 6s=0, Fantasy Score=2
2025-04-30 15:34:19,311 - INFO - Extracted data for Sherfane Rutherford: Runs=22, 4s=3, 6s=0, Fantasy Score=37
2025-04-30 15:34:19,311 - INFO - Extracted data for Shahrukh Khan: Runs=11, 4s=0, 6s=1, Fantasy Score=18
2025-04-30 15:34:19,311 - INFO - Extracted data for Rahul Tewatia: Runs=0, 4s=0, 6s=0, Fantasy Score=-2
2025-04-30 15:34:19,311 - INFO - Extracted data for Rashid Khan: Runs=4, 4s=0, 6s=0, Fantasy Score=4
2025-04-30 15:34:19,311 - WARNING - Incorrect number of columns in batter row. Expected at least 4, got 0 for NA
2025-04-30 15:34:19,311 - WARNING - Incorrect number of columns in batter row. Expected at least 4, got 0 for NA
2025-04-30 15:34:19,311 - WARNING - Incorrect number of columns in batter row. Expected at least 4, got 0 for Arshad Khan
2025-04-30 15:34:19,312 - INFO - Found 6 batter rows
2025-04-30 15:34:19,312 - INFO - Extracted data for Thakur: Runs=4, 4s=2, 6s=0, Fantasy Score=14
2025-04-30 15:34:19,312 - INFO - Extracted data for Akash Deep: Runs=3, 4s=0, 6s=0, Fantasy Score=3
2025-04-30 15:34:19,312 - INFO - Extracted data for Digvesh Rathi: Runs=4, 4s=1, 6s=0, Fantasy Score=9
2025-04-30 15:34:19,312 - INFO - Extracted data for Avesh Khan: Runs=4, 4s=1, 6s=0, Fantasy Score=9
2025-04-30 15:34:19,312 - INFO - Extracted data for Ravi Bishnoi: Runs=4, 4s=2, 6s=0, Fantasy Score=14
2025-04-30 15:34:19,312 - INFO - Extracted data for Markram: Runs=1, 4s=0, 6s=0, Fantasy Score=1
2025-04-30 15:34:19,312 - INFO - Found 0 batter rows
2025-04-30 15:34:19,313 - INFO - Found 9 batter rows
2025-04-30 15:34:19,313 - INFO - Extracted data for Aiden Markram: Runs=58, 4s=9, 6s=1, Fantasy Score=122
2025-04-30 15:34:19,313 - INFO - Extracted data for Rishabh Pant (c & wk): Runs=21, 4s=4, 6s=0, Fantasy Score=41
2025-04-30 15:34:19,313 - INFO - Extracted data for Nicholas Pooran: Runs=61, 4s=1, 6s=7, Fantasy Score=127
2025-04-30 15:34:19,313 - INFO - Extracted data for Ayush Badoni: Runs=28, 4s=2, 6s=1, Fantasy Score=49
2025-04-30 15:34:19,313 - INFO - Extracted data for David Miller: Runs=7, 4s=0, 6s=0, Fantasy Score=7
2025-04-30 15:34:19,313 - INFO - Extracted data for Abdul Samad: Runs=2, 4s=0, 6s=0, Fantasy Score=2
2025-04-30 15:34:19,313 - WARNING - Incorrect number of columns in batter row. Expected at least 4, got 0 for NA
2025-04-30 15:34:19,313 - WARNING - Incorrect number of columns in batter row. Expected at least 4, got 0 for NA
2025-04-30 15:34:19,313 - WARNING - Incorrect number of columns in batter row. Expected at least 4, got 0 for Himmat Singh
2025-04-30 15:34:19,314 - INFO - Found 6 batter rows
2025-04-30 15:34:19,314 - INFO - Extracted data for Mohammed Siraj: Runs=4, 4s=0, 6s=0, Fantasy Score=4
2025-04-30 15:34:19,314 - INFO - Extracted data for Arshad Khan: Runs=2, 4s=0, 6s=0, Fantasy Score=2
2025-04-30 15:34:19,314 - INFO - Extracted data for Prasidh Krishna: Runs=4, 4s=2, 6s=0, Fantasy Score=14
2025-04-30 15:34:19,314 - INFO - Extracted data for Rashid Khan: Runs=4, 4s=1, 6s=0, Fantasy Score=9
2025-04-30 15:34:19,314 - INFO - Extracted data for Washington Sundar: Runs=4, 4s=1, 6s=0, Fantasy Score=9
2025-04-30 15:34:19,314 - ERROR - Error parsing scorecard HTML: invalid literal for int() with base 10: '1.3'
2025-04-30 15:34:21,328 - INFO - Fetching scorecard link from: https://www.cricbuzz.com/cricket-scores/115129/pbks-vs-srh-27th-match-indian-premier-league-2025
2025-04-30 15:34:21,606 - INFO - Found scorecard link: https://www.cricbuzz.com/live-cricket-scorecard/115129/srh-vs-pbks-27th-match-indian-premier-league-2025
2025-04-30 15:34:21,606 - INFO - Processing scorecard for : https://www.cricbuzz.com/cricket-scores/115129/pbks-vs-srh-27th-match-indian-premier-league-2025
2025-04-30 15:34:21,606 - INFO - Scraping scorecard from: https://www.cricbuzz.com/live-cricket-scorecard/115129/srh-vs-pbks-27th-match-indian-premier-league-2025
2025-04-30 15:34:21,838 - INFO - Found 6 innings containers
2025-04-30 15:34:21,839 - INFO - Found 11 batter rows
2025-04-30 15:34:21,839 - INFO - Extracted data for Priyansh Arya: Runs=36, 4s=2, 6s=4, Fantasy Score=78
2025-04-30 15:34:21,839 - INFO - Extracted data for Prabhsimran (wk): Runs=42, 4s=7, 6s=1, Fantasy Score=88
2025-04-30 15:34:21,839 - INFO - Extracted data for Shreyas Iyer (c): Runs=82, 4s=6, 6s=6, Fantasy Score=178
2025-04-30 15:34:21,839 - INFO - Extracted data for Nehal Wadhera: Runs=27, 4s=2, 6s=1, Fantasy Score=48
2025-04-30 15:34:21,839 - INFO - Extracted data for Shashank Singh: Runs=2, 4s=0, 6s=0, Fantasy Score=2
2025-04-30 15:34:21,839 - INFO - Extracted data for Maxwell: Runs=3, 4s=0, 6s=0, Fantasy Score=3
2025-04-30 15:34:21,839 - INFO - Extracted data for Stoinis: Runs=34, 4s=1, 6s=4, Fantasy Score=71
2025-04-30 15:34:21,840 - INFO - Extracted data for Marco Jansen: Runs=5, 4s=0, 6s=0, Fantasy Score=5
2025-04-30 15:34:21,840 - WARNING - Incorrect number of columns in batter row. Expected at least 4, got 0 for NA
2025-04-30 15:34:21,840 - WARNING - Incorrect number of columns in batter row. Expected at least 4, got 0 for NA
2025-04-30 15:34:21,840 - WARNING - Incorrect number of columns in batter row. Expected at least 4, got 0 for Chahal
2025-04-30 15:34:21,840 - INFO - Found 5 batter rows
2025-04-30 15:34:21,840 - INFO - Extracted data for Shami: Runs=4, 4s=0, 6s=0, Fantasy Score=4
2025-04-30 15:34:21,840 - INFO - Extracted data for Cummins (c): Runs=4, 4s=0, 6s=0, Fantasy Score=4
2025-04-30 15:34:21,840 - INFO - Extracted data for Harshal Patel: Runs=4, 4s=4, 6s=0, Fantasy Score=24
2025-04-30 15:34:21,840 - INFO - Extracted data for Eshan Malinga: Runs=4, 4s=2, 6s=0, Fantasy Score=14
2025-04-30 15:34:21,840 - INFO - Extracted data for Zeeshan Ansari: Runs=4, 4s=0, 6s=0, Fantasy Score=4
2025-04-30 15:34:21,841 - INFO - Found 0 batter rows
2025-04-30 15:34:21,841 - INFO - Found 7 batter rows
2025-04-30 15:34:21,841 - INFO - Extracted data for Travis Head: Runs=66, 4s=9, 6s=3, Fantasy Score=144
2025-04-30 15:34:21,841 - INFO - Extracted data for Abhishek Sharma: Runs=141, 4s=14, 6s=10, Fantasy Score=321
2025-04-30 15:34:21,841 - INFO - Extracted data for Heinrich Klaasen (wk): Runs=21, 4s=2, 6s=1, Fantasy Score=38
2025-04-30 15:34:21,841 - INFO - Extracted data for Ishan Kishan: Runs=9, 4s=1, 6s=0, Fantasy Score=14
2025-04-30 15:34:21,841 - WARNING - Incorrect number of columns in batter row. Expected at least 4, got 0 for NA
2025-04-30 15:34:21,841 - WARNING - Incorrect number of columns in batter row. Expected at least 4, got 0 for NA
2025-04-30 15:34:21,841 - WARNING - Incorrect number of columns in batter row. Expected at least 4, got 0 for Nitish Kumar Reddy
2025-04-30 15:34:21,842 - INFO - Found 8 batter rows
2025-04-30 15:34:21,842 - INFO - Extracted data for Arshdeep Singh: Runs=4, 4s=1, 6s=0, Fantasy Score=9
2025-04-30 15:34:21,842 - INFO - Extracted data for Marco Jansen: Runs=2, 4s=0, 6s=0, Fantasy Score=2
2025-04-30 15:34:21,842 - ERROR - Error parsing scorecard HTML: invalid literal for int() with base 10: '2.3'
2025-04-30 15:34:23,849 - INFO - Fetching scorecard link from: https://www.cricbuzz.com/cricket-scores/115138/rr-vs-rcb-28th-match-indian-premier-league-2025
2025-04-30 15:34:25,398 - INFO - Found scorecard link: https://www.cricbuzz.com/live-cricket-scorecard/115138/rr-vs-rcb-28th-match-indian-premier-league-2025
2025-04-30 15:34:25,398 - INFO - Processing scorecard for : https://www.cricbuzz.com/cricket-scores/115138/rr-vs-rcb-28th-match-indian-premier-league-2025
2025-04-30 15:34:25,398 - INFO - Scraping scorecard from: https://www.cricbuzz.com/live-cricket-scorecard/115138/rr-vs-rcb-28th-match-indian-premier-league-2025
2025-04-30 15:34:25,695 - INFO - Found 6 innings containers
2025-04-30 15:34:25,695 - INFO - Found 9 batter rows
2025-04-30 15:34:25,695 - INFO - Extracted data for Yashasvi Jaiswal: Runs=75, 4s=10, 6s=2, Fantasy Score=163
2025-04-30 15:34:25,695 - INFO - Extracted data for Samson (c & wk): Runs=15, 4s=1, 6s=0, Fantasy Score=20
2025-04-30 15:34:25,695 - INFO - Extracted data for Riyan Parag: Runs=30, 4s=3, 6s=1, Fantasy Score=56
2025-04-30 15:34:25,695 - INFO - Extracted data for Dhruv Jurel: Runs=35, 4s=2, 6s=2, Fantasy Score=63
2025-04-30 15:34:25,695 - INFO - Extracted data for Hetmyer: Runs=9, 4s=1, 6s=0, Fantasy Score=14
2025-04-30 15:34:25,695 - INFO - Extracted data for Nitish Rana: Runs=4, 4s=1, 6s=0, Fantasy Score=9
2025-04-30 15:34:25,696 - WARNING - Incorrect number of columns in batter row. Expected at least 4, got 0 for NA
2025-04-30 15:34:25,696 - WARNING - Incorrect number of columns in batter row. Expected at least 4, got 0 for NA
2025-04-30 15:34:25,696 - WARNING - Incorrect number of columns in batter row. Expected at least 4, got 0 for W Hasaranga
2025-04-30 15:34:25,696 - INFO - Found 6 batter rows
2025-04-30 15:34:25,696 - INFO - Extracted data for Bhuvneshwar: Runs=4, 4s=1, 6s=0, Fantasy Score=9
2025-04-30 15:34:25,696 - INFO - Extracted data for Yash Dayal: Runs=4, 4s=1, 6s=0, Fantasy Score=9
2025-04-30 15:34:25,696 - INFO - Extracted data for Hazlewood: Runs=3, 4s=1, 6s=0, Fantasy Score=8
2025-04-30 15:34:25,696 - INFO - Extracted data for Krunal Pandya: Runs=4, 4s=1, 6s=0, Fantasy Score=9
2025-04-30 15:34:25,696 - INFO - Extracted data for Livingstone: Runs=1, 4s=0, 6s=0, Fantasy Score=1
2025-04-30 15:34:25,697 - INFO - Extracted data for Suyash Sharma: Runs=4, 4s=0, 6s=0, Fantasy Score=4
2025-04-30 15:34:25,697 - INFO - Found 0 batter rows
2025-04-30 15:34:25,697 - INFO - Found 6 batter rows
2025-04-30 15:34:25,697 - INFO - Extracted data for Philip Salt: Runs=65, 4s=5, 6s=6, Fantasy Score=144
2025-04-30 15:34:25,697 - INFO - Extracted data for Virat Kohli: Runs=62, 4s=4, 6s=2, Fantasy Score=108
2025-04-30 15:34:25,697 - INFO - Extracted data for Devdutt Padikkal: Runs=40, 4s=5, 6s=1, Fantasy Score=76
2025-04-30 15:34:25,697 - WARNING - Incorrect number of columns in batter row. Expected at least 4, got 0 for NA
2025-04-30 15:34:25,697 - WARNING - Incorrect number of columns in batter row. Expected at least 4, got 0 for NA
2025-04-30 15:34:25,697 - WARNING - Incorrect number of columns in batter row. Expected at least 4, got 0 for Rajat Patidar (c)
2025-04-30 15:34:25,698 - INFO - Found 7 batter rows
2025-04-30 15:34:25,698 - INFO - Extracted data for Jofra Archer: Runs=4, 4s=0, 6s=1, Fantasy Score=11
2025-04-30 15:34:25,698 - INFO - Extracted data for Tushar Deshpande: Runs=2, 4s=0, 6s=0, Fantasy Score=2
2025-04-30 15:34:25,698 - ERROR - Error parsing scorecard HTML: invalid literal for int() with base 10: '2.3'
2025-04-30 15:34:27,712 - INFO - Fetching scorecard link from: https://www.cricbuzz.com/cricket-scores/115140/mi-vs-dc-29th-match-indian-premier-league-2025
2025-04-30 15:34:28,229 - INFO - Found scorecard link: https://www.cricbuzz.com/live-cricket-scorecard/115140/dc-vs-mi-29th-match-indian-premier-league-2025
2025-04-30 15:34:28,229 - INFO - Processing scorecard for : https://www.cricbuzz.com/cricket-scores/115140/mi-vs-dc-29th-match-indian-premier-league-2025
2025-04-30 15:34:28,229 - INFO - Scraping scorecard from: https://www.cricbuzz.com/live-cricket-scorecard/115140/dc-vs-mi-29th-match-indian-premier-league-2025
2025-04-30 15:34:28,448 - INFO - Found 6 innings containers
2025-04-30 15:34:28,448 - INFO - Found 10 batter rows
2025-04-30 15:34:28,449 - INFO - Extracted data for Rohit: Runs=18, 4s=2, 6s=1, Fantasy Score=35
2025-04-30 15:34:28,449 - INFO - Extracted data for Rickelton (wk): Runs=41, 4s=5, 6s=2, Fantasy Score=84
2025-04-30 15:34:28,449 - INFO - Extracted data for Suryakumar Yadav: Runs=40, 4s=5, 6s=2, Fantasy Score=83
2025-04-30 15:34:28,449 - INFO - Extracted data for Tilak Varma: Runs=59, 4s=6, 6s=3, Fantasy Score=122
2025-04-30 15:34:28,449 - INFO - Extracted data for Hardik Pandya (c): Runs=2, 4s=0, 6s=0, Fantasy Score=2
2025-04-30 15:34:28,449 - INFO - Extracted data for Naman Dhir: Runs=38, 4s=3, 6s=2, Fantasy Score=71
2025-04-30 15:34:28,449 - INFO - Extracted data for Will Jacks: Runs=1, 4s=0, 6s=0, Fantasy Score=1
2025-04-30 15:34:28,449 - WARNING - Incorrect number of columns in batter row. Expected at least 4, got 0 for NA
2025-04-30 15:34:28,449 - WARNING - Incorrect number of columns in batter row. Expected at least 4, got 0 for NA
2025-04-30 15:34:28,449 - WARNING - Incorrect number of columns in batter row. Expected at least 4, got 0 for Santner
2025-04-30 15:34:28,450 - INFO - Found 6 batter rows
2025-04-30 15:34:28,450 - INFO - Extracted data for Mitchell Starc: Runs=3, 4s=0, 6s=0, Fantasy Score=3
2025-04-30 15:34:28,450 - INFO - Extracted data for Mukesh Kumar: Runs=4, 4s=1, 6s=0, Fantasy Score=9
2025-04-30 15:34:28,450 - INFO - Extracted data for Vipraj Nigam: Runs=4, 4s=2, 6s=0, Fantasy Score=14
2025-04-30 15:34:28,450 - INFO - Extracted data for Kuldeep Yadav: Runs=4, 4s=2, 6s=0, Fantasy Score=14
2025-04-30 15:34:28,450 - INFO - Extracted data for Axar (c): Runs=2, 4s=0, 6s=0, Fantasy Score=2
2025-04-30 15:34:28,450 - INFO - Extracted data for Mohit Sharma: Runs=3, 4s=0, 6s=0, Fantasy Score=3
2025-04-30 15:34:28,450 - INFO - Found 0 batter rows
2025-04-30 15:34:28,451 - INFO - Found 14 batter rows
2025-04-30 15:34:28,451 - INFO - Extracted data for Jake Fraser-McGurk: Runs=0, 4s=0, 6s=0, Fantasy Score=-2
2025-04-30 15:34:28,451 - INFO - Extracted data for Abishek Porel: Runs=33, 4s=3, 6s=1, Fantasy Score=59
2025-04-30 15:34:28,451 - INFO - Extracted data for Karun Nair: Runs=89, 4s=12, 6s=5, Fantasy Score=208
2025-04-30 15:34:28,451 - INFO - Extracted data for KL Rahul (wk): Runs=15, 4s=1, 6s=0, Fantasy Score=20
2025-04-30 15:34:28,451 - INFO - Extracted data for Axar Patel (c): Runs=9, 4s=2, 6s=0, Fantasy Score=19
2025-04-30 15:34:28,451 - INFO - Extracted data for Tristan Stubbs: Runs=1, 4s=0, 6s=0, Fantasy Score=1
2025-04-30 15:34:28,452 - INFO - Extracted data for Ashutosh Sharma: Runs=17, 4s=2, 6s=0, Fantasy Score=27
2025-04-30 15:34:28,452 - INFO - Extracted data for Vipraj Nigam: Runs=14, 4s=1, 6s=1, Fantasy Score=26
2025-04-30 15:34:28,452 - INFO - Extracted data for Mitchell Starc: Runs=1, 4s=0, 6s=0, Fantasy Score=1
2025-04-30 15:34:28,452 - INFO - Extracted data for Kuldeep Yadav: Runs=1, 4s=0, 6s=0, Fantasy Score=1
2025-04-30 15:34:28,452 - INFO - Extracted data for Mohit Sharma: Runs=0, 4s=0, 6s=0, Fantasy Score=-2
2025-04-30 15:34:28,452 - WARNING - Incorrect number of columns in batter row. Expected at least 4, got 0 for NA
2025-04-30 15:34:28,452 - WARNING - Incorrect number of columns in batter row. Expected at least 4, got 0 for NA
2025-04-30 15:34:28,452 - WARNING - Incorrect number of columns in batter row. Expected at least 4, got 0 for Mukesh Kumar
2025-04-30 15:34:28,452 - INFO - Found 6 batter rows
2025-04-30 15:34:28,452 - INFO - Extracted data for Deepak Chahar: Runs=3, 4s=1, 6s=0, Fantasy Score=8
2025-04-30 15:34:28,453 - INFO - Extracted data for Trent Boult: Runs=2, 4s=0, 6s=0, Fantasy Score=2
2025-04-30 15:34:28,453 - INFO - Extracted data for Jasprit Bumrah: Runs=4, 4s=1, 6s=0, Fantasy Score=9
2025-04-30 15:34:28,453 - INFO - Extracted data for Mitchell Santner: Runs=4, 4s=2, 6s=0, Fantasy Score=14
2025-04-30 15:34:28,453 - INFO - Extracted data for Hardik Pandya (c): Runs=2, 4s=0, 6s=0, Fantasy Score=2
2025-04-30 15:34:28,453 - INFO - Extracted data for Karn Sharma: Runs=4, 4s=3, 6s=0, Fantasy Score=19
2025-04-30 15:34:28,453 - INFO - Found 0 batter rows
2025-04-30 15:34:28,453 - INFO - Saving batting data to CSV file: batting_Fantasy.csv, write_header=False
2025-04-30 15:34:28,454 - INFO - Successfully saved batting data to batting_Fantasy.csv
2025-04-30 15:34:30,462 - INFO - Fetching scorecard link from: https://www.cricbuzz.com/cricket-scores/115149/lsg-vs-csk-30th-match-indian-premier-league-2025
2025-04-30 15:34:30,709 - INFO - Found scorecard link: https://www.cricbuzz.com/live-cricket-scorecard/115149/lsg-vs-csk-30th-match-indian-premier-league-2025
2025-04-30 15:34:30,710 - INFO - Processing scorecard for : https://www.cricbuzz.com/cricket-scores/115149/lsg-vs-csk-30th-match-indian-premier-league-2025
2025-04-30 15:34:30,710 - INFO - Scraping scorecard from: https://www.cricbuzz.com/live-cricket-scorecard/115149/lsg-vs-csk-30th-match-indian-premier-league-2025
2025-04-30 15:34:31,000 - INFO - Found 6 innings containers
2025-04-30 15:34:31,001 - INFO - Found 11 batter rows
2025-04-30 15:34:31,001 - INFO - Extracted data for Markram: Runs=6, 4s=1, 6s=0, Fantasy Score=11
2025-04-30 15:34:31,001 - INFO - Extracted data for Mitchell Marsh: Runs=30, 4s=2, 6s=2, Fantasy Score=58
2025-04-30 15:34:31,001 - INFO - Extracted data for Pooran: Runs=8, 4s=2, 6s=0, Fantasy Score=18
2025-04-30 15:34:31,001 - INFO - Extracted data for Pant (c & wk): Runs=63, 4s=4, 6s=4, Fantasy Score=123
2025-04-30 15:34:31,001 - INFO - Extracted data for Ayush Badoni: Runs=22, 4s=1, 6s=2, Fantasy Score=41
2025-04-30 15:34:31,001 - INFO - Extracted data for Abdul Samad: Runs=20, 4s=0, 6s=2, Fantasy Score=34
2025-04-30 15:34:31,002 - INFO - Extracted data for David Miller: Runs=0, 4s=0, 6s=0, Fantasy Score=-2
2025-04-30 15:34:31,002 - INFO - Extracted data for Thakur: Runs=6, 4s=1, 6s=0, Fantasy Score=11
2025-04-30 15:34:31,002 - WARNING - Incorrect number of columns in batter row. Expected at least 4, got 0 for NA
2025-04-30 15:34:31,002 - WARNING - Incorrect number of columns in batter row. Expected at least 4, got 0 for NA
2025-04-30 15:34:31,002 - WARNING - Incorrect number of columns in batter row. Expected at least 4, got 0 for Avesh Khan
2025-04-30 15:34:31,002 - INFO - Found 6 batter rows
2025-04-30 15:34:31,002 - INFO - Extracted data for Khaleel Ahmed: Runs=4, 4s=1, 6s=0, Fantasy Score=9
2025-04-30 15:34:31,003 - INFO - Extracted data for Anshul Kamboj: Runs=3, 4s=1, 6s=0, Fantasy Score=8
2025-04-30 15:34:31,003 - INFO - Extracted data for Jamie Overton: Runs=2, 4s=0, 6s=0, Fantasy Score=2
2025-04-30 15:34:31,003 - INFO - Extracted data for Ravindra Jadeja: Runs=3, 4s=2, 6s=0, Fantasy Score=13
2025-04-30 15:34:31,003 - INFO - Extracted data for Noor Ahmad: Runs=4, 4s=0, 6s=0, Fantasy Score=4
2025-04-30 15:34:31,003 - INFO - Extracted data for Matheesha Pathirana: Runs=4, 4s=2, 6s=1, Fantasy Score=21
2025-04-30 15:34:31,003 - INFO - Found 0 batter rows
2025-04-30 15:34:31,003 - INFO - Found 10 batter rows
2025-04-30 15:34:31,004 - INFO - Extracted data for Shaik Rasheed: Runs=27, 4s=6, 6s=0, Fantasy Score=61
2025-04-30 15:34:31,004 - INFO - Extracted data for Rachin Ravindra: Runs=37, 4s=5, 6s=0, Fantasy Score=66
2025-04-30 15:34:31,004 - INFO - Extracted data for Rahul Tripathi: Runs=9, 4s=1, 6s=0, Fantasy Score=14
2025-04-30 15:34:31,004 - INFO - Extracted data for Ravindra Jadeja: Runs=7, 4s=0, 6s=0, Fantasy Score=7
2025-04-30 15:34:31,004 - INFO - Extracted data for Shivam Dube: Runs=43, 4s=3, 6s=2, Fantasy Score=76
2025-04-30 15:34:31,004 - INFO - Extracted data for Vijay Shankar: Runs=9, 4s=1, 6s=0, Fantasy Score=14
2025-04-30 15:34:31,004 - INFO - Extracted data for MS Dhoni (c & wk): Runs=26, 4s=4, 6s=1, Fantasy Score=57
2025-04-30 15:34:31,004 - WARNING - Incorrect number of columns in batter row. Expected at least 4, got 0 for NA
2025-04-30 15:34:31,004 - WARNING - Incorrect number of columns in batter row. Expected at least 4, got 0 for NA
2025-04-30 15:34:31,004 - WARNING - Incorrect number of columns in batter row. Expected at least 4, got 0 for Jamie Overton
2025-04-30 15:34:31,005 - INFO - Found 6 batter rows
2025-04-30 15:34:31,005 - INFO - Extracted data for Shardul Thakur: Runs=4, 4s=0, 6s=1, Fantasy Score=11
2025-04-30 15:34:31,005 - INFO - Extracted data for Akash Deep: Runs=1, 4s=0, 6s=0, Fantasy Score=1
2025-04-30 15:34:31,005 - INFO - Extracted data for Digvesh Singh Rathi: Runs=4, 4s=1, 6s=0, Fantasy Score=9
2025-04-30 15:34:31,005 - ERROR - Error parsing scorecard HTML: invalid literal for int() with base 10: '3.3'
2025-04-30 15:34:33,019 - INFO - Fetching scorecard link from: https://www.cricbuzz.com/cricket-scores/115156/pbks-vs-kkr-31st-match-indian-premier-league-2025
2025-04-30 15:34:33,296 - INFO - Found scorecard link: https://www.cricbuzz.com/live-cricket-scorecard/115156/pbks-vs-kkr-31st-match-indian-premier-league-2025
2025-04-30 15:34:33,296 - INFO - Processing scorecard for : https://www.cricbuzz.com/cricket-scores/115156/pbks-vs-kkr-31st-match-indian-premier-league-2025
2025-04-30 15:34:33,296 - INFO - Scraping scorecard from: https://www.cricbuzz.com/live-cricket-scorecard/115156/pbks-vs-kkr-31st-match-indian-premier-league-2025
2025-04-30 15:34:33,536 - INFO - Found 6 innings containers
2025-04-30 15:34:33,537 - INFO - Found 14 batter rows
2025-04-30 15:34:33,537 - INFO - Extracted data for Priyansh Arya: Runs=22, 4s=3, 6s=1, Fantasy Score=44
2025-04-30 15:34:33,537 - INFO - Extracted data for Prabhsimran: Runs=30, 4s=2, 6s=3, Fantasy Score=65
2025-04-30 15:34:33,537 - INFO - Extracted data for Shreyas Iyer (c): Runs=0, 4s=0, 6s=0, Fantasy Score=-2
2025-04-30 15:34:33,537 - INFO - Extracted data for Josh Inglis (wk): Runs=2, 4s=0, 6s=0, Fantasy Score=2
2025-04-30 15:34:33,537 - INFO - Extracted data for Nehal Wadhera: Runs=10, 4s=2, 6s=0, Fantasy Score=20
2025-04-30 15:34:33,537 - INFO - Extracted data for Maxwell: Runs=7, 4s=1, 6s=0, Fantasy Score=12
2025-04-30 15:34:33,537 - INFO - Extracted data for Suryansh Shedge: Runs=4, 4s=0, 6s=0, Fantasy Score=4
2025-04-30 15:34:33,538 - INFO - Extracted data for Shashank Singh: Runs=18, 4s=1, 6s=1, Fantasy Score=30
2025-04-30 15:34:33,538 - INFO - Extracted data for Marco Jansen: Runs=1, 4s=0, 6s=0, Fantasy Score=1
2025-04-30 15:34:33,538 - INFO - Extracted data for Xavier Bartlett: Runs=11, 4s=1, 6s=0, Fantasy Score=16
2025-04-30 15:34:33,538 - INFO - Extracted data for Arshdeep Singh: Runs=1, 4s=0, 6s=0, Fantasy Score=1
2025-04-30 15:34:33,538 - WARNING - Incorrect number of columns in batter row. Expected at least 4, got 0 for NA
2025-04-30 15:34:33,538 - WARNING - Incorrect number of columns in batter row. Expected at least 4, got 0 for NA
2025-04-30 15:34:33,538 - WARNING - Incorrect number of columns in batter row. Expected at least 4, got 0 for Chahal
2025-04-30 15:34:33,538 - INFO - Found 5 batter rows
2025-04-30 15:34:33,538 - ERROR - Error parsing scorecard HTML: invalid literal for int() with base 10: '2.3'
2025-04-30 15:34:35,548 - INFO - Fetching scorecard link from: https://www.cricbuzz.com/cricket-scores/115165/dc-vs-rr-32nd-match-indian-premier-league-2025
2025-04-30 15:34:35,836 - INFO - Found scorecard link: https://www.cricbuzz.com/live-cricket-scorecard/115165/dc-vs-rr-32nd-match-indian-premier-league-2025
2025-04-30 15:34:35,836 - INFO - Processing scorecard for : https://www.cricbuzz.com/cricket-scores/115165/dc-vs-rr-32nd-match-indian-premier-league-2025
2025-04-30 15:34:35,836 - INFO - Scraping scorecard from: https://www.cricbuzz.com/live-cricket-scorecard/115165/dc-vs-rr-32nd-match-indian-premier-league-2025
2025-04-30 15:34:36,143 - INFO - Found 6 innings containers
2025-04-30 15:34:36,144 - INFO - Found 10 batter rows
2025-04-30 15:34:36,144 - INFO - Extracted data for Jake Fraser-McGurk: Runs=9, 4s=2, 6s=0, Fantasy Score=19
2025-04-30 15:34:36,144 - INFO - Extracted data for Abishek Porel: Runs=49, 4s=5, 6s=1, Fantasy Score=85
2025-04-30 15:34:36,144 - INFO - Extracted data for Karun Nair: Runs=0, 4s=0, 6s=0, Fantasy Score=-2
2025-04-30 15:34:36,144 - INFO - Extracted data for Rahul (wk): Runs=38, 4s=2, 6s=2, Fantasy Score=66
2025-04-30 15:34:36,144 - INFO - Extracted data for Stubbs: Runs=34, 4s=2, 6s=2, Fantasy Score=62
2025-04-30 15:34:36,144 - INFO - Extracted data for Axar (c): Runs=34, 4s=4, 6s=2, Fantasy Score=72
2025-04-30 15:34:36,144 - INFO - Extracted data for Ashutosh Sharma: Runs=15, 4s=2, 6s=0, Fantasy Score=25
2025-04-30 15:34:36,144 - WARNING - Incorrect number of columns in batter row. Expected at least 4, got 0 for NA
2025-04-30 15:34:36,145 - WARNING - Incorrect number of columns in batter row. Expected at least 4, got 0 for NA
2025-04-30 15:34:36,145 - WARNING - Incorrect number of columns in batter row. Expected at least 4, got 0 for Vipraj Nigam
2025-04-30 15:34:36,145 - INFO - Found 6 batter rows
2025-04-30 15:34:36,145 - INFO - Extracted data for Jofra Archer: Runs=4, 4s=2, 6s=0, Fantasy Score=14
2025-04-30 15:34:36,145 - INFO - Extracted data for Tushar Deshpande: Runs=3, 4s=0, 6s=0, Fantasy Score=3
2025-04-30 15:34:36,145 - INFO - Extracted data for Sandeep Sharma: Runs=4, 4s=0, 6s=1, Fantasy Score=11
2025-04-30 15:34:36,145 - INFO - Extracted data for M Theekshana: Runs=4, 4s=1, 6s=0, Fantasy Score=9
2025-04-30 15:34:36,145 - INFO - Extracted data for W Hasaranga: Runs=4, 4s=1, 6s=0, Fantasy Score=9
2025-04-30 15:34:36,145 - INFO - Extracted data for Riyan Parag: Runs=1, 4s=0, 6s=0, Fantasy Score=1
2025-04-30 15:34:36,145 - INFO - Found 0 batter rows
2025-04-30 15:34:36,146 - INFO - Found 9 batter rows
2025-04-30 15:34:36,146 - INFO - Extracted data for Yashasvi Jaiswal: Runs=51, 4s=3, 6s=4, Fantasy Score=106
2025-04-30 15:34:36,146 - INFO - Extracted data for Sanju Samson (c & wk): Runs=31, 4s=2, 6s=3, Fantasy Score=66
2025-04-30 15:34:36,146 - INFO - Extracted data for Riyan Parag: Runs=8, 4s=1, 6s=0, Fantasy Score=13
2025-04-30 15:34:36,146 - INFO - Extracted data for Nitish Rana: Runs=51, 4s=6, 6s=2, Fantasy Score=107
2025-04-30 15:34:36,146 - INFO - Extracted data for Dhruv Jurel: Runs=26, 4s=0, 6s=2, Fantasy Score=44
2025-04-30 15:34:36,146 - INFO - Extracted data for Shimron Hetmyer: Runs=15, 4s=1, 6s=0, Fantasy Score=20
2025-04-30 15:34:36,146 - WARNING - Incorrect number of columns in batter row. Expected at least 4, got 0 for NA
2025-04-30 15:34:36,147 - WARNING - Incorrect number of columns in batter row. Expected at least 4, got 0 for NA
2025-04-30 15:34:36,147 - WARNING - Incorrect number of columns in batter row. Expected at least 4, got 0 for Wanindu Hasaranga
2025-04-30 15:34:36,147 - INFO - Found 7 batter rows
2025-04-30 15:34:36,147 - INFO - Extracted data for Mitchell Starc: Runs=4, 4s=1, 6s=0, Fantasy Score=9
2025-04-30 15:34:36,147 - INFO - Extracted data for Mukesh Kumar: Runs=3, 4s=0, 6s=0, Fantasy Score=3
2025-04-30 15:34:36,147 - INFO - Extracted data for Mohit Sharma: Runs=4, 4s=0, 6s=0, Fantasy Score=4
2025-04-30 15:34:36,147 - INFO - Extracted data for Vipraj Nigam: Runs=1, 4s=0, 6s=1, Fantasy Score=8
2025-04-30 15:34:36,147 - INFO - Extracted data for Axar Patel (c): Runs=3, 4s=1, 6s=0, Fantasy Score=8
2025-04-30 15:34:36,147 - INFO - Extracted data for Kuldeep Yadav: Runs=4, 4s=1, 6s=0, Fantasy Score=9
2025-04-30 15:34:36,148 - INFO - Extracted data for Tristan Stubbs: Runs=1, 4s=0, 6s=0, Fantasy Score=1
2025-04-30 15:34:36,148 - INFO - Found 0 batter rows
2025-04-30 15:34:36,148 - INFO - Saving batting data to CSV file: batting_Fantasy.csv, write_header=False
2025-04-30 15:34:36,148 - INFO - Successfully saved batting data to batting_Fantasy.csv
2025-04-30 15:34:38,160 - INFO - Fetching scorecard link from: https://www.cricbuzz.com/cricket-scores/115167/srh-vs-mi-33rd-match-indian-premier-league-2025
2025-04-30 15:34:38,776 - INFO - Found scorecard link: https://www.cricbuzz.com/live-cricket-scorecard/115167/mi-vs-srh-33rd-match-indian-premier-league-2025
2025-04-30 15:34:38,776 - INFO - Processing scorecard for : https://www.cricbuzz.com/cricket-scores/115167/srh-vs-mi-33rd-match-indian-premier-league-2025
2025-04-30 15:34:38,776 - INFO - Scraping scorecard from: https://www.cricbuzz.com/live-cricket-scorecard/115167/mi-vs-srh-33rd-match-indian-premier-league-2025
2025-04-30 15:34:39,110 - INFO - Found 6 innings containers
2025-04-30 15:34:39,111 - INFO - Found 10 batter rows
2025-04-30 15:34:39,111 - INFO - Extracted data for Abhishek Sharma: Runs=40, 4s=7, 6s=0, Fantasy Score=79
2025-04-30 15:34:39,111 - INFO - Extracted data for Head: Runs=28, 4s=3, 6s=0, Fantasy Score=47
2025-04-30 15:34:39,111 - INFO - Extracted data for Ishan Kishan: Runs=2, 4s=0, 6s=0, Fantasy Score=2
2025-04-30 15:34:39,111 - INFO - Extracted data for Nitish Reddy: Runs=19, 4s=1, 6s=0, Fantasy Score=24
2025-04-30 15:34:39,111 - INFO - Extracted data for Klaasen (wk): Runs=37, 4s=3, 6s=2, Fantasy Score=70
2025-04-30 15:34:39,111 - INFO - Extracted data for Aniket Verma: Runs=18, 4s=0, 6s=2, Fantasy Score=32
2025-04-30 15:34:39,111 - INFO - Extracted data for Cummins (c): Runs=8, 4s=0, 6s=1, Fantasy Score=15
2025-04-30 15:34:39,112 - WARNING - Incorrect number of columns in batter row. Expected at least 4, got 0 for NA
2025-04-30 15:34:39,112 - WARNING - Incorrect number of columns in batter row. Expected at least 4, got 0 for NA
2025-04-30 15:34:39,112 - WARNING - Incorrect number of columns in batter row. Expected at least 4, got 0 for Harshal Patel
2025-04-30 15:34:39,112 - INFO - Found 6 batter rows
2025-04-30 15:34:39,112 - INFO - Extracted data for D Chahar: Runs=4, 4s=0, 6s=0, Fantasy Score=4
2025-04-30 15:34:39,112 - INFO - Extracted data for Boult: Runs=4, 4s=1, 6s=0, Fantasy Score=9
2025-04-30 15:34:39,112 - INFO - Extracted data for Bumrah: Runs=4, 4s=1, 6s=0, Fantasy Score=9
2025-04-30 15:34:39,112 - INFO - Extracted data for Will Jacks: Runs=3, 4s=2, 6s=0, Fantasy Score=13
2025-04-30 15:34:39,112 - INFO - Extracted data for Hardik Pandya (c): Runs=4, 4s=1, 6s=1, Fantasy Score=16
2025-04-30 15:34:39,112 - INFO - Extracted data for Santner: Runs=1, 4s=0, 6s=0, Fantasy Score=1
2025-04-30 15:34:39,113 - INFO - Found 0 batter rows
2025-04-30 15:34:39,113 - INFO - Found 11 batter rows
2025-04-30 15:34:39,113 - INFO - Extracted data for Ryan Rickelton (wk): Runs=31, 4s=5, 6s=0, Fantasy Score=60
2025-04-30 15:34:39,113 - INFO - Extracted data for Rohit Sharma: Runs=26, 4s=0, 6s=3, Fantasy Score=51
2025-04-30 15:34:39,113 - INFO - Extracted data for Will Jacks: Runs=36, 4s=3, 6s=2, Fantasy Score=69
2025-04-30 15:34:39,113 - INFO - Extracted data for Suryakumar Yadav: Runs=26, 4s=2, 6s=2, Fantasy Score=54
2025-04-30 15:34:39,113 - INFO - Extracted data for Tilak Varma: Runs=21, 4s=2, 6s=0, Fantasy Score=31
2025-04-30 15:34:39,113 - INFO - Extracted data for Hardik Pandya (c): Runs=21, 4s=3, 6s=1, Fantasy Score=43
2025-04-30 15:34:39,113 - INFO - Extracted data for Naman Dhir: Runs=0, 4s=0, 6s=0, Fantasy Score=-2
2025-04-30 15:34:39,114 - INFO - Extracted data for Mitchell Santner: Runs=0, 4s=0, 6s=0, Fantasy Score=-2
2025-04-30 15:34:39,114 - WARNING - Incorrect number of columns in batter row. Expected at least 4, got 0 for NA
2025-04-30 15:34:39,114 - WARNING - Incorrect number of columns in batter row. Expected at least 4, got 0 for NA
2025-04-30 15:34:39,114 - WARNING - Incorrect number of columns in batter row. Expected at least 4, got 0 for Deepak Chahar
2025-04-30 15:34:39,114 - INFO - Found 6 batter rows
2025-04-30 15:34:39,114 - INFO - Extracted data for Mohammed Shami: Runs=3, 4s=0, 6s=0, Fantasy Score=3
2025-04-30 15:34:39,114 - INFO - Extracted data for Pat Cummins (c): Runs=4, 4s=3, 6s=0, Fantasy Score=19
2025-04-30 15:34:39,114 - INFO - Extracted data for Eshan Malinga: Runs=4, 4s=2, 6s=0, Fantasy Score=14
2025-04-30 15:34:39,114 - ERROR - Error parsing scorecard HTML: invalid literal for int() with base 10: '3.1'
2025-04-30 15:34:41,122 - INFO - Fetching scorecard link from: https://www.cricbuzz.com/cricket-scores/115174/rcb-vs-pbks-34th-match-indian-premier-league-2025
2025-04-30 15:34:41,341 - INFO - Found scorecard link: https://www.cricbuzz.com/live-cricket-scorecard/115174/rcb-vs-pbks-34th-match-indian-premier-league-2025
2025-04-30 15:34:41,341 - INFO - Processing scorecard for : https://www.cricbuzz.com/cricket-scores/115174/rcb-vs-pbks-34th-match-indian-premier-league-2025
2025-04-30 15:34:41,342 - INFO - Scraping scorecard from: https://www.cricbuzz.com/live-cricket-scorecard/115174/rcb-vs-pbks-34th-match-indian-premier-league-2025
2025-04-30 15:34:41,742 - INFO - Found 6 innings containers
2025-04-30 15:34:41,742 - INFO - Found 14 batter rows
2025-04-30 15:34:41,742 - INFO - Extracted data for Phil Salt: Runs=4, 4s=1, 6s=0, Fantasy Score=9
2025-04-30 15:34:41,742 - INFO - Extracted data for Kohli: Runs=1, 4s=0, 6s=0, Fantasy Score=1
2025-04-30 15:34:41,742 - INFO - Extracted data for Rajat Patidar (c): Runs=23, 4s=1, 6s=1, Fantasy Score=35
2025-04-30 15:34:41,743 - INFO - Extracted data for Livingstone: Runs=4, 4s=1, 6s=0, Fantasy Score=9
2025-04-30 15:34:41,743 - INFO - Extracted data for Jitesh Sharma (wk): Runs=2, 4s=0, 6s=0, Fantasy Score=2
2025-04-30 15:34:41,743 - INFO - Extracted data for Krunal Pandya: Runs=1, 4s=0, 6s=0, Fantasy Score=1
2025-04-30 15:34:41,743 - INFO - Extracted data for Tim David: Runs=50, 4s=5, 6s=3, Fantasy Score=108
2025-04-30 15:34:41,743 - INFO - Extracted data for Manoj Bhandage: Runs=1, 4s=0, 6s=0, Fantasy Score=1
2025-04-30 15:34:41,743 - INFO - Extracted data for Bhuvneshwar: Runs=8, 4s=1, 6s=0, Fantasy Score=13
2025-04-30 15:34:41,743 - INFO - Extracted data for Yash Dayal: Runs=0, 4s=0, 6s=0, Fantasy Score=-2
2025-04-30 15:34:41,743 - INFO - Extracted data for Hazlewood: Runs=0, 4s=0, 6s=0, Fantasy Score=-2
2025-04-30 15:34:41,743 - WARNING - Incorrect number of columns in batter row. Expected at least 4, got 0 for NA
2025-04-30 15:34:41,743 - WARNING - Incorrect number of columns in batter row. Expected at least 4, got 0 for NA
2025-04-30 15:34:41,743 - WARNING - Incorrect number of columns in batter row. Expected at least 4, got 0 for Suyash Sharma
2025-04-30 15:34:41,744 - INFO - Found 5 batter rows
2025-04-30 15:34:41,744 - INFO - Extracted data for Arshdeep Singh: Runs=3, 4s=2, 6s=0, Fantasy Score=13
2025-04-30 15:34:41,744 - INFO - Extracted data for Xavier Bartlett: Runs=3, 4s=1, 6s=0, Fantasy Score=8
2025-04-30 15:34:41,744 - INFO - Extracted data for Marco Jansen: Runs=3, 4s=2, 6s=0, Fantasy Score=13
2025-04-30 15:34:41,744 - INFO - Extracted data for Chahal: Runs=3, 4s=2, 6s=0, Fantasy Score=13
2025-04-30 15:34:41,744 - INFO - Extracted data for Harpreet Brar: Runs=2, 4s=2, 6s=1, Fantasy Score=19
2025-04-30 15:34:41,744 - INFO - Found 0 batter rows
2025-04-30 15:34:41,744 - INFO - Found 10 batter rows
2025-04-30 15:34:41,745 - INFO - Extracted data for Priyansh Arya: Runs=16, 4s=1, 6s=1, Fantasy Score=28
2025-04-30 15:34:41,745 - INFO - Extracted data for Prabhsimran Singh: Runs=13, 4s=2, 6s=0, Fantasy Score=23
2025-04-30 15:34:41,745 - INFO - Extracted data for Shreyas Iyer (c): Runs=7, 4s=0, 6s=0, Fantasy Score=7
2025-04-30 15:34:41,745 - INFO - Extracted data for Josh Inglis (wk): Runs=14, 4s=2, 6s=0, Fantasy Score=24
2025-04-30 15:34:41,745 - INFO - Extracted data for Nehal Wadhera: Runs=33, 4s=3, 6s=3, Fantasy Score=73
2025-04-30 15:34:41,745 - INFO - Extracted data for Shashank Singh: Runs=1, 4s=0, 6s=0, Fantasy Score=1
2025-04-30 15:34:41,745 - INFO - Extracted data for Marcus Stoinis: Runs=7, 4s=0, 6s=1, Fantasy Score=14
2025-04-30 15:34:41,745 - WARNING - Incorrect number of columns in batter row. Expected at least 4, got 0 for NA
2025-04-30 15:34:41,745 - WARNING - Incorrect number of columns in batter row. Expected at least 4, got 0 for NA
2025-04-30 15:34:41,745 - WARNING - Incorrect number of columns in batter row. Expected at least 4, got 0 for Marco Jansen
2025-04-30 15:34:41,746 - INFO - Found 5 batter rows
2025-04-30 15:34:41,746 - INFO - Extracted data for Bhuvneshwar Kumar: Runs=3, 4s=2, 6s=0, Fantasy Score=13
2025-04-30 15:34:41,746 - ERROR - Error parsing scorecard HTML: invalid literal for int() with base 10: '2.1'
2025-04-30 15:34:43,761 - INFO - Fetching scorecard link from: https://www.cricbuzz.com/cricket-scores/115176/dc-vs-gt-35th-match-indian-premier-league-2025
2025-04-30 15:34:44,269 - INFO - Found scorecard link: https://www.cricbuzz.com/live-cricket-scorecard/115176/gt-vs-dc-35th-match-indian-premier-league-2025
2025-04-30 15:34:44,269 - INFO - Processing scorecard for : https://www.cricbuzz.com/cricket-scores/115176/dc-vs-gt-35th-match-indian-premier-league-2025
2025-04-30 15:34:44,270 - INFO - Scraping scorecard from: https://www.cricbuzz.com/live-cricket-scorecard/115176/gt-vs-dc-35th-match-indian-premier-league-2025
2025-04-30 15:34:44,783 - INFO - Found 6 innings containers
2025-04-30 15:34:44,783 - INFO - Found 13 batter rows
2025-04-30 15:34:44,783 - INFO - Extracted data for Abishek Porel: Runs=18, 4s=3, 6s=1, Fantasy Score=40
2025-04-30 15:34:44,783 - INFO - Extracted data for Karun Nair: Runs=31, 4s=2, 6s=2, Fantasy Score=59
2025-04-30 15:34:44,783 - INFO - Extracted data for Rahul (wk): Runs=28, 4s=4, 6s=1, Fantasy Score=59
2025-04-30 15:34:44,784 - INFO - Extracted data for Axar (c): Runs=39, 4s=1, 6s=2, Fantasy Score=62
2025-04-30 15:34:44,784 - INFO - Extracted data for Stubbs: Runs=31, 4s=2, 6s=1, Fantasy Score=52
2025-04-30 15:34:44,784 - INFO - Extracted data for Ashutosh Sharma: Runs=37, 4s=2, 6s=3, Fantasy Score=72
2025-04-30 15:34:44,784 - INFO - Extracted data for Vipraj Nigam: Runs=0, 4s=0, 6s=0, Fantasy Score=-2
2025-04-30 15:34:44,784 - INFO - Extracted data for Donovan Ferreira: Runs=1, 4s=0, 6s=0, Fantasy Score=1
2025-04-30 15:34:44,784 - INFO - Extracted data for Mitchell Starc: Runs=2, 4s=0, 6s=0, Fantasy Score=2
2025-04-30 15:34:44,784 - INFO - Extracted data for Kuldeep Yadav: Runs=4, 4s=1, 6s=0, Fantasy Score=9
2025-04-30 15:34:44,784 - WARNING - Incorrect number of columns in batter row. Expected at least 4, got 0 for NA
2025-04-30 15:34:44,784 - WARNING - Incorrect number of columns in batter row. Expected at least 4, got 0 for NA
2025-04-30 15:34:44,784 - WARNING - Incorrect number of columns in batter row. Expected at least 4, got 0 for Mohit Sharma
2025-04-30 15:34:44,785 - INFO - Found 6 batter rows
2025-04-30 15:34:44,785 - INFO - Extracted data for Siraj: Runs=4, 4s=1, 6s=0, Fantasy Score=9
2025-04-30 15:34:44,785 - INFO - Extracted data for Arshad Khan: Runs=4, 4s=1, 6s=0, Fantasy Score=9
2025-04-30 15:34:44,785 - INFO - Extracted data for Prasidh: Runs=4, 4s=4, 6s=0, Fantasy Score=24
2025-04-30 15:34:44,785 - INFO - Extracted data for Rashid Khan: Runs=4, 4s=0, 6s=0, Fantasy Score=4
2025-04-30 15:34:44,785 - INFO - Extracted data for Ishant: Runs=3, 4s=1, 6s=0, Fantasy Score=8
2025-04-30 15:34:44,785 - INFO - Extracted data for Sai Kishore: Runs=1, 4s=1, 6s=0, Fantasy Score=6
2025-04-30 15:34:44,785 - INFO - Found 0 batter rows
2025-04-30 15:34:44,785 - INFO - Found 8 batter rows
2025-04-30 15:34:44,786 - INFO - Extracted data for Sai Sudharsan: Runs=36, 4s=5, 6s=1, Fantasy Score=72
2025-04-30 15:34:44,786 - INFO - Extracted data for Shubman Gill (c): Runs=7, 4s=1, 6s=0, Fantasy Score=12
2025-04-30 15:34:44,786 - INFO - Extracted data for Jos Buttler (wk): Runs=97, 4s=11, 6s=4, Fantasy Score=204
2025-04-30 15:34:44,786 - INFO - Extracted data for Sherfane Rutherford: Runs=43, 4s=1, 6s=3, Fantasy Score=73
2025-04-30 15:34:44,786 - INFO - Extracted data for Rahul Tewatia: Runs=11, 4s=1, 6s=1, Fantasy Score=23
2025-04-30 15:34:44,786 - WARNING - Incorrect number of columns in batter row. Expected at least 4, got 0 for NA
2025-04-30 15:34:44,786 - WARNING - Incorrect number of columns in batter row. Expected at least 4, got 0 for NA
2025-04-30 15:34:44,786 - WARNING - Incorrect number of columns in batter row. Expected at least 4, got 0 for Shahrukh Khan
2025-04-30 15:34:44,786 - INFO - Found 6 batter rows
2025-04-30 15:34:44,786 - ERROR - Error parsing scorecard HTML: invalid literal for int() with base 10: '3.2'
2025-04-30 15:34:46,796 - INFO - Fetching scorecard link from: https://www.cricbuzz.com/cricket-scores/115183/lsg-vs-rr-36th-match-indian-premier-league-2025
2025-04-30 15:34:47,097 - INFO - Found scorecard link: https://www.cricbuzz.com/live-cricket-scorecard/115183/rr-vs-lsg-36th-match-indian-premier-league-2025
2025-04-30 15:34:47,098 - INFO - Processing scorecard for : https://www.cricbuzz.com/cricket-scores/115183/lsg-vs-rr-36th-match-indian-premier-league-2025
2025-04-30 15:34:47,098 - INFO - Scraping scorecard from: https://www.cricbuzz.com/live-cricket-scorecard/115183/rr-vs-lsg-36th-match-indian-premier-league-2025
2025-04-30 15:34:47,345 - INFO - Found 6 innings containers
2025-04-30 15:34:47,346 - INFO - Found 10 batter rows
2025-04-30 15:34:47,346 - INFO - Extracted data for Mitchell Marsh: Runs=4, 4s=0, 6s=0, Fantasy Score=4
2025-04-30 15:34:47,346 - INFO - Extracted data for Markram: Runs=66, 4s=5, 6s=3, Fantasy Score=124
2025-04-30 15:34:47,346 - INFO - Extracted data for Pooran: Runs=11, 4s=2, 6s=0, Fantasy Score=21
2025-04-30 15:34:47,346 - INFO - Extracted data for Pant (c & wk): Runs=3, 4s=0, 6s=0, Fantasy Score=3
2025-04-30 15:34:47,346 - INFO - Extracted data for Ayush Badoni: Runs=50, 4s=5, 6s=1, Fantasy Score=94
2025-04-30 15:34:47,346 - INFO - Extracted data for David Miller: Runs=7, 4s=0, 6s=0, Fantasy Score=7
2025-04-30 15:34:47,346 - INFO - Extracted data for Abdul Samad: Runs=30, 4s=0, 6s=4, Fantasy Score=62
2025-04-30 15:34:47,346 - WARNING - Incorrect number of columns in batter row. Expected at least 4, got 0 for NA
2025-04-30 15:34:47,346 - WARNING - Incorrect number of columns in batter row. Expected at least 4, got 0 for NA
2025-04-30 15:34:47,346 - WARNING - Incorrect number of columns in batter row. Expected at least 4, got 0 for Ravi Bishnoi
2025-04-30 15:34:47,347 - INFO - Found 5 batter rows
2025-04-30 15:34:47,347 - INFO - Extracted data for Jofra Archer: Runs=4, 4s=1, 6s=0, Fantasy Score=9
2025-04-30 15:34:47,347 - INFO - Extracted data for M Theekshana: Runs=4, 4s=0, 6s=0, Fantasy Score=4
2025-04-30 15:34:47,347 - INFO - Extracted data for Sandeep Sharma: Runs=4, 4s=1, 6s=0, Fantasy Score=9
2025-04-30 15:34:47,347 - INFO - Extracted data for Tushar Deshpande: Runs=4, 4s=1, 6s=0, Fantasy Score=9
2025-04-30 15:34:47,347 - INFO - Extracted data for W Hasaranga: Runs=4, 4s=2, 6s=0, Fantasy Score=14
2025-04-30 15:34:47,347 - INFO - Found 0 batter rows
2025-04-30 15:34:47,348 - INFO - Found 10 batter rows
2025-04-30 15:34:47,348 - INFO - Extracted data for Yashasvi Jaiswal: Runs=74, 4s=5, 6s=4, Fantasy Score=139
2025-04-30 15:34:47,348 - INFO - Extracted data for Vaibhav Suryavanshi: Runs=34, 4s=2, 6s=3, Fantasy Score=69
2025-04-30 15:34:47,348 - INFO - Extracted data for Nitish Rana: Runs=8, 4s=0, 6s=1, Fantasy Score=15
2025-04-30 15:34:47,348 - INFO - Extracted data for Riyan Parag (c): Runs=39, 4s=3, 6s=2, Fantasy Score=72
2025-04-30 15:34:47,348 - INFO - Extracted data for Dhruv Jurel (wk): Runs=6, 4s=0, 6s=0, Fantasy Score=6
2025-04-30 15:34:47,348 - INFO - Extracted data for Shimron Hetmyer: Runs=12, 4s=2, 6s=0, Fantasy Score=22
2025-04-30 15:34:47,348 - INFO - Extracted data for Shubham Dubey: Runs=3, 4s=0, 6s=0, Fantasy Score=3
2025-04-30 15:34:47,349 - WARNING - Incorrect number of columns in batter row. Expected at least 4, got 0 for NA
2025-04-30 15:34:47,349 - WARNING - Incorrect number of columns in batter row. Expected at least 4, got 0 for NA
2025-04-30 15:34:47,349 - WARNING - Incorrect number of columns in batter row. Expected at least 4, got 0 for Wanindu Hasaranga
2025-04-30 15:34:47,349 - INFO - Found 6 batter rows
2025-04-30 15:34:47,349 - INFO - Extracted data for Shardul Thakur: Runs=3, 4s=1, 6s=0, Fantasy Score=8
2025-04-30 15:34:47,349 - INFO - Extracted data for Avesh Khan: Runs=4, 4s=3, 6s=0, Fantasy Score=19
2025-04-30 15:34:47,349 - INFO - Extracted data for Digvesh Singh Rathi: Runs=4, 4s=0, 6s=0, Fantasy Score=4
2025-04-30 15:34:47,349 - INFO - Extracted data for Aiden Markram: Runs=2, 4s=1, 6s=0, Fantasy Score=7
2025-04-30 15:34:47,349 - INFO - Extracted data for Prince Yadav: Runs=4, 4s=0, 6s=0, Fantasy Score=4
2025-04-30 15:34:47,349 - INFO - Extracted data for Ravi Bishnoi: Runs=3, 4s=0, 6s=0, Fantasy Score=3
2025-04-30 15:34:47,349 - INFO - Found 0 batter rows
2025-04-30 15:34:47,350 - INFO - Saving batting data to CSV file: batting_Fantasy.csv, write_header=False
2025-04-30 15:34:47,350 - INFO - Successfully saved batting data to batting_Fantasy.csv
2025-04-30 15:34:49,364 - INFO - Fetching scorecard link from: https://www.cricbuzz.com/cricket-scores/115192/pbks-vs-rcb-37th-match-indian-premier-league-2025
2025-04-30 15:34:49,604 - INFO - Found scorecard link: https://www.cricbuzz.com/live-cricket-scorecard/115192/pbks-vs-rcb-37th-match-indian-premier-league-2025
2025-04-30 15:34:49,604 - INFO - Processing scorecard for : https://www.cricbuzz.com/cricket-scores/115192/pbks-vs-rcb-37th-match-indian-premier-league-2025
2025-04-30 15:34:49,605 - INFO - Scraping scorecard from: https://www.cricbuzz.com/live-cricket-scorecard/115192/pbks-vs-rcb-37th-match-indian-premier-league-2025
2025-04-30 15:34:49,894 - INFO - Found 6 innings containers
2025-04-30 15:34:49,895 - INFO - Found 11 batter rows
2025-04-30 15:34:49,895 - INFO - Extracted data for Priyansh Arya: Runs=22, 4s=3, 6s=1, Fantasy Score=44
2025-04-30 15:34:49,895 - INFO - Extracted data for Prabhsimran: Runs=33, 4s=5, 6s=1, Fantasy Score=69
2025-04-30 15:34:49,895 - INFO - Extracted data for Shreyas Iyer (c): Runs=6, 4s=1, 6s=0, Fantasy Score=11
2025-04-30 15:34:49,895 - INFO - Extracted data for Josh Inglis (wk): Runs=29, 4s=2, 6s=1, Fantasy Score=50
2025-04-30 15:34:49,895 - INFO - Extracted data for Nehal Wadhera: Runs=5, 4s=0, 6s=0, Fantasy Score=5
2025-04-30 15:34:49,896 - INFO - Extracted data for Shashank Singh: Runs=31, 4s=1, 6s=0, Fantasy Score=40
2025-04-30 15:34:49,896 - INFO - Extracted data for Stoinis: Runs=1, 4s=0, 6s=0, Fantasy Score=1
2025-04-30 15:34:49,896 - INFO - Extracted data for Marco Jansen: Runs=25, 4s=0, 6s=2, Fantasy Score=43
2025-04-30 15:34:49,896 - WARNING - Incorrect number of columns in batter row. Expected at least 4, got 0 for NA
2025-04-30 15:34:49,896 - WARNING - Incorrect number of columns in batter row. Expected at least 4, got 0 for NA
2025-04-30 15:34:49,896 - WARNING - Incorrect number of columns in batter row. Expected at least 4, got 0 for Xavier Bartlett
2025-04-30 15:34:49,896 - INFO - Found 6 batter rows
2025-04-30 15:34:49,896 - INFO - Extracted data for Bhuvneshwar: Runs=4, 4s=0, 6s=0, Fantasy Score=4
2025-04-30 15:34:49,896 - INFO - Extracted data for Yash Dayal: Runs=2, 4s=0, 6s=0, Fantasy Score=2
2025-04-30 15:34:49,896 - INFO - Extracted data for Hazlewood: Runs=4, 4s=0, 6s=0, Fantasy Score=4
2025-04-30 15:34:49,897 - INFO - Extracted data for Krunal Pandya: Runs=4, 4s=2, 6s=0, Fantasy Score=14
2025-04-30 15:34:49,897 - INFO - Extracted data for Romario Shepherd: Runs=2, 4s=1, 6s=0, Fantasy Score=7
2025-04-30 15:34:49,897 - INFO - Extracted data for Suyash Sharma: Runs=4, 4s=2, 6s=0, Fantasy Score=14
2025-04-30 15:34:49,897 - INFO - Found 0 batter rows
2025-04-30 15:34:49,897 - INFO - Found 8 batter rows
2025-04-30 15:34:49,897 - INFO - Extracted data for Philip Salt: Runs=1, 4s=0, 6s=0, Fantasy Score=1
2025-04-30 15:34:49,897 - INFO - Extracted data for Virat Kohli: Runs=73, 4s=7, 6s=1, Fantasy Score=127
2025-04-30 15:34:49,897 - INFO - Extracted data for Devdutt Padikkal: Runs=61, 4s=5, 6s=4, Fantasy Score=126
2025-04-30 15:34:49,897 - INFO - Extracted data for Rajat Patidar (c): Runs=12, 4s=1, 6s=0, Fantasy Score=17
2025-04-30 15:34:49,897 - INFO - Extracted data for Jitesh Sharma (wk): Runs=11, 4s=0, 6s=1, Fantasy Score=18
2025-04-30 15:34:49,898 - WARNING - Incorrect number of columns in batter row. Expected at least 4, got 0 for NA
2025-04-30 15:34:49,898 - WARNING - Incorrect number of columns in batter row. Expected at least 4, got 0 for NA
2025-04-30 15:34:49,898 - WARNING - Incorrect number of columns in batter row. Expected at least 4, got 0 for Tim David
2025-04-30 15:34:49,898 - INFO - Found 7 batter rows
2025-04-30 15:34:49,898 - INFO - Extracted data for Arshdeep Singh: Runs=3, 4s=1, 6s=0, Fantasy Score=8
2025-04-30 15:34:49,898 - INFO - Extracted data for Xavier Bartlett: Runs=3, 4s=0, 6s=0, Fantasy Score=3
2025-04-30 15:34:49,898 - INFO - Extracted data for Harpreet Brar: Runs=4, 4s=1, 6s=0, Fantasy Score=9
2025-04-30 15:34:49,898 - INFO - Extracted data for Marco Jansen: Runs=3, 4s=0, 6s=0, Fantasy Score=3
2025-04-30 15:34:49,898 - INFO - Extracted data for Yuzvendra Chahal: Runs=4, 4s=1, 6s=0, Fantasy Score=9
2025-04-30 15:34:49,899 - INFO - Extracted data for Marcus Stoinis: Runs=1, 4s=0, 6s=0, Fantasy Score=1
2025-04-30 15:34:49,899 - ERROR - Error parsing scorecard HTML: invalid literal for int() with base 10: '0.5'
2025-04-30 15:34:51,910 - INFO - Fetching scorecard link from: https://www.cricbuzz.com/cricket-scores/115201/csk-vs-mi-38th-match-indian-premier-league-2025
2025-04-30 15:34:53,249 - INFO - Found scorecard link: https://www.cricbuzz.com/live-cricket-scorecard/115201/mi-vs-csk-38th-match-indian-premier-league-2025
2025-04-30 15:34:53,249 - INFO - Processing scorecard for : https://www.cricbuzz.com/cricket-scores/115201/csk-vs-mi-38th-match-indian-premier-league-2025
2025-04-30 15:34:53,249 - INFO - Scraping scorecard from: https://www.cricbuzz.com/live-cricket-scorecard/115201/mi-vs-csk-38th-match-indian-premier-league-2025
2025-04-30 15:34:53,522 - INFO - Found 6 innings containers
2025-04-30 15:34:53,522 - INFO - Found 10 batter rows
2025-04-30 15:34:53,522 - INFO - Extracted data for Shaik Rasheed: Runs=19, 4s=1, 6s=0, Fantasy Score=24
2025-04-30 15:34:53,522 - INFO - Extracted data for Rachin Ravindra: Runs=5, 4s=0, 6s=0, Fantasy Score=5
2025-04-30 15:34:53,523 - INFO - Extracted data for Ayush Mhatre: Runs=32, 4s=4, 6s=2, Fantasy Score=70
2025-04-30 15:34:53,523 - INFO - Extracted data for Ravindra Jadeja: Runs=53, 4s=4, 6s=2, Fantasy Score=99
2025-04-30 15:34:53,523 - INFO - Extracted data for Shivam Dube: Runs=50, 4s=2, 6s=4, Fantasy Score=100
2025-04-30 15:34:53,523 - INFO - Extracted data for Dhoni (c & wk): Runs=4, 4s=0, 6s=0, Fantasy Score=4
2025-04-30 15:34:53,523 - INFO - Extracted data for Jamie Overton: Runs=4, 4s=1, 6s=0, Fantasy Score=9
2025-04-30 15:34:53,523 - WARNING - Incorrect number of columns in batter row. Expected at least 4, got 0 for NA
2025-04-30 15:34:53,523 - WARNING - Incorrect number of columns in batter row. Expected at least 4, got 0 for NA
2025-04-30 15:34:53,523 - WARNING - Incorrect number of columns in batter row. Expected at least 4, got 0 for Vijay Shankar
2025-04-30 15:34:53,523 - INFO - Found 7 batter rows
2025-04-30 15:34:53,524 - INFO - Extracted data for D Chahar: Runs=4, 4s=1, 6s=0, Fantasy Score=9
2025-04-30 15:34:53,524 - INFO - Extracted data for Boult: Runs=4, 4s=0, 6s=0, Fantasy Score=4
2025-04-30 15:34:53,524 - INFO - Extracted data for Ashwani Kumar: Runs=2, 4s=1, 6s=0, Fantasy Score=7
2025-04-30 15:34:53,524 - INFO - Extracted data for Santner: Runs=3, 4s=1, 6s=0, Fantasy Score=8
2025-04-30 15:34:53,524 - INFO - Extracted data for Bumrah: Runs=4, 4s=2, 6s=0, Fantasy Score=14
2025-04-30 15:34:53,524 - INFO - Extracted data for Will Jacks: Runs=1, 4s=0, 6s=0, Fantasy Score=1
2025-04-30 15:34:53,524 - INFO - Extracted data for Hardik Pandya (c): Runs=2, 4s=0, 6s=0, Fantasy Score=2
2025-04-30 15:34:53,524 - INFO - Found 0 batter rows
2025-04-30 15:34:53,524 - INFO - Found 6 batter rows
2025-04-30 15:34:53,524 - INFO - Extracted data for Ryan Rickelton (wk): Runs=24, 4s=3, 6s=1, Fantasy Score=46
2025-04-30 15:34:53,525 - INFO - Extracted data for Rohit Sharma: Runs=76, 4s=4, 6s=6, Fantasy Score=162
2025-04-30 15:34:53,525 - INFO - Extracted data for Suryakumar Yadav: Runs=68, 4s=6, 6s=5, Fantasy Score=145
2025-04-30 15:34:53,525 - WARNING - Incorrect number of columns in batter row. Expected at least 4, got 0 for NA
2025-04-30 15:34:53,525 - WARNING - Incorrect number of columns in batter row. Expected at least 4, got 0 for NA
2025-04-30 15:34:53,525 - WARNING - Incorrect number of columns in batter row. Expected at least 4, got 0 for Will Jacks
2025-04-30 15:34:53,525 - INFO - Found 6 batter rows
2025-04-30 15:34:53,525 - INFO - Extracted data for Khaleel Ahmed: Runs=2, 4s=0, 6s=0, Fantasy Score=2
2025-04-30 15:34:53,525 - INFO - Extracted data for Jamie Overton: Runs=2, 4s=0, 6s=0, Fantasy Score=2
2025-04-30 15:34:53,526 - INFO - Extracted data for Ravichandran Ashwin: Runs=4, 4s=0, 6s=0, Fantasy Score=4
2025-04-30 15:34:53,526 - INFO - Extracted data for Ravindra Jadeja: Runs=3, 4s=1, 6s=0, Fantasy Score=8
2025-04-30 15:34:53,526 - INFO - Extracted data for Noor Ahmad: Runs=3, 4s=0, 6s=0, Fantasy Score=3
2025-04-30 15:34:53,526 - ERROR - Error parsing scorecard HTML: invalid literal for int() with base 10: '1.4'
2025-04-30 15:34:55,526 - INFO - Fetching scorecard link from: https://www.cricbuzz.com/cricket-scores/115210/gt-vs-kkr-39th-match-indian-premier-league-2025
2025-04-30 15:34:56,130 - INFO - Found scorecard link: https://www.cricbuzz.com/live-cricket-scorecard/115210/kkr-vs-gt-39th-match-indian-premier-league-2025
2025-04-30 15:34:56,131 - INFO - Processing scorecard for : https://www.cricbuzz.com/cricket-scores/115210/gt-vs-kkr-39th-match-indian-premier-league-2025
2025-04-30 15:34:56,131 - INFO - Scraping scorecard from: https://www.cricbuzz.com/live-cricket-scorecard/115210/kkr-vs-gt-39th-match-indian-premier-league-2025
2025-04-30 15:34:56,531 - INFO - Found 6 innings containers
2025-04-30 15:34:56,531 - INFO - Found 8 batter rows
2025-04-30 15:34:56,531 - INFO - Extracted data for Sai Sudharsan: Runs=52, 4s=6, 6s=1, Fantasy Score=101
2025-04-30 15:34:56,531 - INFO - Extracted data for Shubman Gill (c): Runs=90, 4s=10, 6s=3, Fantasy Score=185
2025-04-30 15:34:56,532 - INFO - Extracted data for Jos Buttler (wk): Runs=41, 4s=8, 6s=0, Fantasy Score=85
2025-04-30 15:34:56,532 - INFO - Extracted data for Rahul Tewatia: Runs=0, 4s=0, 6s=0, Fantasy Score=-2
2025-04-30 15:34:56,532 - INFO - Extracted data for Shahrukh Khan: Runs=11, 4s=0, 6s=1, Fantasy Score=18
2025-04-30 15:34:56,532 - WARNING - Incorrect number of columns in batter row. Expected at least 4, got 0 for NA
2025-04-30 15:34:56,532 - WARNING - Incorrect number of columns in batter row. Expected at least 4, got 0 for NA
2025-04-30 15:34:56,532 - WARNING - Incorrect number of columns in batter row. Expected at least 4, got 0 for Sherfane Rutherford
2025-04-30 15:34:56,532 - INFO - Found 6 batter rows
2025-04-30 15:34:56,532 - INFO - Extracted data for Vaibhav Arora: Runs=4, 4s=1, 6s=0, Fantasy Score=9
2025-04-30 15:34:56,532 - INFO - Extracted data for Moeen: Runs=3, 4s=0, 6s=0, Fantasy Score=3
2025-04-30 15:34:56,533 - INFO - Extracted data for Harshit Rana: Runs=4, 4s=1, 6s=0, Fantasy Score=9
2025-04-30 15:34:56,533 - INFO - Extracted data for Varun Chakaravarthy: Runs=4, 4s=0, 6s=0, Fantasy Score=4
2025-04-30 15:34:56,533 - INFO - Extracted data for Narine: Runs=4, 4s=0, 6s=1, Fantasy Score=11
2025-04-30 15:34:56,533 - INFO - Extracted data for Russell: Runs=1, 4s=1, 6s=0, Fantasy Score=6
2025-04-30 15:34:56,533 - INFO - Found 0 batter rows
2025-04-30 15:34:56,533 - INFO - Found 13 batter rows
2025-04-30 15:34:56,533 - INFO - Extracted data for Rahmanullah Gurbaz (wk): Runs=1, 4s=0, 6s=0, Fantasy Score=1
2025-04-30 15:34:56,533 - INFO - Extracted data for Sunil Narine: Runs=17, 4s=2, 6s=1, Fantasy Score=34
2025-04-30 15:34:56,534 - INFO - Extracted data for Ajinkya Rahane (c): Runs=50, 4s=5, 6s=1, Fantasy Score=94
2025-04-30 15:34:56,534 - INFO - Extracted data for Venkatesh Iyer: Runs=14, 4s=0, 6s=0, Fantasy Score=14
2025-04-30 15:34:56,534 - INFO - Extracted data for Rinku Singh: Runs=17, 4s=1, 6s=1, Fantasy Score=29
2025-04-30 15:34:56,534 - INFO - Extracted data for Andre Russell: Runs=21, 4s=3, 6s=1, Fantasy Score=43
2025-04-30 15:34:56,534 - INFO - Extracted data for Ramandeep Singh: Runs=1, 4s=0, 6s=0, Fantasy Score=1
2025-04-30 15:34:56,534 - INFO - Extracted data for Moeen Ali: Runs=0, 4s=0, 6s=0, Fantasy Score=-2
2025-04-30 15:34:56,534 - INFO - Extracted data for Angkrish Raghuvanshi: Runs=27, 4s=3, 6s=1, Fantasy Score=53
2025-04-30 15:34:56,534 - INFO - Extracted data for Harshit Rana: Runs=1, 4s=0, 6s=0, Fantasy Score=1
2025-04-30 15:34:56,534 - WARNING - Incorrect number of columns in batter row. Expected at least 4, got 0 for NA
2025-04-30 15:34:56,534 - WARNING - Incorrect number of columns in batter row. Expected at least 4, got 0 for NA
2025-04-30 15:34:56,534 - WARNING - Incorrect number of columns in batter row. Expected at least 4, got 0 for Vaibhav Arora
2025-04-30 15:34:56,535 - INFO - Found 6 batter rows
2025-04-30 15:34:56,535 - INFO - Extracted data for Mohammed Siraj: Runs=4, 4s=1, 6s=0, Fantasy Score=9
2025-04-30 15:34:56,535 - INFO - Extracted data for Ishant Sharma: Runs=2, 4s=1, 6s=0, Fantasy Score=7
2025-04-30 15:34:56,535 - INFO - Extracted data for Prasidh Krishna: Runs=4, 4s=2, 6s=0, Fantasy Score=14
2025-04-30 15:34:56,535 - INFO - Extracted data for Rashid Khan: Runs=4, 4s=2, 6s=0, Fantasy Score=14
2025-04-30 15:34:56,535 - INFO - Extracted data for Washington Sundar: Runs=3, 4s=1, 6s=0, Fantasy Score=8
2025-04-30 15:34:56,535 - INFO - Extracted data for Ravisrinivasan Sai Kishore: Runs=3, 4s=1, 6s=0, Fantasy Score=8
2025-04-30 15:34:56,535 - INFO - Found 0 batter rows
2025-04-30 15:34:56,535 - INFO - Saving batting data to CSV file: batting_Fantasy.csv, write_header=False
2025-04-30 15:34:56,536 - INFO - Successfully saved batting data to batting_Fantasy.csv
2025-04-30 15:34:58,542 - INFO - Fetching scorecard link from: https://www.cricbuzz.com/cricket-scores/115212/lsg-vs-dc-40th-match-indian-premier-league-2025
2025-04-30 15:34:59,080 - INFO - Found scorecard link: https://www.cricbuzz.com/live-cricket-scorecard/115212/lsg-vs-dc-40th-match-indian-premier-league-2025
2025-04-30 15:34:59,081 - INFO - Processing scorecard for : https://www.cricbuzz.com/cricket-scores/115212/lsg-vs-dc-40th-match-indian-premier-league-2025
2025-04-30 15:34:59,081 - INFO - Scraping scorecard from: https://www.cricbuzz.com/live-cricket-scorecard/115212/lsg-vs-dc-40th-match-indian-premier-league-2025
2025-04-30 15:34:59,311 - INFO - Found 6 innings containers
2025-04-30 15:34:59,312 - INFO - Found 10 batter rows
2025-04-30 15:34:59,312 - INFO - Extracted data for Markram: Runs=52, 4s=2, 6s=3, Fantasy Score=95
2025-04-30 15:34:59,312 - INFO - Extracted data for Mitchell Marsh: Runs=45, 4s=3, 6s=1, Fantasy Score=71
2025-04-30 15:34:59,312 - INFO - Extracted data for Pooran: Runs=9, 4s=2, 6s=0, Fantasy Score=19
2025-04-30 15:34:59,312 - INFO - Extracted data for Abdul Samad: Runs=2, 4s=0, 6s=0, Fantasy Score=2
2025-04-30 15:34:59,312 - INFO - Extracted data for David Miller: Runs=14, 4s=1, 6s=0, Fantasy Score=19
2025-04-30 15:34:59,312 - INFO - Extracted data for Ayush Badoni: Runs=36, 4s=6, 6s=0, Fantasy Score=70
2025-04-30 15:34:59,312 - INFO - Extracted data for Pant (c & wk): Runs=0, 4s=0, 6s=0, Fantasy Score=-2
2025-04-30 15:34:59,312 - WARNING - Incorrect number of columns in batter row. Expected at least 4, got 0 for NA
2025-04-30 15:34:59,312 - WARNING - Incorrect number of columns in batter row. Expected at least 4, got 0 for NA
2025-04-30 15:34:59,312 - WARNING - Incorrect number of columns in batter row. Expected at least 4, got 0 for Thakur
2025-04-30 15:34:59,313 - INFO - Found 6 batter rows
2025-04-30 15:34:59,313 - INFO - Extracted data for Axar (c): Runs=4, 4s=0, 6s=0, Fantasy Score=4
2025-04-30 15:34:59,313 - INFO - Extracted data for Mitchell Starc: Runs=4, 4s=1, 6s=0, Fantasy Score=9
2025-04-30 15:34:59,313 - INFO - Extracted data for Mukesh Kumar: Runs=4, 4s=4, 6s=0, Fantasy Score=24
2025-04-30 15:34:59,313 - INFO - Extracted data for Chameera: Runs=3, 4s=1, 6s=0, Fantasy Score=8
2025-04-30 15:34:59,313 - INFO - Extracted data for Vipraj Nigam: Runs=1, 4s=0, 6s=0, Fantasy Score=1
2025-04-30 15:34:59,313 - INFO - Extracted data for Kuldeep Yadav: Runs=4, 4s=0, 6s=0, Fantasy Score=4
2025-04-30 15:34:59,313 - INFO - Found 0 batter rows
2025-04-30 15:34:59,314 - INFO - Found 7 batter rows
2025-04-30 15:34:59,314 - INFO - Extracted data for Abishek Porel: Runs=51, 4s=5, 6s=1, Fantasy Score=95
2025-04-30 15:34:59,314 - INFO - Extracted data for Karun Nair: Runs=15, 4s=2, 6s=1, Fantasy Score=32
2025-04-30 15:34:59,314 - INFO - Extracted data for KL Rahul (wk): Runs=57, 4s=3, 6s=3, Fantasy Score=105
2025-04-30 15:34:59,314 - INFO - Extracted data for Axar Patel (c): Runs=34, 4s=1, 6s=4, Fantasy Score=71
2025-04-30 15:34:59,314 - WARNING - Incorrect number of columns in batter row. Expected at least 4, got 0 for NA
2025-04-30 15:34:59,314 - WARNING - Incorrect number of columns in batter row. Expected at least 4, got 0 for NA
2025-04-30 15:34:59,314 - WARNING - Incorrect number of columns in batter row. Expected at least 4, got 0 for Tristan Stubbs
2025-04-30 15:34:59,314 - INFO - Found 6 batter rows
2025-04-30 15:34:59,314 - INFO - Extracted data for Shardul Thakur: Runs=2, 4s=0, 6s=0, Fantasy Score=2
2025-04-30 15:34:59,315 - INFO - Extracted data for Digvesh Singh Rathi: Runs=4, 4s=0, 6s=0, Fantasy Score=4
2025-04-30 15:34:59,315 - ERROR - Error parsing scorecard HTML: invalid literal for int() with base 10: '2.5'
2025-04-30 15:35:01,317 - INFO - Fetching scorecard link from: https://www.cricbuzz.com/cricket-scores/115221/srh-vs-mi-41st-match-indian-premier-league-2025
2025-04-30 15:35:01,580 - INFO - Found scorecard link: https://www.cricbuzz.com/live-cricket-scorecard/115221/srh-vs-mi-41st-match-indian-premier-league-2025
2025-04-30 15:35:01,581 - INFO - Processing scorecard for : https://www.cricbuzz.com/cricket-scores/115221/srh-vs-mi-41st-match-indian-premier-league-2025
2025-04-30 15:35:01,581 - INFO - Scraping scorecard from: https://www.cricbuzz.com/live-cricket-scorecard/115221/srh-vs-mi-41st-match-indian-premier-league-2025
2025-04-30 15:35:01,798 - INFO - Found 6 innings containers
2025-04-30 15:35:01,799 - INFO - Found 12 batter rows
2025-04-30 15:35:01,799 - INFO - Extracted data for Head: Runs=0, 4s=0, 6s=0, Fantasy Score=-2
2025-04-30 15:35:01,799 - INFO - Extracted data for Abhishek Sharma: Runs=8, 4s=0, 6s=1, Fantasy Score=15
2025-04-30 15:35:01,799 - INFO - Extracted data for Ishan Kishan: Runs=1, 4s=0, 6s=0, Fantasy Score=1
2025-04-30 15:35:01,799 - INFO - Extracted data for Nitish Reddy: Runs=2, 4s=0, 6s=0, Fantasy Score=2
2025-04-30 15:35:01,799 - INFO - Extracted data for Klaasen (wk): Runs=71, 4s=9, 6s=2, Fantasy Score=142
2025-04-30 15:35:01,799 - INFO - Extracted data for Aniket Verma: Runs=12, 4s=1, 6s=0, Fantasy Score=17
2025-04-30 15:35:01,799 - INFO - Extracted data for Abhinav Manohar: Runs=43, 4s=2, 6s=3, Fantasy Score=78
2025-04-30 15:35:01,800 - INFO - Extracted data for Cummins (c): Runs=1, 4s=0, 6s=0, Fantasy Score=1
2025-04-30 15:35:01,800 - INFO - Extracted data for Harshal Patel: Runs=1, 4s=0, 6s=0, Fantasy Score=1
2025-04-30 15:35:01,800 - WARNING - Incorrect number of columns in batter row. Expected at least 4, got 0 for NA
2025-04-30 15:35:01,800 - WARNING - Incorrect number of columns in batter row. Expected at least 4, got 0 for NA
2025-04-30 15:35:01,800 - WARNING - Incorrect number of columns in batter row. Expected at least 4, got 0 for Jaydev Unadkat
2025-04-30 15:35:01,800 - INFO - Found 6 batter rows
2025-04-30 15:35:01,800 - INFO - Extracted data for D Chahar: Runs=4, 4s=2, 6s=0, Fantasy Score=14
2025-04-30 15:35:01,800 - INFO - Extracted data for Boult: Runs=4, 4s=4, 6s=0, Fantasy Score=24
2025-04-30 15:35:01,800 - INFO - Extracted data for Bumrah: Runs=4, 4s=1, 6s=0, Fantasy Score=9
2025-04-30 15:35:01,800 - INFO - Extracted data for Santner: Runs=4, 4s=0, 6s=0, Fantasy Score=4
2025-04-30 15:35:01,801 - INFO - Extracted data for Hardik Pandya (c): Runs=3, 4s=1, 6s=0, Fantasy Score=8
2025-04-30 15:35:01,801 - INFO - Extracted data for Vignesh Puthur: Runs=1, 4s=0, 6s=0, Fantasy Score=1
2025-04-30 15:35:01,801 - INFO - Found 0 batter rows
2025-04-30 15:35:01,801 - INFO - Found 8 batter rows
2025-04-30 15:35:01,801 - INFO - Extracted data for Ryan Rickelton (wk): Runs=11, 4s=2, 6s=0, Fantasy Score=21
2025-04-30 15:35:01,801 - INFO - Extracted data for Rohit Sharma: Runs=70, 4s=8, 6s=3, Fantasy Score=143
2025-04-30 15:35:01,801 - INFO - Extracted data for Will Jacks: Runs=22, 4s=2, 6s=1, Fantasy Score=39
2025-04-30 15:35:01,801 - INFO - Extracted data for Suryakumar Yadav: Runs=40, 4s=5, 6s=2, Fantasy Score=83
2025-04-30 15:35:01,801 - INFO - Extracted data for Tilak Varma: Runs=2, 4s=0, 6s=0, Fantasy Score=2
2025-04-30 15:35:01,802 - WARNING - Incorrect number of columns in batter row. Expected at least 4, got 0 for NA
2025-04-30 15:35:01,802 - WARNING - Incorrect number of columns in batter row. Expected at least 4, got 0 for NA
2025-04-30 15:35:01,802 - WARNING - Incorrect number of columns in batter row. Expected at least 4, got 0 for Hardik Pandya (c)
2025-04-30 15:35:01,802 - INFO - Found 5 batter rows
2025-04-30 15:35:01,802 - INFO - Extracted data for Pat Cummins (c): Runs=3, 4s=0, 6s=0, Fantasy Score=3
2025-04-30 15:35:01,802 - INFO - Extracted data for Jaydev Unadkat: Runs=3, 4s=1, 6s=0, Fantasy Score=8
2025-04-30 15:35:01,802 - INFO - Extracted data for Harshal Patel: Runs=3, 4s=0, 6s=0, Fantasy Score=3
2025-04-30 15:35:01,803 - INFO - Extracted data for Eshan Malinga: Runs=3, 4s=1, 6s=0, Fantasy Score=8
2025-04-30 15:35:01,803 - ERROR - Error parsing scorecard HTML: invalid literal for int() with base 10: '3.4'
2025-04-30 15:35:03,815 - INFO - Fetching scorecard link from: https://www.cricbuzz.com/cricket-scores/115230/rcb-vs-rr-42nd-match-indian-premier-league-2025
2025-04-30 15:35:04,146 - INFO - Found scorecard link: https://www.cricbuzz.com/live-cricket-scorecard/115230/rcb-vs-rr-42nd-match-indian-premier-league-2025
2025-04-30 15:35:04,146 - INFO - Processing scorecard for : https://www.cricbuzz.com/cricket-scores/115230/rcb-vs-rr-42nd-match-indian-premier-league-2025
2025-04-30 15:35:04,146 - INFO - Scraping scorecard from: https://www.cricbuzz.com/live-cricket-scorecard/115230/rcb-vs-rr-42nd-match-indian-premier-league-2025
2025-04-30 15:35:04,436 - INFO - Found 6 innings containers
2025-04-30 15:35:04,436 - INFO - Found 9 batter rows
2025-04-30 15:35:04,436 - INFO - Extracted data for Phil Salt: Runs=26, 4s=4, 6s=0, Fantasy Score=50
2025-04-30 15:35:04,437 - INFO - Extracted data for Kohli: Runs=70, 4s=8, 6s=2, Fantasy Score=136
2025-04-30 15:35:04,437 - INFO - Extracted data for Padikkal: Runs=50, 4s=4, 6s=3, Fantasy Score=103
2025-04-30 15:35:04,437 - INFO - Extracted data for Tim David: Runs=23, 4s=2, 6s=1, Fantasy Score=40
2025-04-30 15:35:04,437 - INFO - Extracted data for Rajat Patidar (c): Runs=1, 4s=0, 6s=0, Fantasy Score=1
2025-04-30 15:35:04,437 - INFO - Extracted data for Jitesh Sharma (wk): Runs=20, 4s=4, 6s=0, Fantasy Score=40
2025-04-30 15:35:04,437 - WARNING - Incorrect number of columns in batter row. Expected at least 4, got 0 for NA
2025-04-30 15:35:04,437 - WARNING - Incorrect number of columns in batter row. Expected at least 4, got 0 for NA
2025-04-30 15:35:04,437 - WARNING - Incorrect number of columns in batter row. Expected at least 4, got 0 for Krunal Pandya
2025-04-30 15:35:04,437 - INFO - Found 6 batter rows
2025-04-30 15:35:04,438 - INFO - Extracted data for Jofra Archer: Runs=4, 4s=1, 6s=0, Fantasy Score=9
2025-04-30 15:35:04,438 - INFO - Extracted data for Fazalhaq Farooqi: Runs=3, 4s=0, 6s=0, Fantasy Score=3
2025-04-30 15:35:04,438 - INFO - Extracted data for Tushar Deshpande: Runs=2, 4s=0, 6s=0, Fantasy Score=2
2025-04-30 15:35:04,438 - INFO - Extracted data for Sandeep Sharma: Runs=4, 4s=2, 6s=0, Fantasy Score=14
2025-04-30 15:35:04,438 - INFO - Extracted data for W Hasaranga: Runs=4, 4s=1, 6s=0, Fantasy Score=9
2025-04-30 15:35:04,438 - INFO - Extracted data for Riyan Parag (c): Runs=3, 4s=0, 6s=0, Fantasy Score=3
2025-04-30 15:35:04,438 - INFO - Found 0 batter rows
2025-04-30 15:35:04,438 - INFO - Found 14 batter rows
2025-04-30 15:35:04,439 - INFO - Extracted data for Yashasvi Jaiswal: Runs=49, 4s=7, 6s=3, Fantasy Score=109
2025-04-30 15:35:04,439 - INFO - Extracted data for Vaibhav Suryavanshi: Runs=16, 4s=0, 6s=2, Fantasy Score=30
2025-04-30 15:35:04,439 - INFO - Extracted data for Nitish Rana: Runs=28, 4s=3, 6s=1, Fantasy Score=54
2025-04-30 15:35:04,439 - INFO - Extracted data for Riyan Parag (c): Runs=22, 4s=2, 6s=2, Fantasy Score=46
2025-04-30 15:35:04,439 - INFO - Extracted data for Dhruv Jurel (wk): Runs=47, 4s=3, 6s=3, Fantasy Score=87
2025-04-30 15:35:04,439 - INFO - Extracted data for Shimron Hetmyer: Runs=11, 4s=1, 6s=0, Fantasy Score=16
2025-04-30 15:35:04,439 - INFO - Extracted data for Shubham Dubey: Runs=12, 4s=1, 6s=1, Fantasy Score=24
2025-04-30 15:35:04,439 - INFO - Extracted data for Jofra Archer: Runs=0, 4s=0, 6s=0, Fantasy Score=-2
2025-04-30 15:35:04,439 - INFO - Extracted data for Wanindu Hasaranga: Runs=1, 4s=0, 6s=0, Fantasy Score=1
2025-04-30 15:35:04,439 - INFO - Extracted data for Tushar Deshpande: Runs=1, 4s=0, 6s=0, Fantasy Score=1
2025-04-30 15:35:04,439 - INFO - Extracted data for Fazalhaq Farooqi: Runs=2, 4s=0, 6s=0, Fantasy Score=2
2025-04-30 15:35:04,440 - WARNING - Incorrect number of columns in batter row. Expected at least 4, got 0 for NA
2025-04-30 15:35:04,440 - WARNING - Incorrect number of columns in batter row. Expected at least 4, got 0 for NA
2025-04-30 15:35:04,440 - WARNING - Incorrect number of columns in batter row. Expected at least 4, got 0 for Sandeep Sharma
2025-04-30 15:35:04,440 - INFO - Found 6 batter rows
2025-04-30 15:35:04,440 - INFO - Extracted data for Bhuvneshwar Kumar: Runs=4, 4s=1, 6s=0, Fantasy Score=9
2025-04-30 15:35:04,440 - INFO - Extracted data for Yash Dayal: Runs=3, 4s=1, 6s=0, Fantasy Score=8
2025-04-30 15:35:04,440 - INFO - Extracted data for Josh Hazlewood: Runs=4, 4s=4, 6s=0, Fantasy Score=24
2025-04-30 15:35:04,440 - INFO - Extracted data for Romario Shepherd: Runs=1, 4s=0, 6s=0, Fantasy Score=1
2025-04-30 15:35:04,440 - INFO - Extracted data for Suyash Sharma: Runs=4, 4s=0, 6s=0, Fantasy Score=4
2025-04-30 15:35:04,440 - INFO - Extracted data for Krunal Pandya: Runs=4, 4s=2, 6s=0, Fantasy Score=14
2025-04-30 15:35:04,441 - INFO - Found 0 batter rows
2025-04-30 15:35:04,441 - INFO - Saving batting data to CSV file: batting_Fantasy.csv, write_header=False
2025-04-30 15:35:04,441 - INFO - Successfully saved batting data to batting_Fantasy.csv
2025-04-30 15:35:06,450 - INFO - Fetching scorecard link from: https://www.cricbuzz.com/live-cricket-scores/115239/csk-vs-srh-43rd-match-indian-premier-league-2025
2025-04-30 15:35:06,698 - INFO - Found scorecard link: https://www.cricbuzz.com/live-cricket-scorecard/115239/csk-vs-srh-43rd-match-indian-premier-league-2025
2025-04-30 15:35:06,698 - INFO - Processing scorecard for : https://www.cricbuzz.com/live-cricket-scores/115239/csk-vs-srh-43rd-match-indian-premier-league-2025
2025-04-30 15:35:06,699 - INFO - Scraping scorecard from: https://www.cricbuzz.com/live-cricket-scorecard/115239/csk-vs-srh-43rd-match-indian-premier-league-2025
2025-04-30 15:35:06,982 - INFO - Found 6 innings containers
2025-04-30 15:35:06,983 - INFO - Found 14 batter rows
2025-04-30 15:35:06,983 - INFO - Extracted data for Shaik Rasheed: Runs=0, 4s=0, 6s=0, Fantasy Score=-2
2025-04-30 15:35:06,983 - INFO - Extracted data for Ayush Mhatre: Runs=30, 4s=6, 6s=0, Fantasy Score=64
2025-04-30 15:35:06,983 - INFO - Extracted data for Sam Curran: Runs=9, 4s=1, 6s=0, Fantasy Score=14
2025-04-30 15:35:06,983 - INFO - Extracted data for Ravindra Jadeja: Runs=21, 4s=1, 6s=1, Fantasy Score=33
2025-04-30 15:35:06,983 - INFO - Extracted data for Dewald Brevis: Runs=42, 4s=1, 6s=4, Fantasy Score=79
2025-04-30 15:35:06,984 - INFO - Extracted data for Shivam Dube: Runs=12, 4s=2, 6s=0, Fantasy Score=22
2025-04-30 15:35:06,984 - INFO - Extracted data for Deepak Hooda: Runs=22, 4s=1, 6s=1, Fantasy Score=34
2025-04-30 15:35:06,984 - INFO - Extracted data for Dhoni (c & wk): Runs=6, 4s=1, 6s=0, Fantasy Score=11
2025-04-30 15:35:06,984 - INFO - Extracted data for Anshul Kamboj: Runs=2, 4s=0, 6s=0, Fantasy Score=2
2025-04-30 15:35:06,984 - INFO - Extracted data for Noor Ahmad: Runs=2, 4s=0, 6s=0, Fantasy Score=2
2025-04-30 15:35:06,984 - INFO - Extracted data for Khaleel Ahmed: Runs=1, 4s=0, 6s=0, Fantasy Score=1
2025-04-30 15:35:06,984 - WARNING - Incorrect number of columns in batter row. Expected at least 4, got 0 for NA
2025-04-30 15:35:06,984 - WARNING - Incorrect number of columns in batter row. Expected at least 4, got 0 for NA
2025-04-30 15:35:06,984 - WARNING - Incorrect number of columns in batter row. Expected at least 4, got 0 for Matheesha Pathirana
2025-04-30 15:35:06,985 - INFO - Found 6 batter rows
2025-04-30 15:35:06,985 - INFO - Extracted data for Shami: Runs=3, 4s=1, 6s=1, Fantasy Score=15
2025-04-30 15:35:06,985 - INFO - Extracted data for Cummins (c): Runs=4, 4s=2, 6s=0, Fantasy Score=14
2025-04-30 15:35:06,985 - ERROR - Error parsing scorecard HTML: invalid literal for int() with base 10: '2.5'
2025-04-30 15:35:08,991 - INFO - Fetching scorecard link from: https://www.cricbuzz.com/live-cricket-scores/115248/pbks-vs-kkr-44th-match-indian-premier-league-2025
2025-04-30 15:35:09,260 - INFO - Found scorecard link: https://www.cricbuzz.com/live-cricket-scorecard/115248/kkr-vs-pbks-44th-match-indian-premier-league-2025
2025-04-30 15:35:09,260 - INFO - Processing scorecard for : https://www.cricbuzz.com/live-cricket-scores/115248/pbks-vs-kkr-44th-match-indian-premier-league-2025
2025-04-30 15:35:09,261 - INFO - Scraping scorecard from: https://www.cricbuzz.com/live-cricket-scorecard/115248/kkr-vs-pbks-44th-match-indian-premier-league-2025
2025-04-30 15:35:09,451 - INFO - Found 6 innings containers
2025-04-30 15:35:09,451 - INFO - Found 9 batter rows
2025-04-30 15:35:09,451 - INFO - Extracted data for Priyansh Arya: Runs=69, 4s=8, 6s=4, Fantasy Score=149
2025-04-30 15:35:09,451 - INFO - Extracted data for Prabhsimran: Runs=83, 4s=6, 6s=6, Fantasy Score=179
2025-04-30 15:35:09,451 - INFO - Extracted data for Shreyas Iyer (c): Runs=25, 4s=1, 6s=1, Fantasy Score=41
2025-04-30 15:35:09,451 - INFO - Extracted data for Maxwell: Runs=7, 4s=1, 6s=0, Fantasy Score=12
2025-04-30 15:35:09,451 - INFO - Extracted data for Marco Jansen: Runs=3, 4s=0, 6s=0, Fantasy Score=3
2025-04-30 15:35:09,452 - INFO - Extracted data for Josh Inglis (wk): Runs=11, 4s=2, 6s=0, Fantasy Score=21
2025-04-30 15:35:09,452 - WARNING - Incorrect number of columns in batter row. Expected at least 4, got 0 for NA
2025-04-30 15:35:09,452 - WARNING - Incorrect number of columns in batter row. Expected at least 4, got 0 for NA
2025-04-30 15:35:09,452 - WARNING - Incorrect number of columns in batter row. Expected at least 4, got 0 for Nehal Wadhera
2025-04-30 15:35:09,452 - INFO - Found 6 batter rows
2025-04-30 15:35:09,452 - INFO - Extracted data for Vaibhav Arora: Runs=4, 4s=2, 6s=0, Fantasy Score=14
2025-04-30 15:35:09,452 - INFO - Extracted data for Chetan Sakariya: Runs=3, 4s=0, 6s=0, Fantasy Score=3
2025-04-30 15:35:09,452 - INFO - Extracted data for Harshit Rana: Runs=2, 4s=0, 6s=0, Fantasy Score=2
2025-04-30 15:35:09,452 - INFO - Extracted data for Varun Chakaravarthy: Runs=4, 4s=1, 6s=0, Fantasy Score=9
2025-04-30 15:35:09,452 - INFO - Extracted data for Narine: Runs=4, 4s=0, 6s=1, Fantasy Score=11
2025-04-30 15:35:09,453 - INFO - Extracted data for Russell: Runs=3, 4s=1, 6s=0, Fantasy Score=8
2025-04-30 15:35:09,453 - INFO - Found 0 batter rows
2025-04-30 15:35:09,453 - INFO - Found 5 batter rows
2025-04-30 15:35:09,453 - INFO - Extracted data for Rahmanullah Gurbaz (wk): Runs=1, 4s=0, 6s=0, Fantasy Score=1
2025-04-30 15:35:09,453 - INFO - Extracted data for Sunil Narine: Runs=4, 4s=1, 6s=0, Fantasy Score=9
2025-04-30 15:35:09,453 - WARNING - Incorrect number of columns in batter row. Expected at least 4, got 0 for NA
2025-04-30 15:35:09,453 - WARNING - Incorrect number of columns in batter row. Expected at least 4, got 0 for NA
2025-04-30 15:35:09,453 - WARNING - Incorrect number of columns in batter row. Expected at least 4, got 0 for Ajinkya Rahane (c)
2025-04-30 15:35:09,453 - INFO - Found 2 batter rows
2025-04-30 15:35:09,453 - INFO - Extracted data for Marco Jansen: Runs=1, 4s=0, 6s=0, Fantasy Score=1
2025-04-30 15:35:09,454 - INFO - Extracted data for Arshdeep Singh: Runs=0, 4s=0, 6s=0, Fantasy Score=-2
2025-04-30 15:35:09,454 - INFO - Found 0 batter rows
2025-04-30 15:35:09,454 - INFO - Saving batting data to CSV file: batting_Fantasy.csv, write_header=False
2025-04-30 15:35:09,454 - INFO - Successfully saved batting data to batting_Fantasy.csv
2025-04-30 15:35:11,459 - INFO - Fetching scorecard link from: https://www.cricbuzz.com/live-cricket-scores/115255/mi-vs-lsg-45th-match-indian-premier-league-2025
2025-04-30 15:35:11,703 - INFO - Found scorecard link: https://www.cricbuzz.com/live-cricket-scorecard/115255/mi-vs-lsg-45th-match-indian-premier-league-2025
2025-04-30 15:35:11,703 - INFO - Processing scorecard for : https://www.cricbuzz.com/live-cricket-scores/115255/mi-vs-lsg-45th-match-indian-premier-league-2025
2025-04-30 15:35:11,703 - INFO - Scraping scorecard from: https://www.cricbuzz.com/live-cricket-scorecard/115255/mi-vs-lsg-45th-match-indian-premier-league-2025
2025-04-30 15:35:11,944 - INFO - Found 6 innings containers
2025-04-30 15:35:11,945 - INFO - Found 12 batter rows
2025-04-30 15:35:11,945 - INFO - Extracted data for Rickelton (wk): Runs=58, 4s=6, 6s=4, Fantasy Score=128
2025-04-30 15:35:11,945 - INFO - Extracted data for Rohit: Runs=12, 4s=0, 6s=2, Fantasy Score=26
2025-04-30 15:35:11,945 - INFO - Extracted data for Will Jacks: Runs=29, 4s=3, 6s=1, Fantasy Score=55
2025-04-30 15:35:11,945 - INFO - Extracted data for Suryakumar Yadav: Runs=54, 4s=4, 6s=4, Fantasy Score=114
2025-04-30 15:35:11,945 - INFO - Extracted data for Tilak Varma: Runs=6, 4s=1, 6s=0, Fantasy Score=11
2025-04-30 15:35:11,945 - INFO - Extracted data for Hardik Pandya (c): Runs=5, 4s=0, 6s=0, Fantasy Score=5
2025-04-30 15:35:11,946 - INFO - Extracted data for Naman Dhir: Runs=25, 4s=2, 6s=2, Fantasy Score=53
2025-04-30 15:35:11,946 - INFO - Extracted data for Corbin Bosch: Runs=20, 4s=2, 6s=1, Fantasy Score=37
2025-04-30 15:35:11,946 - INFO - Extracted data for D Chahar: Runs=1, 4s=0, 6s=0, Fantasy Score=1
2025-04-30 15:35:11,946 - WARNING - Incorrect number of columns in batter row. Expected at least 4, got 0 for NA
2025-04-30 15:35:11,946 - WARNING - Incorrect number of columns in batter row. Expected at least 4, got 0 for NA
2025-04-30 15:35:11,946 - WARNING - Incorrect number of columns in batter row. Expected at least 4, got 0 for Boult
2025-04-30 15:35:11,946 - INFO - Found 5 batter rows
2025-04-30 15:35:11,946 - INFO - Extracted data for Mayank Yadav: Runs=4, 4s=2, 6s=0, Fantasy Score=14
2025-04-30 15:35:11,946 - INFO - Extracted data for Prince Yadav: Runs=4, 4s=1, 6s=0, Fantasy Score=9
2025-04-30 15:35:11,947 - INFO - Extracted data for Digvesh Rathi: Runs=4, 4s=1, 6s=0, Fantasy Score=9
2025-04-30 15:35:11,947 - INFO - Extracted data for Ravi Bishnoi: Runs=4, 4s=1, 6s=0, Fantasy Score=9
2025-04-30 15:35:11,947 - INFO - Extracted data for Avesh Khan: Runs=4, 4s=2, 6s=0, Fantasy Score=14
2025-04-30 15:35:11,947 - INFO - Found 0 batter rows
2025-04-30 15:35:11,947 - INFO - Found 14 batter rows
2025-04-30 15:35:11,947 - INFO - Extracted data for Mitchell Marsh: Runs=34, 4s=3, 6s=2, Fantasy Score=67
2025-04-30 15:35:11,948 - INFO - Extracted data for Aiden Markram: Runs=9, 4s=2, 6s=0, Fantasy Score=19
2025-04-30 15:35:11,948 - INFO - Extracted data for Nicholas Pooran: Runs=27, 4s=1, 6s=3, Fantasy Score=57
2025-04-30 15:35:11,948 - INFO - Extracted data for Rishabh Pant (c & wk): Runs=4, 4s=1, 6s=0, Fantasy Score=9
2025-04-30 15:35:11,948 - INFO - Extracted data for Ayush Badoni: Runs=35, 4s=2, 6s=2, Fantasy Score=63
2025-04-30 15:35:11,948 - INFO - Extracted data for David Miller: Runs=24, 4s=3, 6s=0, Fantasy Score=39
2025-04-30 15:35:11,948 - INFO - Extracted data for Abdul Samad: Runs=2, 4s=0, 6s=0, Fantasy Score=2
2025-04-30 15:35:11,948 - INFO - Extracted data for Ravi Bishnoi: Runs=13, 4s=0, 6s=2, Fantasy Score=27
2025-04-30 15:35:11,948 - INFO - Extracted data for Avesh Khan: Runs=0, 4s=0, 6s=0, Fantasy Score=-2
2025-04-30 15:35:11,948 - INFO - Extracted data for Prince Yadav: Runs=4, 4s=0, 6s=0, Fantasy Score=4
2025-04-30 15:35:11,948 - INFO - Extracted data for Digvesh Singh Rathi: Runs=1, 4s=0, 6s=0, Fantasy Score=1
2025-04-30 15:35:11,948 - WARNING - Incorrect number of columns in batter row. Expected at least 4, got 0 for NA
2025-04-30 15:35:11,949 - WARNING - Incorrect number of columns in batter row. Expected at least 4, got 0 for NA
2025-04-30 15:35:11,949 - WARNING - Incorrect number of columns in batter row. Expected at least 4, got 0 for Mayank Yadav
2025-04-30 15:35:11,949 - INFO - Found 7 batter rows
2025-04-30 15:35:11,949 - INFO - Extracted data for Trent Boult: Runs=4, 4s=3, 6s=0, Fantasy Score=19
2025-04-30 15:35:11,949 - INFO - Extracted data for Deepak Chahar: Runs=3, 4s=0, 6s=1, Fantasy Score=10
2025-04-30 15:35:11,949 - INFO - Extracted data for Jasprit Bumrah: Runs=4, 4s=4, 6s=0, Fantasy Score=24
2025-04-30 15:35:11,949 - INFO - Extracted data for Will Jacks: Runs=2, 4s=2, 6s=0, Fantasy Score=12
2025-04-30 15:35:11,949 - INFO - Extracted data for Karn Sharma: Runs=2, 4s=0, 6s=0, Fantasy Score=2
2025-04-30 15:35:11,950 - INFO - Extracted data for Hardik Pandya (c): Runs=1, 4s=0, 6s=0, Fantasy Score=1
2025-04-30 15:35:11,950 - INFO - Extracted data for Corbin Bosch: Runs=4, 4s=1, 6s=0, Fantasy Score=9
2025-04-30 15:35:11,950 - INFO - Found 0 batter rows
2025-04-30 15:35:11,950 - INFO - Saving batting data to CSV file: batting_Fantasy.csv, write_header=False
2025-04-30 15:35:11,950 - INFO - Successfully saved batting data to batting_Fantasy.csv
2025-04-30 15:35:13,956 - INFO - Fetching scorecard link from: https://www.cricbuzz.com/live-cricket-scores/115257/dc-vs-rcb-46th-match-indian-premier-league-2025
2025-04-30 15:35:14,219 - INFO - Found scorecard link: https://www.cricbuzz.com/live-cricket-scorecard/115257/dc-vs-rcb-46th-match-indian-premier-league-2025
2025-04-30 15:35:14,219 - INFO - Processing scorecard for : https://www.cricbuzz.com/live-cricket-scores/115257/dc-vs-rcb-46th-match-indian-premier-league-2025
2025-04-30 15:35:14,219 - INFO - Scraping scorecard from: https://www.cricbuzz.com/live-cricket-scorecard/115257/dc-vs-rcb-46th-match-indian-premier-league-2025
2025-04-30 15:35:14,515 - INFO - Found 6 innings containers
2025-04-30 15:35:14,516 - INFO - Found 13 batter rows
2025-04-30 15:35:14,516 - INFO - Extracted data for Abishek Porel: Runs=28, 4s=2, 6s=2, Fantasy Score=56
2025-04-30 15:35:14,516 - INFO - Extracted data for du Plessis: Runs=22, 4s=2, 6s=0, Fantasy Score=32
2025-04-30 15:35:14,516 - INFO - Extracted data for Karun Nair: Runs=4, 4s=1, 6s=0, Fantasy Score=9
2025-04-30 15:35:14,516 - INFO - Extracted data for Rahul (wk): Runs=41, 4s=3, 6s=0, Fantasy Score=60
2025-04-30 15:35:14,516 - INFO - Extracted data for Axar (c): Runs=15, 4s=1, 6s=1, Fantasy Score=27
2025-04-30 15:35:14,516 - INFO - Extracted data for Stubbs: Runs=34, 4s=5, 6s=1, Fantasy Score=70
2025-04-30 15:35:14,516 - INFO - Extracted data for Ashutosh Sharma: Runs=2, 4s=0, 6s=0, Fantasy Score=2
2025-04-30 15:35:14,517 - INFO - Extracted data for Vipraj Nigam: Runs=12, 4s=0, 6s=1, Fantasy Score=19
2025-04-30 15:35:14,517 - INFO - Extracted data for Mitchell Starc: Runs=0, 4s=0, 6s=0, Fantasy Score=-2
2025-04-30 15:35:14,517 - INFO - Extracted data for Chameera: Runs=0, 4s=0, 6s=0, Fantasy Score=-2
2025-04-30 15:35:14,517 - WARNING - Incorrect number of columns in batter row. Expected at least 4, got 0 for NA
2025-04-30 15:35:14,517 - WARNING - Incorrect number of columns in batter row. Expected at least 4, got 0 for NA
2025-04-30 15:35:14,517 - WARNING - Incorrect number of columns in batter row. Expected at least 4, got 0 for Kuldeep Yadav
2025-04-30 15:35:14,517 - INFO - Found 5 batter rows
2025-04-30 15:35:14,517 - INFO - Extracted data for Bhuvneshwar: Runs=4, 4s=3, 6s=0, Fantasy Score=19
2025-04-30 15:35:14,517 - INFO - Extracted data for Yash Dayal: Runs=4, 4s=1, 6s=1, Fantasy Score=16
2025-04-30 15:35:14,518 - INFO - Extracted data for Hazlewood: Runs=4, 4s=2, 6s=0, Fantasy Score=14
2025-04-30 15:35:14,518 - INFO - Extracted data for Suyash Sharma: Runs=4, 4s=0, 6s=0, Fantasy Score=4
2025-04-30 15:35:14,518 - INFO - Extracted data for Krunal Pandya: Runs=4, 4s=1, 6s=0, Fantasy Score=9
2025-04-30 15:35:14,518 - INFO - Found 0 batter rows
2025-04-30 15:35:14,518 - INFO - Found 9 batter rows
2025-04-30 15:35:14,518 - INFO - Extracted data for Jacob Bethell: Runs=12, 4s=1, 6s=1, Fantasy Score=24
2025-04-30 15:35:14,518 - INFO - Extracted data for Virat Kohli: Runs=51, 4s=4, 6s=0, Fantasy Score=83
2025-04-30 15:35:14,518 - INFO - Extracted data for Devdutt Padikkal: Runs=0, 4s=0, 6s=0, Fantasy Score=-2
2025-04-30 15:35:14,519 - INFO - Extracted data for Rajat Patidar (c): Runs=6, 4s=1, 6s=0, Fantasy Score=11
2025-04-30 15:35:14,519 - INFO - Extracted data for Krunal Pandya: Runs=73, 4s=5, 6s=4, Fantasy Score=138
2025-04-30 15:35:14,519 - INFO - Extracted data for Tim David: Runs=19, 4s=3, 6s=1, Fantasy Score=41
2025-04-30 15:35:14,519 - WARNING - Incorrect number of columns in batter row. Expected at least 4, got 0 for NA
2025-04-30 15:35:14,519 - WARNING - Incorrect number of columns in batter row. Expected at least 4, got 0 for NA
2025-04-30 15:35:14,519 - WARNING - Incorrect number of columns in batter row. Expected at least 4, got 0 for Jitesh Sharma (wk)
2025-04-30 15:35:14,519 - INFO - Found 6 batter rows
2025-04-30 15:35:14,519 - INFO - Extracted data for Axar Patel (c): Runs=4, 4s=2, 6s=0, Fantasy Score=14
2025-04-30 15:35:14,519 - INFO - Extracted data for Mitchell Starc: Runs=3, 4s=0, 6s=0, Fantasy Score=3
2025-04-30 15:35:14,519 - ERROR - Error parsing scorecard HTML: invalid literal for int() with base 10: '3.3'
2025-04-30 15:35:16,534 - INFO - Fetching scorecard link from: https://www.cricbuzz.com/live-cricket-scores/115266/gt-vs-rr-47th-match-indian-premier-league-2025
2025-04-30 15:35:16,802 - INFO - Found scorecard link: https://www.cricbuzz.com/live-cricket-scorecard/115266/rr-vs-gt-47th-match-indian-premier-league-2025
2025-04-30 15:35:16,803 - INFO - Processing scorecard for : https://www.cricbuzz.com/live-cricket-scores/115266/gt-vs-rr-47th-match-indian-premier-league-2025
2025-04-30 15:35:16,803 - INFO - Scraping scorecard from: https://www.cricbuzz.com/live-cricket-scorecard/115266/rr-vs-gt-47th-match-indian-premier-league-2025
2025-04-30 15:35:16,994 - INFO - Found 6 innings containers
2025-04-30 15:35:16,994 - INFO - Found 9 batter rows
2025-04-30 15:35:16,994 - INFO - Extracted data for Sai Sudharsan: Runs=39, 4s=4, 6s=1, Fantasy Score=70
2025-04-30 15:35:16,994 - INFO - Extracted data for Shubman Gill (c): Runs=84, 4s=5, 6s=4, Fantasy Score=161
2025-04-30 15:35:16,994 - INFO - Extracted data for Jos Buttler (wk): Runs=50, 4s=3, 6s=4, Fantasy Score=105
2025-04-30 15:35:16,995 - INFO - Extracted data for Washington Sundar: Runs=13, 4s=0, 6s=1, Fantasy Score=20
2025-04-30 15:35:16,995 - INFO - Extracted data for Rahul Tewatia: Runs=9, 4s=0, 6s=1, Fantasy Score=16
2025-04-30 15:35:16,995 - INFO - Extracted data for Shahrukh Khan: Runs=5, 4s=1, 6s=0, Fantasy Score=10
2025-04-30 15:35:16,995 - WARNING - Incorrect number of columns in batter row. Expected at least 4, got 0 for NA
2025-04-30 15:35:16,995 - WARNING - Incorrect number of columns in batter row. Expected at least 4, got 0 for NA
2025-04-30 15:35:16,995 - WARNING - Incorrect number of columns in batter row. Expected at least 4, got 0 for Karim Janat
2025-04-30 15:35:16,995 - INFO - Found 6 batter rows
2025-04-30 15:35:16,995 - INFO - Extracted data for Jofra Archer: Runs=4, 4s=1, 6s=0, Fantasy Score=9
2025-04-30 15:35:16,995 - INFO - Extracted data for M Theekshana: Runs=4, 4s=2, 6s=0, Fantasy Score=14
2025-04-30 15:35:16,995 - INFO - Extracted data for Yudhvir Singh: Runs=3, 4s=0, 6s=0, Fantasy Score=3
2025-04-30 15:35:16,995 - INFO - Extracted data for Sandeep Sharma: Runs=4, 4s=1, 6s=0, Fantasy Score=9
2025-04-30 15:35:16,995 - INFO - Extracted data for Riyan Parag (c): Runs=1, 4s=0, 6s=0, Fantasy Score=1
2025-04-30 15:35:16,995 - INFO - Extracted data for W Hasaranga: Runs=4, 4s=0, 6s=0, Fantasy Score=4
2025-04-30 15:35:16,995 - INFO - Found 0 batter rows
2025-04-30 15:35:16,995 - INFO - Found 7 batter rows
2025-04-30 15:35:16,995 - INFO - Extracted data for Yashasvi Jaiswal: Runs=70, 4s=9, 6s=2, Fantasy Score=141
2025-04-30 15:35:16,996 - INFO - Extracted data for Vaibhav Suryavanshi: Runs=101, 4s=7, 6s=11, Fantasy Score=253
2025-04-30 15:35:16,996 - INFO - Extracted data for Nitish Rana: Runs=4, 4s=1, 6s=0, Fantasy Score=9
2025-04-30 15:35:16,996 - INFO - Extracted data for Riyan Parag (c): Runs=32, 4s=2, 6s=2, Fantasy Score=60
2025-04-30 15:35:16,996 - WARNING - Incorrect number of columns in batter row. Expected at least 4, got 0 for NA
2025-04-30 15:35:16,996 - WARNING - Incorrect number of columns in batter row. Expected at least 4, got 0 for NA
2025-04-30 15:35:16,996 - WARNING - Incorrect number of columns in batter row. Expected at least 4, got 0 for Dhruv Jurel (wk)
2025-04-30 15:35:16,996 - INFO - Found 7 batter rows
2025-04-30 15:35:16,996 - INFO - Extracted data for Mohammed Siraj: Runs=2, 4s=0, 6s=0, Fantasy Score=2
2025-04-30 15:35:16,997 - INFO - Extracted data for Ishant Sharma: Runs=2, 4s=0, 6s=0, Fantasy Score=2
2025-04-30 15:35:16,997 - ERROR - Error parsing scorecard HTML: invalid literal for int() with base 10: '1.5'
2025-04-30 15:35:19,011 - INFO - Fetching scorecard link from: https://www.cricbuzz.com/live-cricket-scores/115275/kkr-vs-dc-48th-match-indian-premier-league-2025
2025-04-30 15:35:19,238 - INFO - Found scorecard link: https://www.cricbuzz.com/live-cricket-scorecard/115275/dc-vs-kkr-48th-match-indian-premier-league-2025
2025-04-30 15:35:19,239 - INFO - Processing scorecard for : https://www.cricbuzz.com/live-cricket-scores/115275/kkr-vs-dc-48th-match-indian-premier-league-2025
2025-04-30 15:35:19,239 - INFO - Scraping scorecard from: https://www.cricbuzz.com/live-cricket-scorecard/115275/dc-vs-kkr-48th-match-indian-premier-league-2025
2025-04-30 15:35:19,517 - INFO - Found 6 innings containers
2025-04-30 15:35:19,518 - INFO - Found 14 batter rows
2025-04-30 15:35:19,518 - INFO - Extracted data for Gurbaz (wk): Runs=26, 4s=5, 6s=1, Fantasy Score=62
2025-04-30 15:35:19,518 - INFO - Extracted data for Narine: Runs=27, 4s=2, 6s=2, Fantasy Score=55
2025-04-30 15:35:19,518 - INFO - Extracted data for Ajinkya Rahane (c): Runs=26, 4s=4, 6s=1, Fantasy Score=57
2025-04-30 15:35:19,518 - INFO - Extracted data for Angkrish Raghuvanshi: Runs=44, 4s=3, 6s=2, Fantasy Score=77
2025-04-30 15:35:19,518 - INFO - Extracted data for Venkatesh Iyer: Runs=7, 4s=1, 6s=0, Fantasy Score=12
2025-04-30 15:35:19,518 - INFO - Extracted data for Rinku Singh: Runs=36, 4s=3, 6s=1, Fantasy Score=62
2025-04-30 15:35:19,518 - INFO - Extracted data for Russell: Runs=17, 4s=2, 6s=1, Fantasy Score=34
2025-04-30 15:35:19,518 - INFO - Extracted data for Rovman Powell: Runs=5, 4s=1, 6s=0, Fantasy Score=10
2025-04-30 15:35:19,519 - INFO - Extracted data for Anukul Roy: Runs=0, 4s=0, 6s=0, Fantasy Score=-2
2025-04-30 15:35:19,519 - INFO - Extracted data for Harshit Rana: Runs=0, 4s=0, 6s=0, Fantasy Score=-2
2025-04-30 15:35:19,519 - INFO - Extracted data for Varun Chakaravarthy: Runs=1, 4s=0, 6s=0, Fantasy Score=1
2025-04-30 15:35:19,519 - WARNING - Incorrect number of columns in batter row. Expected at least 4, got 0 for NA
2025-04-30 15:35:19,519 - WARNING - Incorrect number of columns in batter row. Expected at least 4, got 0 for NA
2025-04-30 15:35:19,519 - WARNING - Incorrect number of columns in batter row. Expected at least 4, got 0 for Vaibhav Arora
2025-04-30 15:35:19,519 - INFO - Found 6 batter rows
2025-04-30 15:35:19,519 - INFO - Extracted data for Mitchell Starc: Runs=4, 4s=3, 6s=0, Fantasy Score=19
2025-04-30 15:35:19,519 - INFO - Extracted data for Chameera: Runs=3, 4s=1, 6s=0, Fantasy Score=8
2025-04-30 15:35:19,519 - INFO - Extracted data for Mukesh Kumar: Runs=2, 4s=0, 6s=0, Fantasy Score=2
2025-04-30 15:35:19,520 - INFO - Extracted data for Vipraj Nigam: Runs=4, 4s=2, 6s=1, Fantasy Score=21
2025-04-30 15:35:19,520 - INFO - Extracted data for Axar (c): Runs=4, 4s=2, 6s=0, Fantasy Score=14
2025-04-30 15:35:19,520 - INFO - Extracted data for Kuldeep Yadav: Runs=3, 4s=0, 6s=0, Fantasy Score=3
2025-04-30 15:35:19,520 - INFO - Found 0 batter rows
2025-04-30 15:35:19,520 - INFO - Found 14 batter rows
2025-04-30 15:35:19,520 - INFO - Extracted data for Abishek Porel (wk): Runs=4, 4s=1, 6s=0, Fantasy Score=9
2025-04-30 15:35:19,520 - INFO - Extracted data for Faf du Plessis: Runs=62, 4s=7, 6s=2, Fantasy Score=123
2025-04-30 15:35:19,520 - INFO - Extracted data for Karun Nair: Runs=15, 4s=2, 6s=0, Fantasy Score=25
2025-04-30 15:35:19,521 - INFO - Extracted data for KL Rahul: Runs=7, 4s=1, 6s=0, Fantasy Score=12
2025-04-30 15:35:19,521 - INFO - Extracted data for Axar Patel (c): Runs=43, 4s=4, 6s=3, Fantasy Score=88
2025-04-30 15:35:19,521 - INFO - Extracted data for Tristan Stubbs: Runs=1, 4s=0, 6s=0, Fantasy Score=1
2025-04-30 15:35:19,521 - INFO - Extracted data for Vipraj Nigam: Runs=38, 4s=5, 6s=2, Fantasy Score=81
2025-04-30 15:35:19,521 - INFO - Extracted data for Ashutosh Sharma: Runs=7, 4s=0, 6s=1, Fantasy Score=14
2025-04-30 15:35:19,521 - INFO - Extracted data for Mitchell Starc: Runs=0, 4s=0, 6s=0, Fantasy Score=-2
2025-04-30 15:35:19,521 - INFO - Extracted data for Dushmantha Chameera: Runs=2, 4s=0, 6s=0, Fantasy Score=2
2025-04-30 15:35:19,521 - INFO - Extracted data for Kuldeep Yadav: Runs=1, 4s=0, 6s=0, Fantasy Score=1
2025-04-30 15:35:19,521 - WARNING - Incorrect number of columns in batter row. Expected at least 4, got 0 for NA
2025-04-30 15:35:19,521 - WARNING - Incorrect number of columns in batter row. Expected at least 4, got 0 for NA
2025-04-30 15:35:19,522 - WARNING - Incorrect number of columns in batter row. Expected at least 4, got 0 for Mukesh Kumar
2025-04-30 15:35:19,522 - INFO - Found 6 batter rows
2025-04-30 15:35:19,522 - INFO - Extracted data for Anukul Roy: Runs=4, 4s=1, 6s=0, Fantasy Score=9
2025-04-30 15:35:19,522 - INFO - Extracted data for Vaibhav Arora: Runs=2, 4s=1, 6s=0, Fantasy Score=7
2025-04-30 15:35:19,522 - INFO - Extracted data for Harshit Rana: Runs=4, 4s=0, 6s=0, Fantasy Score=4
2025-04-30 15:35:19,522 - INFO - Extracted data for Varun Chakaravarthy: Runs=4, 4s=2, 6s=0, Fantasy Score=14
2025-04-30 15:35:19,522 - INFO - Extracted data for Sunil Narine: Runs=4, 4s=3, 6s=0, Fantasy Score=19
2025-04-30 15:35:19,522 - INFO - Extracted data for Andre Russell: Runs=2, 4s=1, 6s=1, Fantasy Score=14
2025-04-30 15:35:19,523 - INFO - Found 0 batter rows
2025-04-30 15:35:19,523 - INFO - Saving batting data to CSV file: batting_Fantasy.csv, write_header=False
2025-04-30 15:35:19,523 - INFO - Successfully saved batting data to batting_Fantasy.csv
2025-04-30 15:35:21,539 - INFO - Fetching scorecard link from: https://www.cricbuzz.com/live-cricket-scores/115282/csk-vs-pbks-49th-match-indian-premier-league-2025
2025-04-30 15:35:21,758 - INFO - Found scorecard link: https://www.cricbuzz.com/live-cricket-scorecard/115282/csk-vs-pbks-49th-match-indian-premier-league-2025
2025-04-30 15:35:21,759 - INFO - Processing scorecard for : https://www.cricbuzz.com/live-cricket-scores/115282/csk-vs-pbks-49th-match-indian-premier-league-2025
2025-04-30 15:35:21,759 - INFO - Scraping scorecard from: https://www.cricbuzz.com/live-cricket-scorecard/115282/csk-vs-pbks-49th-match-indian-premier-league-2025
2025-04-30 15:35:21,960 - INFO - Found 0 innings containers
2025-04-30 15:35:23,963 - INFO - Fetching scorecard link from: https://www.cricbuzz.com/live-cricket-scores/115291/rr-vs-mi-50th-match-indian-premier-league-2025
2025-04-30 15:35:24,239 - INFO - Found scorecard link: https://www.cricbuzz.com/live-cricket-scorecard/115291/rr-vs-mi-50th-match-indian-premier-league-2025
2025-04-30 15:35:24,239 - INFO - Processing scorecard for : https://www.cricbuzz.com/live-cricket-scores/115291/rr-vs-mi-50th-match-indian-premier-league-2025
2025-04-30 15:35:24,239 - INFO - Scraping scorecard from: https://www.cricbuzz.com/live-cricket-scorecard/115291/rr-vs-mi-50th-match-indian-premier-league-2025
2025-04-30 15:35:24,485 - INFO - Found 0 innings containers
2025-04-30 15:35:26,497 - INFO - Fetching scorecard link from: https://www.cricbuzz.com/live-cricket-scores/115300/gt-vs-srh-51st-match-indian-premier-league-2025
2025-04-30 15:35:26,993 - INFO - Found scorecard link: https://www.cricbuzz.com/live-cricket-scorecard/115300/gt-vs-srh-51st-match-indian-premier-league-2025
2025-04-30 15:35:26,993 - INFO - Processing scorecard for : https://www.cricbuzz.com/live-cricket-scores/115300/gt-vs-srh-51st-match-indian-premier-league-2025
2025-04-30 15:35:26,993 - INFO - Scraping scorecard from: https://www.cricbuzz.com/live-cricket-scorecard/115300/gt-vs-srh-51st-match-indian-premier-league-2025
2025-04-30 15:35:27,723 - INFO - Found 0 innings containers
2025-04-30 15:35:29,733 - INFO - Fetching scorecard link from: https://www.cricbuzz.com/live-cricket-scores/115302/rcb-vs-csk-52nd-match-indian-premier-league-2025
2025-04-30 15:35:29,988 - INFO - Found scorecard link: https://www.cricbuzz.com/live-cricket-scorecard/115302/rcb-vs-csk-52nd-match-indian-premier-league-2025
2025-04-30 15:35:29,988 - INFO - Processing scorecard for : https://www.cricbuzz.com/live-cricket-scores/115302/rcb-vs-csk-52nd-match-indian-premier-league-2025
2025-04-30 15:35:29,988 - INFO - Scraping scorecard from: https://www.cricbuzz.com/live-cricket-scorecard/115302/rcb-vs-csk-52nd-match-indian-premier-league-2025
2025-04-30 15:35:30,242 - INFO - Found 0 innings containers
2025-04-30 15:35:32,244 - INFO - Fetching scorecard link from: https://www.cricbuzz.com/live-cricket-scores/115309/kkr-vs-rr-53rd-match-indian-premier-league-2025
2025-04-30 15:35:32,800 - INFO - Found scorecard link: https://www.cricbuzz.com/live-cricket-scorecard/115309/kkr-vs-rr-53rd-match-indian-premier-league-2025
2025-04-30 15:35:32,800 - INFO - Processing scorecard for : https://www.cricbuzz.com/live-cricket-scores/115309/kkr-vs-rr-53rd-match-indian-premier-league-2025
2025-04-30 15:35:32,801 - INFO - Scraping scorecard from: https://www.cricbuzz.com/live-cricket-scorecard/115309/kkr-vs-rr-53rd-match-indian-premier-league-2025
2025-04-30 15:35:33,173 - INFO - Found 0 innings containers
2025-04-30 15:35:35,175 - INFO - Fetching scorecard link from: https://www.cricbuzz.com/live-cricket-scores/115318/pbks-vs-lsg-54th-match-indian-premier-league-2025
2025-04-30 15:35:35,630 - INFO - Found scorecard link: https://www.cricbuzz.com/live-cricket-scorecard/115318/pbks-vs-lsg-54th-match-indian-premier-league-2025
2025-04-30 15:35:35,630 - INFO - Processing scorecard for : https://www.cricbuzz.com/live-cricket-scores/115318/pbks-vs-lsg-54th-match-indian-premier-league-2025
2025-04-30 15:35:35,631 - INFO - Scraping scorecard from: https://www.cricbuzz.com/live-cricket-scorecard/115318/pbks-vs-lsg-54th-match-indian-premier-league-2025
2025-04-30 15:35:35,991 - INFO - Found 0 innings containers
2025-04-30 15:35:37,995 - INFO - Fetching scorecard link from: https://www.cricbuzz.com/live-cricket-scores/115327/srh-vs-dc-55th-match-indian-premier-league-2025
2025-04-30 15:35:38,487 - INFO - Found scorecard link: https://www.cricbuzz.com/live-cricket-scorecard/115327/srh-vs-dc-55th-match-indian-premier-league-2025
2025-04-30 15:35:38,488 - INFO - Processing scorecard for : https://www.cricbuzz.com/live-cricket-scores/115327/srh-vs-dc-55th-match-indian-premier-league-2025
2025-04-30 15:35:38,488 - INFO - Scraping scorecard from: https://www.cricbuzz.com/live-cricket-scorecard/115327/srh-vs-dc-55th-match-indian-premier-league-2025
2025-04-30 15:35:38,912 - INFO - Found 0 innings containers
2025-04-30 15:35:40,925 - INFO - Fetching scorecard link from: https://www.cricbuzz.com/live-cricket-scores/115336/mi-vs-gt-56th-match-indian-premier-league-2025
2025-04-30 15:35:41,364 - INFO - Found scorecard link: https://www.cricbuzz.com/live-cricket-scorecard/115336/mi-vs-gt-56th-match-indian-premier-league-2025
2025-04-30 15:35:41,364 - INFO - Processing scorecard for : https://www.cricbuzz.com/live-cricket-scores/115336/mi-vs-gt-56th-match-indian-premier-league-2025
2025-04-30 15:35:41,364 - INFO - Scraping scorecard from: https://www.cricbuzz.com/live-cricket-scorecard/115336/mi-vs-gt-56th-match-indian-premier-league-2025
2025-04-30 15:35:41,818 - INFO - Found 0 innings containers
2025-04-30 15:35:43,825 - INFO - Fetching scorecard link from: https://www.cricbuzz.com/live-cricket-scores/115345/kkr-vs-csk-57th-match-indian-premier-league-2025
2025-04-30 15:35:44,302 - INFO - Found scorecard link: https://www.cricbuzz.com/live-cricket-scorecard/115345/kkr-vs-csk-57th-match-indian-premier-league-2025
2025-04-30 15:35:44,302 - INFO - Processing scorecard for : https://www.cricbuzz.com/live-cricket-scores/115345/kkr-vs-csk-57th-match-indian-premier-league-2025
2025-04-30 15:35:44,302 - INFO - Scraping scorecard from: https://www.cricbuzz.com/live-cricket-scorecard/115345/kkr-vs-csk-57th-match-indian-premier-league-2025
2025-04-30 15:35:44,682 - INFO - Found 0 innings containers
2025-04-30 15:35:46,691 - INFO - Fetching scorecard link from: https://www.cricbuzz.com/live-cricket-scores/115347/pbks-vs-dc-58th-match-indian-premier-league-2025
2025-04-30 15:35:46,963 - INFO - Found scorecard link: https://www.cricbuzz.com/live-cricket-scorecard/115347/pbks-vs-dc-58th-match-indian-premier-league-2025
2025-04-30 15:35:46,963 - INFO - Processing scorecard for : https://www.cricbuzz.com/live-cricket-scores/115347/pbks-vs-dc-58th-match-indian-premier-league-2025
2025-04-30 15:35:46,963 - INFO - Scraping scorecard from: https://www.cricbuzz.com/live-cricket-scorecard/115347/pbks-vs-dc-58th-match-indian-premier-league-2025
2025-04-30 15:35:47,628 - INFO - Found 0 innings containers
2025-04-30 15:35:49,634 - INFO - Fetching scorecard link from: https://www.cricbuzz.com/live-cricket-scores/115354/lsg-vs-rcb-59th-match-indian-premier-league-2025
2025-04-30 15:35:50,116 - INFO - Found scorecard link: https://www.cricbuzz.com/live-cricket-scorecard/115354/lsg-vs-rcb-59th-match-indian-premier-league-2025
2025-04-30 15:35:50,116 - INFO - Processing scorecard for : https://www.cricbuzz.com/live-cricket-scores/115354/lsg-vs-rcb-59th-match-indian-premier-league-2025
2025-04-30 15:35:50,117 - INFO - Scraping scorecard from: https://www.cricbuzz.com/live-cricket-scorecard/115354/lsg-vs-rcb-59th-match-indian-premier-league-2025
2025-04-30 15:35:50,481 - INFO - Found 0 innings containers
2025-04-30 15:35:52,495 - INFO - Fetching scorecard link from: https://www.cricbuzz.com/live-cricket-scores/115356/srh-vs-kkr-60th-match-indian-premier-league-2025
2025-04-30 15:35:53,165 - INFO - Found scorecard link: https://www.cricbuzz.com/live-cricket-scorecard/115356/srh-vs-kkr-60th-match-indian-premier-league-2025
2025-04-30 15:35:53,166 - INFO - Processing scorecard for : https://www.cricbuzz.com/live-cricket-scores/115356/srh-vs-kkr-60th-match-indian-premier-league-2025
2025-04-30 15:35:53,166 - INFO - Scraping scorecard from: https://www.cricbuzz.com/live-cricket-scorecard/115356/srh-vs-kkr-60th-match-indian-premier-league-2025
2025-04-30 15:35:53,561 - INFO - Found 0 innings containers
2025-04-30 15:35:55,561 - INFO - Fetching scorecard link from: https://www.cricbuzz.com/live-cricket-scores/115365/pbks-vs-mi-61st-match-indian-premier-league-2025
2025-04-30 15:35:56,042 - INFO - Found scorecard link: https://www.cricbuzz.com/live-cricket-scorecard/115365/pbks-vs-mi-61st-match-indian-premier-league-2025
2025-04-30 15:35:56,042 - INFO - Processing scorecard for : https://www.cricbuzz.com/live-cricket-scores/115365/pbks-vs-mi-61st-match-indian-premier-league-2025
2025-04-30 15:35:56,042 - INFO - Scraping scorecard from: https://www.cricbuzz.com/live-cricket-scorecard/115365/pbks-vs-mi-61st-match-indian-premier-league-2025
2025-04-30 15:35:56,502 - INFO - Found 0 innings containers
2025-04-30 15:35:58,518 - INFO - Fetching scorecard link from: https://www.cricbuzz.com/live-cricket-scores/115372/dc-vs-gt-62nd-match-indian-premier-league-2025
2025-04-30 15:35:58,958 - INFO - Found scorecard link: https://www.cricbuzz.com/live-cricket-scorecard/115372/dc-vs-gt-62nd-match-indian-premier-league-2025
2025-04-30 15:35:58,959 - INFO - Processing scorecard for : https://www.cricbuzz.com/live-cricket-scores/115372/dc-vs-gt-62nd-match-indian-premier-league-2025
2025-04-30 15:35:58,959 - INFO - Scraping scorecard from: https://www.cricbuzz.com/live-cricket-scorecard/115372/dc-vs-gt-62nd-match-indian-premier-league-2025
2025-04-30 15:35:59,300 - INFO - Found 0 innings containers
2025-04-30 15:36:01,309 - INFO - Fetching scorecard link from: https://www.cricbuzz.com/live-cricket-scores/115381/csk-vs-rr-63rd-match-indian-premier-league-2025
2025-04-30 15:36:02,770 - INFO - Found scorecard link: https://www.cricbuzz.com/live-cricket-scorecard/115381/csk-vs-rr-63rd-match-indian-premier-league-2025
2025-04-30 15:36:02,770 - INFO - Processing scorecard for : https://www.cricbuzz.com/live-cricket-scores/115381/csk-vs-rr-63rd-match-indian-premier-league-2025
2025-04-30 15:36:02,770 - INFO - Scraping scorecard from: https://www.cricbuzz.com/live-cricket-scorecard/115381/csk-vs-rr-63rd-match-indian-premier-league-2025
2025-04-30 15:36:03,260 - INFO - Found 0 innings containers
2025-04-30 15:36:05,270 - INFO - Fetching scorecard link from: https://www.cricbuzz.com/live-cricket-scores/115390/rcb-vs-srh-64th-match-indian-premier-league-2025
2025-04-30 15:36:05,733 - INFO - Found scorecard link: https://www.cricbuzz.com/live-cricket-scorecard/115390/rcb-vs-srh-64th-match-indian-premier-league-2025
2025-04-30 15:36:05,733 - INFO - Processing scorecard for : https://www.cricbuzz.com/live-cricket-scores/115390/rcb-vs-srh-64th-match-indian-premier-league-2025
2025-04-30 15:36:05,733 - INFO - Scraping scorecard from: https://www.cricbuzz.com/live-cricket-scorecard/115390/rcb-vs-srh-64th-match-indian-premier-league-2025
2025-04-30 15:36:06,138 - INFO - Found 0 innings containers
2025-04-30 15:36:08,139 - INFO - Fetching scorecard link from: https://www.cricbuzz.com/live-cricket-scores/115392/gt-vs-lsg-65th-match-indian-premier-league-2025
2025-04-30 15:36:08,685 - INFO - Found scorecard link: https://www.cricbuzz.com/live-cricket-scorecard/115392/gt-vs-lsg-65th-match-indian-premier-league-2025
2025-04-30 15:36:08,685 - INFO - Processing scorecard for : https://www.cricbuzz.com/live-cricket-scores/115392/gt-vs-lsg-65th-match-indian-premier-league-2025
2025-04-30 15:36:08,685 - INFO - Scraping scorecard from: https://www.cricbuzz.com/live-cricket-scorecard/115392/gt-vs-lsg-65th-match-indian-premier-league-2025
2025-04-30 15:36:09,068 - INFO - Found 0 innings containers
2025-04-30 15:36:11,069 - INFO - Fetching scorecard link from: https://www.cricbuzz.com/live-cricket-scores/115401/mi-vs-dc-66th-match-indian-premier-league-2025
2025-04-30 15:36:11,471 - INFO - Found scorecard link: https://www.cricbuzz.com/live-cricket-scorecard/115401/mi-vs-dc-66th-match-indian-premier-league-2025
2025-04-30 15:36:11,471 - INFO - Processing scorecard for : https://www.cricbuzz.com/live-cricket-scores/115401/mi-vs-dc-66th-match-indian-premier-league-2025
2025-04-30 15:36:11,471 - INFO - Scraping scorecard from: https://www.cricbuzz.com/live-cricket-scorecard/115401/mi-vs-dc-66th-match-indian-premier-league-2025
2025-04-30 15:36:11,915 - INFO - Found 0 innings containers
2025-04-30 15:36:13,919 - INFO - Fetching scorecard link from: https://www.cricbuzz.com/live-cricket-scores/115410/rr-vs-pbks-67th-match-indian-premier-league-2025
2025-04-30 15:36:14,338 - INFO - Found scorecard link: https://www.cricbuzz.com/live-cricket-scorecard/115410/rr-vs-pbks-67th-match-indian-premier-league-2025
2025-04-30 15:36:14,338 - INFO - Processing scorecard for : https://www.cricbuzz.com/live-cricket-scores/115410/rr-vs-pbks-67th-match-indian-premier-league-2025
2025-04-30 15:36:14,338 - INFO - Scraping scorecard from: https://www.cricbuzz.com/live-cricket-scorecard/115410/rr-vs-pbks-67th-match-indian-premier-league-2025
2025-04-30 15:36:14,782 - INFO - Found 0 innings containers
2025-04-30 15:36:16,790 - INFO - Fetching scorecard link from: https://www.cricbuzz.com/live-cricket-scores/115417/rcb-vs-kkr-68th-match-indian-premier-league-2025
2025-04-30 15:36:17,255 - INFO - Found scorecard link: https://www.cricbuzz.com/live-cricket-scorecard/115417/rcb-vs-kkr-68th-match-indian-premier-league-2025
2025-04-30 15:36:17,256 - INFO - Processing scorecard for : https://www.cricbuzz.com/live-cricket-scores/115417/rcb-vs-kkr-68th-match-indian-premier-league-2025
2025-04-30 15:36:17,256 - INFO - Scraping scorecard from: https://www.cricbuzz.com/live-cricket-scorecard/115417/rcb-vs-kkr-68th-match-indian-premier-league-2025
2025-04-30 15:36:17,703 - INFO - Found 0 innings containers
2025-04-30 15:36:19,707 - INFO - Fetching scorecard link from: https://www.cricbuzz.com/live-cricket-scores/115426/gt-vs-csk-69th-match-indian-premier-league-2025
2025-04-30 15:36:20,210 - INFO - Found scorecard link: https://www.cricbuzz.com/live-cricket-scorecard/115426/gt-vs-csk-69th-match-indian-premier-league-2025
2025-04-30 15:36:20,210 - INFO - Processing scorecard for : https://www.cricbuzz.com/live-cricket-scores/115426/gt-vs-csk-69th-match-indian-premier-league-2025
2025-04-30 15:36:20,210 - INFO - Scraping scorecard from: https://www.cricbuzz.com/live-cricket-scorecard/115426/gt-vs-csk-69th-match-indian-premier-league-2025
2025-04-30 15:36:20,653 - INFO - Found 0 innings containers
2025-04-30 15:36:22,656 - INFO - Fetching scorecard link from: https://www.cricbuzz.com/live-cricket-scores/115435/lsg-vs-srh-70th-match-indian-premier-league-2025
2025-04-30 15:36:23,053 - INFO - Found scorecard link: https://www.cricbuzz.com/live-cricket-scorecard/115435/lsg-vs-srh-70th-match-indian-premier-league-2025
2025-04-30 15:36:23,053 - INFO - Processing scorecard for : https://www.cricbuzz.com/live-cricket-scores/115435/lsg-vs-srh-70th-match-indian-premier-league-2025
2025-04-30 15:36:23,053 - INFO - Scraping scorecard from: https://www.cricbuzz.com/live-cricket-scorecard/115435/lsg-vs-srh-70th-match-indian-premier-league-2025
2025-04-30 15:36:23,380 - INFO - Found 0 innings containers
